ACONF_1,-1,ACONF_B_T,1,ACONF_B_G,0.60
ACONF_2,-1,ACONF_P_TT,1,ACONF_P_TG,0.61
ACONF_3,-1,ACONF_P_TT,1,ACONF_P_GG,0.96
ACONF_4,-1,ACONF_P_TT,1,ACONF_P_GX,2.81
ACONF_5,-1,ACONF_H_ttt,1,ACONF_H_gtt,0.60
ACONF_6,-1,ACONF_H_ttt,1,ACONF_H_tgt,0.60
ACONF_7,-1,ACONF_H_ttt,1,ACONF_H_tgg,0.93
ACONF_8,-1,ACONF_H_ttt,1,ACONF_H_gtg,1.18
ACONF_9,-1,ACONF_H_ttt,1,ACONF_H_g+t+g-,1.30
ACONF_10,-1,ACONF_H_ttt,1,ACONF_H_ggg,1.25
ACONF_11,-1,ACONF_H_ttt,1,ACONF_H_g+x-t+,2.63
ACONF_12,-1,ACONF_H_ttt,1,ACONF_H_t+g+x-,2.74
ACONF_13,-1,ACONF_H_ttt,1,ACONF_H_g+x-g-,3.28
ACONF_14,-1,ACONF_H_ttt,1,ACONF_H_x+g-g-,3.08
ACONF_15,-1,ACONF_H_ttt,1,ACONF_H_x+g-x+,4.92
ADIM6_1,2,ADIM6_AM2,-1,ADIM6_AD2,1.34
ADIM6_2,2,ADIM6_AM3,-1,ADIM6_AD3,1.99
ADIM6_3,2,ADIM6_AM4,-1,ADIM6_AD4,2.89
ADIM6_4,2,ADIM6_AM5,-1,ADIM6_AD5,3.78
ADIM6_5,2,ADIM6_AM6,-1,ADIM6_AD6,4.60
ADIM6_6,2,ADIM6_AM7,-1,ADIM6_AD7,5.55
AHB21_1,1,AHB21_1,-1,AHB21_1A,-1,AHB21_1B,-17.79
AHB21_2,1,AHB21_2,-1,AHB21_2A,-1,AHB21_2B,-32.50
AHB21_3,1,AHB21_3,-1,AHB21_3A,-1,AHB21_3B,-65.68
AHB21_4,1,AHB21_4,-1,AHB21_4A,-1,AHB21_4B,-8.98
AHB21_5,1,AHB21_5,-1,AHB21_5A,-1,AHB21_5B,-15.61
AHB21_6,1,AHB21_6,-1,AHB21_6A,-1,AHB21_6B,-25.52
AHB21_7,1,AHB21_7,-1,AHB21_7A,-1,AHB21_7B,-14.35
AHB21_8,1,AHB21_8,-1,AHB21_8A,-1,AHB21_8B,-41.79
AHB21_9,1,AHB21_9,-1,AHB21_9A,-1,AHB21_9B,-17.03
AHB21_10,1,AHB21_10,-1,AHB21_10A,-1,AHB21_10B,-37.31
AHB21_11,1,AHB21_11,-1,AHB21_11A,-1,AHB21_11B,-7.97
AHB21_12,1,AHB21_12,-1,AHB21_12A,-1,AHB21_12B,-14.13
AHB21_13,1,AHB21_13,-1,AHB21_13A,-1,AHB21_13B,-26.01
AHB21_14,1,AHB21_14,-1,AHB21_14A,-1,AHB21_14B,-11.07
AHB21_15,1,AHB21_15,-1,AHB21_15A,-1,AHB21_15B,-8.62
AHB21_16,1,AHB21_16,-1,AHB21_16A,-1,AHB21_16B,-15.73
AHB21_17,1,AHB21_17,-1,AHB21_17A,-1,AHB21_17B,-26.24
AHB21_18,1,AHB21_18,-1,AHB21_18A,-1,AHB21_18B,-12.80
AHB21_19,1,AHB21_19,-1,AHB21_19A,-1,AHB21_19B,-20.65
AHB21_20,1,AHB21_20,-1,AHB21_20A,-1,AHB21_20B,-21.03
AHB21_21,1,AHB21_21,-1,AHB21_21A,-1,AHB21_21B,-31.40
AL2X6_1,-1,AL2X6_al2h6,2,AL2X6_alh3,38.50
AL2X6_2,-1,AL2X6_al2f6,2,AL2X6_alf3,51.60
AL2X6_3,-1,AL2X6_al2cl6,2,AL2X6_alcl3,32.50
AL2X6_4,-1,AL2X6_al2me4,2,AL2X6_alme2,38.40
AL2X6_5,-1,AL2X6_al2me5,1,AL2X6_alme2,1,AL2X6_alme3,31.20
AL2X6_6,-1,AL2X6_al2me6,2,AL2X6_alme3,23.10
ALK8_1,-1,ALK8_li8,4,ALK8_li2,86.47
ALK8_2,-1,ALK8_na8,4,ALK8_na2,53.15
ALK8_3,-1,ALK8_li4_me4,4,ALK8_li_me,131.13
ALK8_4,-1,ALK8_li3_me,1,ALK8_li_me,1,ALK8_li2,34.51
ALK8_5,-1,ALK8_li2_ch4,1,ALK8_li_me,1,ALK8_li_h,47.42
ALK8_6,-1,ALK8_li5_ch,1,ALK8_li4_c,1,ALK8_li_h,66.28
ALK8_7,-1,ALK8_li2_ch2n_2,2,ALK8_li_ch2n,56.55
ALK8_8,-1,ALK8_na+,-1,ALK8_li_na_h2,1,ALK8_li+,1,ALK8_na2_h2,25.30
ALKBDE10_1,-1,ALKBDE10_bef,1,ALKBDE10_be,1,ALKBDE10_f,138.70
ALKBDE10_2,-1,ALKBDE10_beo,1,ALKBDE10_be,1,ALKBDE10_o,106.60
ALKBDE10_3,-1,ALKBDE10_cao,1,ALKBDE10_ca,1,ALKBDE10_o,96.20
ALKBDE10_4,-1,ALKBDE10_hf,1,ALKBDE10_h,1,ALKBDE10_f,142.10
ALKBDE10_5,-1,ALKBDE10_kf,1,ALKBDE10_k,1,ALKBDE10_f,117.50
ALKBDE10_6,-1,ALKBDE10_lif,1,ALKBDE10_li,1,ALKBDE10_f,139.20
ALKBDE10_7,-1,ALKBDE10_lio,1,ALKBDE10_li,1,ALKBDE10_o,82.50
ALKBDE10_8,-1,ALKBDE10_mgo,1,ALKBDE10_mg,1,ALKBDE10_o,62.20
ALKBDE10_9,-1,ALKBDE10_mgs,1,ALKBDE10_mg,1,ALKBDE10_s,56.70
ALKBDE10_10,-1,ALKBDE10_nao,1,ALKBDE10_na,1,ALKBDE10_o,65.20
Amino20x4_1,-1,Amino20x4_ALA_xag,1,Amino20x4_ALA_xac,1.17
Amino20x4_2,-1,Amino20x4_ALA_xag,1,Amino20x4_ALA_xak,3.05
Amino20x4_3,-1,Amino20x4_ALA_xag,1,Amino20x4_ALA_xai,3.32
Amino20x4_4,-1,Amino20x4_ALA_xag,1,Amino20x4_ALA_xab,5.04
Amino20x4_5,-1,Amino20x4_ARG_xci,1,Amino20x4_ARG_xak,1.58
Amino20x4_6,-1,Amino20x4_ARG_xci,1,Amino20x4_ARG_xbv,2.53
Amino20x4_7,-1,Amino20x4_ARG_xci,1,Amino20x4_ARG_xbx,2.80
Amino20x4_8,-1,Amino20x4_ARG_xci,1,Amino20x4_ARG_xby,6.46
Amino20x4_9,-1,Amino20x4_ASN_xaf,1,Amino20x4_ASN_xaj,0.39
Amino20x4_10,-1,Amino20x4_ASN_xaf,1,Amino20x4_ASN_xae,4.11
Amino20x4_11,-1,Amino20x4_ASN_xaf,1,Amino20x4_ASN_xab,4.76
Amino20x4_12,-1,Amino20x4_ASN_xaf,1,Amino20x4_ASN_xah,6.53
Amino20x4_13,-1,Amino20x4_ASP_xaz,1,Amino20x4_ASP_xad,0.16
Amino20x4_14,-1,Amino20x4_ASP_xaz,1,Amino20x4_ASP_xay,1.97
Amino20x4_15,-1,Amino20x4_ASP_xaz,1,Amino20x4_ASP_xau,2.90
Amino20x4_16,-1,Amino20x4_ASP_xaz,1,Amino20x4_ASP_xbc,3.11
Amino20x4_17,-1,Amino20x4_CYS_xai,1,Amino20x4_CYS_xah,0.28
Amino20x4_18,-1,Amino20x4_CYS_xai,1,Amino20x4_CYS_xag,0.98
Amino20x4_19,-1,Amino20x4_CYS_xai,1,Amino20x4_CYS_xao,0.99
Amino20x4_20,-1,Amino20x4_CYS_xai,1,Amino20x4_CYS_xal,2.37
Amino20x4_21,-1,Amino20x4_GLN_xai,1,Amino20x4_GLN_xan,0.42
Amino20x4_22,-1,Amino20x4_GLN_xai,1,Amino20x4_GLN_xat,3.27
Amino20x4_23,-1,Amino20x4_GLN_xai,1,Amino20x4_GLN_xap,4.05
Amino20x4_24,-1,Amino20x4_GLN_xai,1,Amino20x4_GLN_xal,4.15
Amino20x4_25,-1,Amino20x4_GLU_xbi,1,Amino20x4_GLU_xav,1.34
Amino20x4_26,-1,Amino20x4_GLU_xbi,1,Amino20x4_GLU_xal,1.54
Amino20x4_27,-1,Amino20x4_GLU_xbi,1,Amino20x4_GLU_xar,2.94
Amino20x4_28,-1,Amino20x4_GLU_xbi,1,Amino20x4_GLU_xad,5.22
Amino20x4_29,-1,Amino20x4_GLY_xac,1,Amino20x4_GLY_xae,1.09
Amino20x4_30,-1,Amino20x4_GLY_xac,1,Amino20x4_GLY_xad,2.63
Amino20x4_31,-1,Amino20x4_GLY_xac,1,Amino20x4_GLY_xab,2.74
Amino20x4_32,-1,Amino20x4_GLY_xac,1,Amino20x4_GLY_xag,4.09
Amino20x4_33,-1,Amino20x4_HIS_xaq,1,Amino20x4_HIS_xam,2.77
Amino20x4_34,-1,Amino20x4_HIS_xaq,1,Amino20x4_HIS_xah,2.99
Amino20x4_35,-1,Amino20x4_HIS_xaq,1,Amino20x4_HIS_xau,7.32
Amino20x4_36,-1,Amino20x4_HIS_xaq,1,Amino20x4_HIS_xav,7.37
Amino20x4_37,-1,Amino20x4_ILE_xae,1,Amino20x4_ILE_xaj,0.19
Amino20x4_38,-1,Amino20x4_ILE_xae,1,Amino20x4_ILE_xaq,0.60
Amino20x4_39,-1,Amino20x4_ILE_xae,1,Amino20x4_ILE_xag,0.96
Amino20x4_40,-1,Amino20x4_ILE_xae,1,Amino20x4_ILE_xak,1.00
Amino20x4_41,-1,Amino20x4_LEU_xap,1,Amino20x4_LEU_xad,0.34
Amino20x4_42,-1,Amino20x4_LEU_xap,1,Amino20x4_LEU_xae,1.52
Amino20x4_43,-1,Amino20x4_LEU_xap,1,Amino20x4_LEU_xbb,1.69
Amino20x4_44,-1,Amino20x4_LEU_xap,1,Amino20x4_LEU_xaq,1.95
Amino20x4_45,-1,Amino20x4_LYS_xap,1,Amino20x4_LYS_xao,0.06
Amino20x4_46,-1,Amino20x4_LYS_xap,1,Amino20x4_LYS_xan,0.20
Amino20x4_47,-1,Amino20x4_LYS_xap,1,Amino20x4_LYS_xas,0.46
Amino20x4_48,-1,Amino20x4_LYS_xap,1,Amino20x4_LYS_xat,0.54
Amino20x4_49,-1,Amino20x4_MET_xbf,1,Amino20x4_MET_xag,1.81
Amino20x4_50,-1,Amino20x4_MET_xbf,1,Amino20x4_MET_xbm,2.46
Amino20x4_51,-1,Amino20x4_MET_xbf,1,Amino20x4_MET_xav,2.47
Amino20x4_52,-1,Amino20x4_MET_xbf,1,Amino20x4_MET_xbo,2.90
Amino20x4_53,-1,Amino20x4_PHE_xaw,1,Amino20x4_PHE_xab,0.87
Amino20x4_54,-1,Amino20x4_PHE_xaw,1,Amino20x4_PHE_xar,1.72
Amino20x4_55,-1,Amino20x4_PHE_xaw,1,Amino20x4_PHE_xan,1.84
Amino20x4_56,-1,Amino20x4_PHE_xaw,1,Amino20x4_PHE_xal,1.89
Amino20x4_57,-1,Amino20x4_PRO_xae,1,Amino20x4_PRO_xad,1.40
Amino20x4_58,-1,Amino20x4_PRO_xae,1,Amino20x4_PRO_xac,3.21
Amino20x4_59,-1,Amino20x4_PRO_xae,1,Amino20x4_PRO_xaf,4.19
Amino20x4_60,-1,Amino20x4_PRO_xae,1,Amino20x4_PRO_xab,6.01
Amino20x4_61,-1,Amino20x4_SER_xad,1,Amino20x4_SER_xah,3.03
Amino20x4_62,-1,Amino20x4_SER_xad,1,Amino20x4_SER_xaf,3.10
Amino20x4_63,-1,Amino20x4_SER_xad,1,Amino20x4_SER_xak,3.51
Amino20x4_64,-1,Amino20x4_SER_xad,1,Amino20x4_SER_xar,4.18
Amino20x4_65,-1,Amino20x4_THR_xaq,1,Amino20x4_THR_xab,1.34
Amino20x4_66,-1,Amino20x4_THR_xaq,1,Amino20x4_THR_xag,3.08
Amino20x4_67,-1,Amino20x4_THR_xaq,1,Amino20x4_THR_xah,3.51
Amino20x4_68,-1,Amino20x4_THR_xaq,1,Amino20x4_THR_xal,4.22
Amino20x4_69,-1,Amino20x4_TRP_xao,1,Amino20x4_TRP_xag,1.29
Amino20x4_70,-1,Amino20x4_TRP_xao,1,Amino20x4_TRP_xah,2.83
Amino20x4_71,-1,Amino20x4_TRP_xao,1,Amino20x4_TRP_xaf,3.24
Amino20x4_72,-1,Amino20x4_TRP_xao,1,Amino20x4_TRP_xac,4.06
Amino20x4_73,-1,Amino20x4_TYR_xag,1,Amino20x4_TYR_xar,0.09
Amino20x4_74,-1,Amino20x4_TYR_xag,1,Amino20x4_TYR_xab,0.90
Amino20x4_75,-1,Amino20x4_TYR_xag,1,Amino20x4_TYR_xah,1.71
Amino20x4_76,-1,Amino20x4_TYR_xag,1,Amino20x4_TYR_xan,1.77
Amino20x4_77,-1,Amino20x4_VAL_xad,1,Amino20x4_VAL_xaj,0.85
Amino20x4_78,-1,Amino20x4_VAL_xad,1,Amino20x4_VAL_xah,0.86
Amino20x4_79,-1,Amino20x4_VAL_xad,1,Amino20x4_VAL_xaf,1.36
Amino20x4_80,-1,Amino20x4_VAL_xad,1,Amino20x4_VAL_xak,1.48
BH76RC_1,-1,BH76_H,-1,BH76_n2o,1,BH76_OH,1,BH76_n2,-64.91
BH76RC_2,-1,BH76_H,-1,BH76_ch3f,1,BH76_HF,1,BH76_CH3,-26.32
BH76RC_3,-1,BH76_H,-1,BH76_f2,1,BH76_HF,1,BH76_F,-103.28
BH76RC_4,-1,BH76_CH3,-1,BH76_clf,1,BH76_ch3f,1,BH76_Cl,-52.64
BH76RC_5,-1,BH76_f-,-1,BH76_ch3cl,1,BH76_cl-,1,BH76_ch3f,-32.16
BH76RC_6,-1,BH76_fch3clcomp1,1,BH76_fch3clcomp2,-26.12
BH76RC_7,-1,BH76_oh-,-1,BH76_ch3f,1,BH76_CH3OH,1,BH76_f-,-20.32
BH76RC_8,-1,BH76_hoch3fcomp2,1,BH76_hoch3fcomp1,-36.71
BH76RC_9,-1,BH76_H,-1,BH76_n2,1,BH76_hn2,3.69
BH76RC_10,-1,BH76_H,-1,BH76_co,1,BH76_hco,-19.55
BH76RC_11,-1,BH76_H,-1,BH76_c2h4,1,BH76_C2H5,-40.02
BH76RC_12,-1,BH76_CH3,-1,BH76_c2h4,1,BH76_c3h7,-26.56
BH76RC_13,-1,BH76_hnc,1,BH76_hcn,-15.06
BH76RC_14,-1,BH76_H,-1,BH76_HCl,1,BH76_H2,1,BH76_Cl,-1.90
BH76RC_15,-1,BH76_OH,-1,BH76_H2,1,BH76_H2O,1,BH76_H,-16.39
BH76RC_16,-1,BH76_CH3,-1,BH76_H2,1,BH76_CH4,1,BH76_H,-3.11
BH76RC_17,-1,BH76_OH,-1,BH76_CH4,1,BH76_H2O,1,BH76_CH3,-13.28
BH76RC_18,-1,BH76_OH,-1,BH76_NH3,1,BH76_H2O,1,BH76_NH2,-10.32
BH76RC_19,-1,BH76_HCl,-1,BH76_CH3,1,BH76_Cl,1,BH76_CH4,-5.01
BH76RC_20,-1,BH76_OH,-1,BH76_C2H6,1,BH76_H2O,1,BH76_C2H5,-16.84
BH76RC_21,-1,BH76_F,-1,BH76_H2,1,BH76_HF,1,BH76_H,-32.22
BH76RC_22,-1,BH76_O,-1,BH76_CH4,1,BH76_OH,1,BH76_CH3,5.44
BH76RC_23,-1,BH76_H,-1,BH76_PH3,1,BH76_H2,1,BH76_PH2,-21.74
BH76RC_24,-1,BH76_H,-1,BH76_OH,1,BH76_H2,1,BH76_O,-2.32
BH76RC_25,-1,BH76_H,-1,BH76_H2S,1,BH76_H2,1,BH76_HS,-13.26
BH76RC_26,-1,BH76_O,-1,BH76_HCl,1,BH76_OH,1,BH76_Cl,0.42
BH76RC_27,-1,BH76_NH2,-1,BH76_CH3,1,BH76_NH,1,BH76_CH4,-13.12
BH76RC_28,-1,BH76_NH2,-1,BH76_C2H5,1,BH76_NH,1,BH76_C2H6,-9.56
BH76RC_29,-1,BH76_C2H6,-1,BH76_NH2,1,BH76_C2H5,1,BH76_NH3,-6.52
BH76RC_30,-1,BH76_NH2,-1,BH76_CH4,1,BH76_NH3,1,BH76_CH3,-2.96
BH76_1,-1,BH76_H,-1,BH76_n2o,1,BH76_n2ohts,17.70
BH76_2,-1,BH76_OH,-1,BH76_n2,1,BH76_n2ohts,82.60
BH76_3,-1,BH76_H,-1,BH76_HF,1,BH76_hfhts,42.10
BH76_4,-1,BH76_HF,-1,BH76_H,1,BH76_hfhts,42.10
BH76_5,-1,BH76_H,-1,BH76_HCl,1,BH76_hclhts,17.80
BH76_6,-1,BH76_HCl,-1,BH76_H,1,BH76_hclhts,17.80
BH76_7,-1,BH76_H,-1,BH76_ch3f,1,BH76_hfch3ts,30.50
BH76_8,-1,BH76_HF,-1,BH76_CH3,1,BH76_hfch3ts,56.90
BH76_9,-1,BH76_H,-1,BH76_f2,1,BH76_hf2ts,1.50
BH76_10,-1,BH76_HF,-1,BH76_F,1,BH76_hf2ts,104.80
BH76_11,-1,BH76_CH3,-1,BH76_clf,1,BH76_ch3fclts,7.10
BH76_12,-1,BH76_ch3f,-1,BH76_Cl,1,BH76_ch3fclts,59.80
BH76_13,-1,BH76_f-,-1,BH76_ch3f,1,BH76_fch3fts,-0.60
BH76_14,-1,BH76_ch3f,-1,BH76_f-,1,BH76_fch3fts,-0.60
BH76_15,-1,BH76_fch3fcomp,1,BH76_fch3fts,13.40
BH76_16,-1,BH76_fch3fcomp,1,BH76_fch3fts,13.40
BH76_17,-1,BH76_cl-,-1,BH76_ch3cl,1,BH76_clch3clts,2.50
BH76_18,-1,BH76_ch3cl,-1,BH76_cl-,1,BH76_clch3clts,2.50
BH76_19,-1,BH76_clch3clcomp,1,BH76_clch3clts,13.50
BH76_20,-1,BH76_clch3clcomp,1,BH76_clch3clts,13.50
BH76_21,-1,BH76_f-,-1,BH76_ch3cl,1,BH76_fch3clts,-12.30
BH76_22,-1,BH76_cl-,-1,BH76_ch3f,1,BH76_fch3clts,19.80
BH76_23,-1,BH76_fch3clcomp1,1,BH76_fch3clts,3.50
BH76_24,-1,BH76_fch3clcomp2,1,BH76_fch3clts,29.60
BH76_25,-1,BH76_oh-,-1,BH76_ch3f,1,BH76_hoch3fts,-2.70
BH76_26,-1,BH76_CH3OH,-1,BH76_f-,1,BH76_hoch3fts,17.60
BH76_27,-1,BH76_hoch3fcomp2,1,BH76_hoch3fts,11.00
BH76_28,-1,BH76_hoch3fcomp1,1,BH76_hoch3fts,47.70
BH76_29,-1,BH76_H,-1,BH76_n2,1,BH76_hn2ts,14.60
BH76_30,-1,BH76_hn2,1,BH76_hn2ts,10.90
BH76_31,-1,BH76_H,-1,BH76_co,1,BH76_hcots,3.20
BH76_32,-1,BH76_hco,1,BH76_hcots,22.80
BH76_33,-1,BH76_H,-1,BH76_c2h4,1,BH76_c2h5ts,2.00
BH76_34,-1,BH76_C2H5,1,BH76_c2h5ts,42.00
BH76_35,-1,BH76_CH3,-1,BH76_c2h4,1,BH76_c3h7ts,6.40
BH76_36,-1,BH76_c3h7,1,BH76_c3h7ts,33.00
BH76_37,-1,BH76_hcn,1,BH76_hcnts,48.10
BH76_38,-1,BH76_hnc,1,BH76_hcnts,33.00
BH76_39,-1,BH76_H,-1,BH76_HCl,1,BH76_RKT01,6.10
BH76_40,-1,BH76_H2,-1,BH76_Cl,1,BH76_RKT01,8.00
BH76_41,-1,BH76_OH,-1,BH76_H2,1,BH76_RKT02,5.20
BH76_42,-1,BH76_H2O,-1,BH76_H,1,BH76_RKT02,21.60
BH76_43,-1,BH76_CH3,-1,BH76_H2,1,BH76_RKT03,11.90
BH76_44,-1,BH76_CH4,-1,BH76_H,1,BH76_RKT03,15.00
BH76_45,-1,BH76_OH,-1,BH76_CH4,1,BH76_RKT04,6.30
BH76_46,-1,BH76_H2O,-1,BH76_CH3,1,BH76_RKT04,19.50
BH76_47,-1,BH76_H,-1,BH76_H2,1,BH76_RKT06,9.70
BH76_48,-1,BH76_H,-1,BH76_H2,1,BH76_RKT06,9.70
BH76_49,-1,BH76_OH,-1,BH76_NH3,1,BH76_RKT07,3.40
BH76_50,-1,BH76_H2O,-1,BH76_NH2,1,BH76_RKT07,13.70
BH76_51,-1,BH76_HCl,-1,BH76_CH3,1,BH76_RKT08,1.80
BH76_52,-1,BH76_Cl,-1,BH76_CH4,1,BH76_RKT08,6.80
BH76_53,-1,BH76_OH,-1,BH76_C2H6,1,BH76_RKT09,3.50
BH76_54,-1,BH76_H2O,-1,BH76_C2H5,1,BH76_RKT09,20.40
BH76_55,-1,BH76_F,-1,BH76_H2,1,BH76_RKT10,1.60
BH76_56,-1,BH76_HF,-1,BH76_H,1,BH76_RKT10,33.80
BH76_57,-1,BH76_O,-1,BH76_CH4,1,BH76_RKT11,14.40
BH76_58,-1,BH76_OH,-1,BH76_CH3,1,BH76_RKT11,8.90
BH76_59,-1,BH76_H,-1,BH76_PH3,1,BH76_RKT12,2.90
BH76_60,-1,BH76_H2,-1,BH76_PH2,1,BH76_RKT12,24.70
BH76_61,-1,BH76_H,-1,BH76_OH,1,BH76_RKT14,10.90
BH76_62,-1,BH76_H2,-1,BH76_O,1,BH76_RKT14,13.20
BH76_63,-1,BH76_H,-1,BH76_H2S,1,BH76_RKT16,3.90
BH76_64,-1,BH76_H2,-1,BH76_HS,1,BH76_RKT16,17.20
BH76_65,-1,BH76_O,-1,BH76_HCl,1,BH76_RKT17,10.40
BH76_66,-1,BH76_OH,-1,BH76_Cl,1,BH76_RKT17,9.90
BH76_67,-1,BH76_NH2,-1,BH76_CH3,1,BH76_RKT18,8.90
BH76_68,-1,BH76_NH,-1,BH76_CH4,1,BH76_RKT18,22.00
BH76_69,-1,BH76_NH2,-1,BH76_C2H5,1,BH76_RKT19,9.80
BH76_70,-1,BH76_NH,-1,BH76_C2H6,1,BH76_RKT19,19.40
BH76_71,-1,BH76_C2H6,-1,BH76_NH2,1,BH76_RKT20,11.30
BH76_72,-1,BH76_C2H5,-1,BH76_NH3,1,BH76_RKT20,17.80
BH76_73,-1,BH76_NH2,-1,BH76_CH4,1,BH76_RKT21,13.90
BH76_74,-1,BH76_NH3,-1,BH76_CH3,1,BH76_RKT21,16.90
BH76_75,-1,BH76_C5H8,1,BH76_RKT22,39.70
BH76_76,-1,BH76_C5H8,1,BH76_RKT22,39.70
BHDIV10_1,-1,BHDIV10_ed1,1,BHDIV10_ts1,25.65
BHDIV10_2,-1,BHDIV10_ed2,1,BHDIV10_ts2,56.90
BHDIV10_3,-1,BHDIV10_ed3,1,BHDIV10_ts3,36.53
BHDIV10_4,-1,BHDIV10_ed4,1,BHDIV10_ts4,96.17
BHDIV10_5,-1,BHDIV10_ed5,1,BHDIV10_ts5,15.94
BHDIV10_6,-1,BHDIV10_ed6,1,BHDIV10_ts6,13.64
BHDIV10_7,-1,BHDIV10_ed7,1,BHDIV10_ts7,27.49
BHDIV10_8,-1,BHDIV10_ed8,1,BHDIV10_ts8,50.24
BHDIV10_9,-1,BHDIV10_ed9,1,BHDIV10_ts9,65.84
BHDIV10_10,-1,BHDIV10_ed10,1,BHDIV10_ts10,64.93
BHPERI_1,-1,BHPERI_Cyclobutene,1,BHPERI_TS1,35.30
BHPERI_2,-1,BHPERI_cis-1-3-5-Hexatriene,1,BHPERI_TS2,30.80
BHPERI_3,-1,BHPERI_ortho-xylylene,1,BHPERI_TS3,28.10
BHPERI_4,-1,BHPERI_1-3-Pentadiene,1,BHPERI_TS4,39.70
BHPERI_5,-1,BHPERI_1-3-Cyclopentadiene,1,BHPERI_TS5,28.30
BHPERI_6,-1,BHPERI_1-5-Hexadiene,1,BHPERI_TS6,35.80
BHPERI_7,-1,BHPERI_1-3-Butadiene,-1,BHPERI_Ethylene,1,BHPERI_TS7,22.30
BHPERI_8,-1,BHPERI_1-3-Cyclopentadiene,-1,BHPERI_Ethylene,1,BHPERI_TS8,18.00
BHPERI_9,-2,BHPERI_1-3-Cyclopentadiene,1,BHPERI_TS11,14.50
BHPERI_10,-1,BHPERI_Cis-triscyclopropacyclohexane,1,BHPERI_TS9,26.40
BHPERI_11,-1,BHPERI_13r_1,-1,BHPERI_13_c2h4,1,BHPERI_13ts_1a,27.60
BHPERI_12,-1,BHPERI_13r_2,-1,BHPERI_13_c2h4,1,BHPERI_13ts_2a,20.00
BHPERI_13,-1,BHPERI_13r_3,-1,BHPERI_13_c2h4,1,BHPERI_13ts_3a,13.80
BHPERI_14,-1,BHPERI_13r_4,-1,BHPERI_13_c2h4,1,BHPERI_13ts_4a,11.80
BHPERI_15,-1,BHPERI_13r_5,-1,BHPERI_13_c2h4,1,BHPERI_13ts_5a,6.50
BHPERI_16,-1,BHPERI_13r_6,-1,BHPERI_13_c2h4,1,BHPERI_13ts_6a,4.70
BHPERI_17,-1,BHPERI_13r_7,-1,BHPERI_13_c2h4,1,BHPERI_13ts_7a,13.10
BHPERI_18,-1,BHPERI_13r_8,-1,BHPERI_13_c2h4,1,BHPERI_13ts_8a,5.90
BHPERI_19,-1,BHPERI_13r_9,-1,BHPERI_13_c2h4,1,BHPERI_13ts_9a,0.50
BHPERI_20,-1,BHPERI_02r,-1,BHPERI_00r,1,BHPERI_02ts,18.10
BHPERI_21,-1,BHPERI_03r,-1,BHPERI_00r,1,BHPERI_03ts,16.60
BHPERI_22,-1,BHPERI_04r,-1,BHPERI_00r,1,BHPERI_04ts,22.90
BHPERI_23,-1,BHPERI_05r,-1,BHPERI_00r,1,BHPERI_06ts,27.80
BHPERI_24,-1,BHPERI_07r,-1,BHPERI_00r,1,BHPERI_07ts,21.30
BHPERI_25,-1,BHPERI_07r,-1,BHPERI_00r,1,BHPERI_08ts,21.60
BHPERI_26,-1,BHPERI_09r,-1,BHPERI_00r,1,BHPERI_09ts,31.30
BHROT27_1,-1,BHROT27_ethane_st,1,BHROT27_ethane_ecl,2.73
BHROT27_2,-1,BHROT27_tmethane_60,1,BHROT27_tmethane_0,7.01
BHROT27_3,-1,BHROT27_tmethane_60,1,BHROT27_tmethane_120,3.46
BHROT27_4,-1,BHROT27_tmethane_180,1,BHROT27_tmethane_120,3.72
BHROT27_5,-1,BHROT27_methanol_st,1,BHROT27_methanol_ecl,1.01
BHROT27_6,-1,BHROT27_methylamine_st,1,BHROT27_methylamine_ecl,2.28
BHROT27_7,-1,BHROT27_h2o2,1,BHROT27_h2o2_trans,1.01
BHROT27_8,-1,BHROT27_h2o2,1,BHROT27_h2o2_cis,7.17
BHROT27_9,-1,BHROT27_h2s2,1,BHROT27_h2s2_trans,5.79
BHROT27_10,-1,BHROT27_h2s2,1,BHROT27_h2s2_cis,8.03
BHROT27_11,-1,BHROT27_n2h4_st1,1,BHROT27_n2h4_ecl1,1.62
BHROT27_12,-1,BHROT27_n2h4_st1,1,BHROT27_n2h4_ecl2,8.41
BHROT27_13,-1,BHROT27_nh2oh_st1,1,BHROT27_nh2oh_ecl,6.91
BHROT27_14,-1,BHROT27_nh2oh_st2,1,BHROT27_nh2oh_ecl,2.68
BHROT27_15,-1,BHROT27_acetamide_RC,1,BHROT27_acetamide_TS1,17.24
BHROT27_16,-1,BHROT27_acetamide_RC,1,BHROT27_acetamide_TS2,14.52
BHROT27_17,-1,BHROT27_biphenyl,1,BHROT27_biphenyl_TS,2.10
BHROT27_18,-1,BHROT27_bifuran_anti,1,BHROT27_bifuran_TS,3.89
BHROT27_19,-1,BHROT27_bifuran_syn,1,BHROT27_bifuran_TS,2.09
BHROT27_20,-1,BHROT27_bithiophene_anti,1,BHROT27_bithiophene_TS,1.78
BHROT27_21,-1,BHROT27_bithiophene_syn,1,BHROT27_bithiophene_TS,1.39
BHROT27_22,-1,BHROT27_butadiene_strans,1,BHROT27_butadiene_TS,6.30
BHROT27_23,-1,BHROT27_butadiene_scis,1,BHROT27_butadiene_TS,3.35
BHROT27_24,-1,BHROT27_ethylthiourea_180,1,BHROT27_ethylthiourea_TS1,10.36
BHROT27_25,-1,BHROT27_ethylthiourea_0,1,BHROT27_ethylthiourea_TS1,10.24
BHROT27_26,-1,BHROT27_ethylthiourea_180,1,BHROT27_ethylthiourea_TS2,17.20
BHROT27_27,-1,BHROT27_ethylthiourea_0,1,BHROT27_ethylthiourea_TS2,17.08
BSR36_1,5,BSR36_c2h6,-1,BSR36_h1,-4,BSR36_ch4,9.54
BSR36_2,5,BSR36_c2h6,-1,BSR36_h2,-4,BSR36_ch4,9.50
BSR36_3,5,BSR36_c2h6,-1,BSR36_h3,-4,BSR36_ch4,11.09
BSR36_4,5,BSR36_c2h6,-1,BSR36_h4,-4,BSR36_ch4,8.85
BSR36_5,5,BSR36_c2h6,-1,BSR36_h5,-4,BSR36_ch4,8.64
BSR36_6,6,BSR36_c2h6,-1,BSR36_h6,-5,BSR36_ch4,10.81
BSR36_7,6,BSR36_c2h6,-1,BSR36_h7,-5,BSR36_ch4,12.74
BSR36_8,6,BSR36_c2h6,-1,BSR36_h8,-5,BSR36_ch4,11.70
BSR36_9,6,BSR36_c2h6,-1,BSR36_h9,-5,BSR36_ch4,13.20
BSR36_10,6,BSR36_c2h6,-1,BSR36_h10,-5,BSR36_ch4,11.07
BSR36_11,6,BSR36_c2h6,-1,BSR36_h11,-5,BSR36_ch4,12.49
BSR36_12,6,BSR36_c2h6,-1,BSR36_h12,-5,BSR36_ch4,12.35
BSR36_13,6,BSR36_c2h6,-1,BSR36_h13,-5,BSR36_ch4,10.99
BSR36_14,6,BSR36_c2h6,-1,BSR36_h14,-5,BSR36_ch4,9.83
BSR36_15,7,BSR36_c2h6,-1,BSR36_h15,-6,BSR36_ch4,14.27
BSR36_16,5,BSR36_c2h6,-1,BSR36_r1,-5,BSR36_ch4,2.24
BSR36_17,6,BSR36_c2h6,-1,BSR36_r2,-6,BSR36_ch4,10.56
BSR36_18,6,BSR36_c2h6,-1,BSR36_r3,-6,BSR36_ch4,6.11
BSR36_19,7,BSR36_c2h6,-1,BSR36_r4,-7,BSR36_ch4,14.67
BSR36_20,7,BSR36_c2h6,-1,BSR36_r5,-7,BSR36_ch4,10.21
BSR36_21,7,BSR36_c2h6,-1,BSR36_r6,-7,BSR36_ch4,9.78
BSR36_22,7,BSR36_c2h6,-1,BSR36_r7,-7,BSR36_ch4,8.72
BSR36_23,7,BSR36_c2h6,-1,BSR36_r8,-7,BSR36_ch4,10.10
BSR36_24,7,BSR36_c2h6,-1,BSR36_r9,-7,BSR36_ch4,9.47
BSR36_25,11,BSR36_c2h6,-1,BSR36_r10,-12,BSR36_ch4,18.55
BSR36_26,11,BSR36_c2h6,-1,BSR36_r11,-12,BSR36_ch4,8.93
BSR36_27,11,BSR36_c2h6,-1,BSR36_r12,-12,BSR36_ch4,14.56
BSR36_28,11,BSR36_c2h6,-1,BSR36_r13,-12,BSR36_ch4,25.52
BSR36_29,11,BSR36_c2h6,-1,BSR36_r14,-12,BSR36_ch4,22.86
BSR36_30,13,BSR36_c2h6,-1,BSR36_r15,-14,BSR36_ch4,27.25
BSR36_31,12,BSR36_c2h6,-1,BSR36_r16,-12,BSR36_ch4,24.96
BSR36_32,12,BSR36_c2h6,-1,BSR36_c1,-14,BSR36_ch4,26.82
BSR36_33,14,BSR36_c2h6,-1,BSR36_c2,-16,BSR36_ch4,38.34
BSR36_34,14,BSR36_c2h6,-1,BSR36_c3,-16,BSR36_ch4,31.09
BSR36_35,16,BSR36_c2h6,-1,BSR36_c4,-18,BSR36_ch4,49.82
BSR36_36,18,BSR36_c2h6,-1,BSR36_c5,-22,BSR36_ch4,45.46
BUT14DIOL_1,-1,BUT14DIOL_B1,1,BUT14DIOL_B2,0.15
BUT14DIOL_2,-1,BUT14DIOL_B1,1,BUT14DIOL_B3,0.30
BUT14DIOL_3,-1,BUT14DIOL_B1,1,BUT14DIOL_B4,1.31
BUT14DIOL_4,-1,BUT14DIOL_B1,1,BUT14DIOL_B5,1.44
BUT14DIOL_5,-1,BUT14DIOL_B1,1,BUT14DIOL_B6,1.72
BUT14DIOL_6,-1,BUT14DIOL_B1,1,BUT14DIOL_B7,2.07
BUT14DIOL_7,-1,BUT14DIOL_B1,1,BUT14DIOL_B8,1.77
BUT14DIOL_8,-1,BUT14DIOL_B1,1,BUT14DIOL_B9,2.25
BUT14DIOL_9,-1,BUT14DIOL_B1,1,BUT14DIOL_B10,2.03
BUT14DIOL_10,-1,BUT14DIOL_B1,1,BUT14DIOL_B11,2.10
BUT14DIOL_11,-1,BUT14DIOL_B1,1,BUT14DIOL_B12,2.00
BUT14DIOL_12,-1,BUT14DIOL_B1,1,BUT14DIOL_B13,2.15
BUT14DIOL_13,-1,BUT14DIOL_B1,1,BUT14DIOL_B14,2.22
BUT14DIOL_14,-1,BUT14DIOL_B1,1,BUT14DIOL_B15,2.42
BUT14DIOL_15,-1,BUT14DIOL_B1,1,BUT14DIOL_B16,2.23
BUT14DIOL_16,-1,BUT14DIOL_B1,1,BUT14DIOL_B17,2.25
BUT14DIOL_17,-1,BUT14DIOL_B1,1,BUT14DIOL_B18,2.58
BUT14DIOL_18,-1,BUT14DIOL_B1,1,BUT14DIOL_B19,2.59
BUT14DIOL_19,-1,BUT14DIOL_B1,1,BUT14DIOL_B20,2.63
BUT14DIOL_20,-1,BUT14DIOL_B1,1,BUT14DIOL_B21,2.48
BUT14DIOL_21,-1,BUT14DIOL_B1,1,BUT14DIOL_B22,2.74
BUT14DIOL_22,-1,BUT14DIOL_B1,1,BUT14DIOL_B23,2.55
BUT14DIOL_23,-1,BUT14DIOL_B1,1,BUT14DIOL_B24,2.53
BUT14DIOL_24,-1,BUT14DIOL_B1,1,BUT14DIOL_B25,2.72
BUT14DIOL_25,-1,BUT14DIOL_B1,1,BUT14DIOL_B26,2.69
BUT14DIOL_26,-1,BUT14DIOL_B1,1,BUT14DIOL_B27,2.49
BUT14DIOL_27,-1,BUT14DIOL_B1,1,BUT14DIOL_B28,2.72
BUT14DIOL_28,-1,BUT14DIOL_B1,1,BUT14DIOL_B29,2.83
BUT14DIOL_29,-1,BUT14DIOL_B1,1,BUT14DIOL_B30,2.85
BUT14DIOL_30,-1,BUT14DIOL_B1,1,BUT14DIOL_B31,2.85
BUT14DIOL_31,-1,BUT14DIOL_B1,1,BUT14DIOL_B32,2.52
BUT14DIOL_32,-1,BUT14DIOL_B1,1,BUT14DIOL_B33,2.63
BUT14DIOL_33,-1,BUT14DIOL_B1,1,BUT14DIOL_B34,3.10
BUT14DIOL_34,-1,BUT14DIOL_B1,1,BUT14DIOL_B35,2.72
BUT14DIOL_35,-1,BUT14DIOL_B1,1,BUT14DIOL_B36,2.83
BUT14DIOL_36,-1,BUT14DIOL_B1,1,BUT14DIOL_B37,2.79
BUT14DIOL_37,-1,BUT14DIOL_B1,1,BUT14DIOL_B38,2.79
BUT14DIOL_38,-1,BUT14DIOL_B1,1,BUT14DIOL_B39,3.06
BUT14DIOL_39,-1,BUT14DIOL_B1,1,BUT14DIOL_B40,3.10
BUT14DIOL_40,-1,BUT14DIOL_B1,1,BUT14DIOL_B41,3.30
BUT14DIOL_41,-1,BUT14DIOL_B1,1,BUT14DIOL_B42,3.15
BUT14DIOL_42,-1,BUT14DIOL_B1,1,BUT14DIOL_B43,3.29
BUT14DIOL_43,-1,BUT14DIOL_B1,1,BUT14DIOL_B44,3.59
BUT14DIOL_44,-1,BUT14DIOL_B1,1,BUT14DIOL_B45,3.18
BUT14DIOL_45,-1,BUT14DIOL_B1,1,BUT14DIOL_B46,3.18
BUT14DIOL_46,-1,BUT14DIOL_B1,1,BUT14DIOL_B47,3.37
BUT14DIOL_47,-1,BUT14DIOL_B1,1,BUT14DIOL_B48,3.45
BUT14DIOL_48,-1,BUT14DIOL_B1,1,BUT14DIOL_B49,3.33
BUT14DIOL_49,-1,BUT14DIOL_B1,1,BUT14DIOL_B50,3.33
BUT14DIOL_50,-1,BUT14DIOL_B1,1,BUT14DIOL_B51,3.37
BUT14DIOL_51,-1,BUT14DIOL_B1,1,BUT14DIOL_B52,3.61
BUT14DIOL_52,-1,BUT14DIOL_B1,1,BUT14DIOL_B53,3.42
BUT14DIOL_53,-1,BUT14DIOL_B1,1,BUT14DIOL_B54,3.15
BUT14DIOL_54,-1,BUT14DIOL_B1,1,BUT14DIOL_B55,3.31
BUT14DIOL_55,-1,BUT14DIOL_B1,1,BUT14DIOL_B56,3.45
BUT14DIOL_56,-1,BUT14DIOL_B1,1,BUT14DIOL_B57,3.32
BUT14DIOL_57,-1,BUT14DIOL_B1,1,BUT14DIOL_B58,3.57
BUT14DIOL_58,-1,BUT14DIOL_B1,1,BUT14DIOL_B59,3.52
BUT14DIOL_59,-1,BUT14DIOL_B1,1,BUT14DIOL_B60,3.50
BUT14DIOL_60,-1,BUT14DIOL_B1,1,BUT14DIOL_B61,3.65
BUT14DIOL_61,-1,BUT14DIOL_B1,1,BUT14DIOL_B62,3.78
BUT14DIOL_62,-1,BUT14DIOL_B1,1,BUT14DIOL_B63,4.15
BUT14DIOL_63,-1,BUT14DIOL_B1,1,BUT14DIOL_B64,4.31
BUT14DIOL_64,-1,BUT14DIOL_B1,1,BUT14DIOL_B65,4.70
C60ISO_1,-1,C60ISO_1,1,C60ISO_2,37.40
C60ISO_2,-1,C60ISO_1,1,C60ISO_3,56.87
C60ISO_3,-1,C60ISO_1,1,C60ISO_4,56.89
C60ISO_4,-1,C60ISO_1,1,C60ISO_5,69.89
C60ISO_5,-1,C60ISO_1,1,C60ISO_6,100.48
C60ISO_6,-1,C60ISO_1,1,C60ISO_7,111.72
C60ISO_7,-1,C60ISO_1,1,C60ISO_8,142.18
C60ISO_8,-1,C60ISO_1,1,C60ISO_9,143.96
C60ISO_9,-1,C60ISO_1,1,C60ISO_10,164.88
CARBHB12_1,-1,CARBHB12_1O,1,CARBHB12_1O_A,1,CARBHB12_1O_B,5.37
CARBHB12_2,-1,CARBHB12_2O,1,CARBHB12_2O_A,1,CARBHB12_2O_B,6.05
CARBHB12_3,-1,CARBHB12_3O,1,CARBHB12_3O_A,1,CARBHB12_3O_B,2.42
CARBHB12_4,-1,CARBHB12_4O,1,CARBHB12_4O_A,1,CARBHB12_4O_B,9.97
CARBHB12_5,-1,CARBHB12_1N,1,CARBHB12_1N_A,1,CARBHB12_1N_B,2.36
CARBHB12_6,-1,CARBHB12_2N,1,CARBHB12_2N_A,1,CARBHB12_2N_B,3.02
CARBHB12_7,-1,CARBHB12_3N,1,CARBHB12_3N_A,1,CARBHB12_3N_B,1.20
CARBHB12_8,-1,CARBHB12_4N,1,CARBHB12_4N_A,1,CARBHB12_4N_B,4.18
CARBHB12_9,-1,CARBHB12_1CL,1,CARBHB12_1CL_A,1,CARBHB12_1CL_B,7.84
CARBHB12_10,-1,CARBHB12_2CL,1,CARBHB12_2CL_A,1,CARBHB12_2CL_B,10.48
CARBHB12_11,-1,CARBHB12_3CL,1,CARBHB12_3CL_A,1,CARBHB12_3CL_B,3.24
CARBHB12_12,-1,CARBHB12_4CL,1,CARBHB12_4CL_A,1,CARBHB12_4CL_B,16.30
CDIE20_1,-1,CDIE20_R20,1,CDIE20_P20,-3.30
CDIE20_2,-1,CDIE20_R21,1,CDIE20_P20,4.40
CDIE20_3,-1,CDIE20_R22,1,CDIE20_P22,-5.90
CDIE20_4,-1,CDIE20_R25,1,CDIE20_P25,-4.80
CDIE20_5,-1,CDIE20_R26,1,CDIE20_P26,-2.50
CDIE20_6,-1,CDIE20_R28,1,CDIE20_P26,4.00
CDIE20_7,-1,CDIE20_R29,1,CDIE20_P25,4.50
CDIE20_8,-1,CDIE20_R40,1,CDIE20_P40,1.70
CDIE20_9,-1,CDIE20_R43,1,CDIE20_P43,2.90
CDIE20_10,-1,CDIE20_R44,1,CDIE20_P44,3.70
CDIE20_11,-1,CDIE20_R45,1,CDIE20_P45,1.20
CDIE20_12,-1,CDIE20_R46,1,CDIE20_P46,3.70
CDIE20_13,-1,CDIE20_R47,1,CDIE20_P47,3.80
CDIE20_14,-1,CDIE20_R48,1,CDIE20_P48,4.40
CDIE20_15,-1,CDIE20_R49,1,CDIE20_P49,4.20
CDIE20_16,-1,CDIE20_R51,1,CDIE20_P51,1.60
CDIE20_17,-1,CDIE20_R52,1,CDIE20_P52,4.20
CDIE20_18,-1,CDIE20_R56,1,CDIE20_P56,5.90
CDIE20_19,-1,CDIE20_R57,1,CDIE20_P51,5.80
CDIE20_20,-1,CDIE20_R60,1,CDIE20_P60,8.60
CHB6_1,1,CHB6_22,-1,CHB6_22A,-1,CHB6_22B,-34.43
CHB6_2,1,CHB6_23,-1,CHB6_23A,-1,CHB6_23B,-23.83
CHB6_3,1,CHB6_24,-1,CHB6_24A,-1,CHB6_24B,-17.83
CHB6_4,1,CHB6_25,-1,CHB6_25A,-1,CHB6_25B,-39.09
CHB6_5,1,CHB6_26,-1,CHB6_26A,-1,CHB6_26B,-25.63
CHB6_6,1,CHB6_27,-1,CHB6_27A,-1,CHB6_27B,-19.90
DARC_1,-1,DARC_ethene,-1,DARC_butadiene,1,DARC_P1,-45.40
DARC_2,-1,DARC_ethine,-1,DARC_butadiene,1,DARC_P2,-60.80
DARC_3,-1,DARC_ethene,-1,DARC_cpdiene,1,DARC_P3,-29.90
DARC_4,-1,DARC_ethine,-1,DARC_cpdiene,1,DARC_P4,-33.60
DARC_5,-1,DARC_ethene,-1,DARC_chdiene,1,DARC_P5,-37.60
DARC_6,-1,DARC_ethine,-1,DARC_chdiene,1,DARC_P6,-49.00
DARC_7,-1,DARC_furane,-1,DARC_malein,1,DARC_P7,-14.00
DARC_8,-1,DARC_furane,-1,DARC_malein,1,DARC_P7X,-15.90
DARC_9,-1,DARC_furane,-1,DARC_maleinNH,1,DARC_P8,-16.80
DARC_10,-1,DARC_furane,-1,DARC_maleinNH,1,DARC_P8X,-18.90
DARC_11,-1,DARC_cpdiene,-1,DARC_malein,1,DARC_P9,-31.70
DARC_12,-1,DARC_cpdiene,-1,DARC_malein,1,DARC_P9X,-32.20
DARC_13,-1,DARC_cpdiene,-1,DARC_maleinNH,1,DARC_P10,-34.20
DARC_14,-1,DARC_cpdiene,-1,DARC_maleinNH,1,DARC_P10X,-34.60
DC13_1,1,DC13_ISO_E36,-1,DC13_ISO_P36,-1.00
DC13_2,-1,DC13_c20cage,1,DC13_c20bowl,-7.70
DC13_3,1,DC13_heptatriyne,-1,DC13_heptahexaene,-15.20
DC13_4,-2,DC13_tmethen,1,DC13_omcb,-18.80
DC13_5,1,DC13_ISO_E35,-1,DC13_ISO_P35,-22.90
DC13_6,-1,DC13_carbooxo2,1,DC13_carbooxo1,-25.70
DC13_7,-1,DC13_ethen,-1,DC13_ch2n2,1,DC13_13dip,-38.90
DC13_8,1,DC13_be4,-4,DC13_be,-92.00
DC13_9,-4,DC13_s2,1,DC13_s8,-106.00
DC13_10,-1,DC13_ISO_C8H8_1,1,DC13_ISO_C8H8_41,109.92
DC13_11,-1,DC13_o3,-1,DC13_c2h2,1,DC13_o3_c2h2_add,-65.30
DC13_12,-1,DC13_o3,-1,DC13_c2h4,1,DC13_o3_c2h4_add,-58.70
DC13_13,-1,DC13_C6Cl6,-6,DC13_HCL,1,DC13_C6H6,6,DC13_CL2,152.60
DIPCS10_1,-1,DIPCS10_c4h4,1,DIPCS10_c4h4_2+,529.20
DIPCS10_2,-1,DIPCS10_c2h6,1,DIPCS10_c2h6_2+,667.10
DIPCS10_3,-1,DIPCS10_c2h4,1,DIPCS10_c2h4_2+,655.80
DIPCS10_4,-1,DIPCS10_n2h2,1,DIPCS10_n2h2_2+,626.90
DIPCS10_5,-1,DIPCS10_nh3,1,DIPCS10_nh3_2+,776.50
DIPCS10_6,-1,DIPCS10_ch2o,1,DIPCS10_ch2o_2+,747.60
DIPCS10_7,-1,DIPCS10_h2s,1,DIPCS10_h2s_2+,733.00
DIPCS10_8,-1,DIPCS10_ph3,1,DIPCS10_ph3_2+,649.60
DIPCS10_9,-1,DIPCS10_mg,1,DIPCS10_mg_2+,522.10
DIPCS10_10,-1,DIPCS10_be,1,DIPCS10_be_2+,634.80
FH51_1,-1,FH51_C6H12O,-2,FH51_H2O2,1,FH51_ethyl-g-butyrolactone,3,FH51_H2O,-150.81
FH51_2,-1,FH51_C4H9NH2,-3,FH51_H2O2,1,FH51_C4H9NO2,4,FH51_H2O,-144.38
FH51_3,-1,FH51_C4H9CHO,-1,FH51_H2O2,1,FH51_C4H9CO2H,1,FH51_H2O,-89.35
FH51_4,-1,FH51_C4H9SO2H,-1,FH51_H2O2,1,FH51_C4H9SO3H,1,FH51_H2O,-82.55
FH51_5,-1,FH51_trans-2-pentene,-1,FH51_H2O2,1,FH51_pentanediol,-78.51
FH51_6,-1,FH51_toluene,-3,FH51_H2,1,FH51_methylcyclohexane,-66.96
FH51_7,-1,FH51_pentanol,-1,FH51_H2O2,1,FH51_C4H9CHO,2,FH51_H2O,-63.89
FH51_8,-1,FH51_C2H5O_2,1,FH51_C2H4OH_2,-58.53
FH51_9,-1,FH51_3-hexene,-1,FH51_H2O2,1,FH51_diethyloxirane,1,FH51_H2O,-56.64
FH51_10,-1,FH51_S_C2H5_2,-1,FH51_H2O2,1,FH51_OS_C2H5_2,1,FH51_H2O,-52.85
FH51_11,-1,FH51_ax-methylcyclohexene,1,FH51_eq-methylcyclohexene,-52.60
FH51_12,-1,FH51_hexyne,-1,FH51_H2,1,FH51_1-hexene,-46.72
FH51_13,-1,FH51_2-pentyne,-1,FH51_H2,1,FH51_trans-2-pentene,-44.82
FH51_14,-1,FH51_2-pentyne,-1,FH51_H2,1,FH51_cis-2-pentene,-43.67
FH51_15,-1,FH51_2-pentyne,-1,FH51_HCN,1,FH51_C2H5CCNCHCH3,-42.89
FH51_16,-1,FH51_1-hexene,-1,FH51_H2,1,FH51_n-hexane,-37.08
FH51_17,-1,FH51_1-pentyne,-1,FH51_H2O,1,FH51_C4H9CHO,-34.93
FH51_18,-2,FH51_C3H7NH2,-1,FH51_COCl2,1,FH51_CO_2NHC3H7_2,2,FH51_HCl,-32.47
FH51_19,-1,FH51_eq-methylcyclohexene,-1,FH51_H2,1,FH51_methylcyclohexane,-32.10
FH51_20,-1,FH51_trans-2-pentene,-1,FH51_Cl2,1,FH51_C2H5CClCHCH3,1,FH51_HCl,-31.22
FH51_21,-1,FH51_2-pentyne,-1,FH51_HCl,1,FH51_C2H5CClCHCH3,-29.98
FH51_22,-1,FH51_1-pentene,-1,FH51_ethene,1,FH51_Heptene,-25.84
FH51_23,-1,FH51_C4H9CHO,-1,FH51_H2,1,FH51_pentanol,-23.47
FH51_24,-1,FH51_dimethyloxirane,-1,FH51_H2O,1,FH51_butanediol,-22.45
FH51_25,-1,FH51_methylpyridine,-1,FH51_H2,1,FH51_dimethylpyrrole,-20.27
FH51_26,-1,FH51_C4H9NCO,-1,FH51_NH3,1,FH51_C4H9NHCONH2,-19.72
FH51_27,-1,FH51_C3H7CN,-1,FH51_H2O,1,FH51_C3H7CONH2,-19.34
FH51_28,-1,FH51_propylfuran,-1,FH51_H2S,1,FH51_propylthiophene,1,FH51_H2O,-19.45
FH51_29,-1,FH51_diethylamine,-1,FH51_CO,1,FH51_HCON_C2H5_2,-17.39
FH51_30,-1,FH51_C3H7NCO,-1,FH51_H2O,1,FH51_C3H7NH2,1,FH51_CO2,-16.98
FH51_31,-1,FH51_C3H7CO2C2H3,1,FH51_ethyl-g-butyrolactone,-16.14
FH51_32,-1,FH51_H2C-C5-CH2,1,FH51_heptatriyne,-14.30
FH51_33,-1,FH51_methylpyrazole,1,FH51_methylimidazole,-13.14
FH51_34,-1,FH51_1-pentene,-1,FH51_H2O,1,FH51_pentanol,-11.68
FH51_35,-1,FH51_methylfuran,-1,FH51_NH3,1,FH51_methylpyrrole,1,FH51_H2O,-10.70
FH51_36,-1,FH51_C3H7CHCO,-1,FH51_H2CO,1,FH51_propyloxirane,1,FH51_CO,-9.39
FH51_37,-1,FH51_pentanol,-1,FH51_CO,1,FH51_HCO2C5H11,-8.53
FH51_38,-1,FH51_C3H7S_2,-1,FH51_H2,2,FH51_C3H7SH,-6.63
FH51_39,1,FH51_pentadiene,1,FH51_ethene,-1,FH51_ax-methylcyclohexene,-6.65
FH51_40,-1,FH51_hexandione,1,FH51_methyl-d-valerolactone,-6.45
FH51_41,-1,FH51_C2H5CO2H,-1,FH51_methanol,1,FH51_C2H5CO2CH3,1,FH51_H2O,-5.11
FH51_42,-1,FH51_C4H9ONO,1,FH51_C4H9NO2,-3.25
FH51_43,-1,FH51_n-hexane,1,FH51_neo-hexane,-2.64
FH51_44,-1,FH51_methylcyclohexa-1-4-diene,1,FH51_methylcyclohexa-1-3-diene,-2.48
FH51_45,-1,FH51_1-pentene,1,FH51_trans-2-pentene,-2.11
FH51_46,-1,FH51_toluene,-1,FH51_H2,1,FH51_methylcyclohexa-1-3-diene,-1.47
FH51_47,-1,FH51_cis-2-pentene,1,FH51_trans-2-pentene,-1.15
FH51_48,-1,FH51_3-methylpentane,1,FH51_dimethylbutane,-0.86
FH51_49,-1,FH51_C2H5CO2H,-1,FH51_NH3,1,FH51_C2H5CONH2,1,FH51_H2O,-0.43
FH51_50,-1,FH51_n-nonane,1,FH51_tetramethylpentane,-0.41
FH51_51,-1,FH51_C3H7CO2H,-1,FH51_NH3,1,FH51_C3H7CONH2,1,FH51_H2O,-0.18
G21EA_1,1,G21EA_EA_c,-1,G21EA_EA_c-,29.20
G21EA_2,1,G21EA_EA_o,-1,G21EA_EA_o-,33.70
G21EA_3,1,G21EA_EA_f,-1,G21EA_EA_f-,78.40
G21EA_4,1,G21EA_EA_si,-1,G21EA_EA_si-,32.10
G21EA_5,1,G21EA_EA_p,-1,G21EA_EA_p-,17.30
G21EA_6,1,G21EA_EA_s,-1,G21EA_EA_s-,48.00
G21EA_7,1,G21EA_EA_cl,-1,G21EA_EA_cl-,83.50
G21EA_8,1,G21EA_EA_8n,-1,G21EA_EA_8,27.90
G21EA_9,1,G21EA_EA_9n,-1,G21EA_EA_9,13.40
G21EA_10,1,G21EA_EA_10n,-1,G21EA_EA_10,1.20
G21EA_11,1,G21EA_EA_11n,-1,G21EA_EA_11,8.30
G21EA_12,1,G21EA_EA_12n,-1,G21EA_EA_12,16.80
G21EA_13,1,G21EA_EA_13n,-1,G21EA_EA_13,41.70
G21EA_14,1,G21EA_EA_14n,-1,G21EA_EA_14,29.30
G21EA_15,1,G21EA_EA_15n,-1,G21EA_EA_15,25.10
G21EA_16,1,G21EA_EA_16n,-1,G21EA_EA_16,31.40
G21EA_17,1,G21EA_EA_17n,-1,G21EA_EA_17,23.50
G21EA_18,1,G21EA_EA_18n,-1,G21EA_EA_18,28.80
G21EA_19,1,G21EA_EA_19n,-1,G21EA_EA_19,54.20
G21EA_20,1,G21EA_EA_20n,-1,G21EA_EA_20,9.50
G21EA_21,1,G21EA_EA_21n,-1,G21EA_EA_21,-0.20
G21EA_22,1,G21EA_EA_22n,-1,G21EA_EA_22,89.50
G21EA_23,1,G21EA_EA_23n,-1,G21EA_EA_23,24.90
G21EA_24,1,G21EA_EA_24n,-1,G21EA_EA_24,38.00
G21EA_25,1,G21EA_EA_25n,-1,G21EA_EA_25,54.70
G21IP_1,-1,G21IP_h,314.90
G21IP_2,1,G21IP_li+,-1,G21IP_li,123.30
G21IP_3,1,G21IP_be+,-1,G21IP_be,214.90
G21IP_4,1,G21IP_b+,-1,G21IP_b,190.40
G21IP_5,1,G21IP_c+,-1,G21IP_c,259.60
G21IP_6,1,G21IP_n+,-1,G21IP_n,335.30
G21IP_7,1,G21IP_o+,-1,G21IP_o,313.80
G21IP_8,1,G21IP_f+,-1,G21IP_f,401.70
G21IP_9,1,G21IP_na+,-1,G21IP_na,118.50
G21IP_10,1,G21IP_mg+,-1,G21IP_mg,176.30
G21IP_11,1,G21IP_al+,-1,G21IP_al,138.00
G21IP_12,1,G21IP_si+,-1,G21IP_si,188.00
G21IP_13,1,G21IP_p+,-1,G21IP_p,241.90
G21IP_14,1,G21IP_s+,-1,G21IP_s,239.00
G21IP_15,1,G21IP_cl+,-1,G21IP_cl,299.10
G21IP_16,1,G21IP_IP_59,-1,G21IP_8,296.34
G21IP_17,1,G21IP_IP_60,-1,G21IP_11,235.69
G21IP_18,1,G21IP_IP_61,-1,G21IP_12,300.92
G21IP_19,1,G21IP_IP_62,-1,G21IP_13,292.65
G21IP_20,1,G21IP_IP_63,-1,G21IP_14,371.31
G21IP_21,1,G21IP_IP_64,-1,G21IP_18,255.39
G21IP_22,1,G21IP_IP_65,-1,G21IP_IP_n65,234.11
G21IP_23,1,G21IP_IP_66,-1,G21IP_19,226.37
G21IP_24,1,G21IP_IP_67,-1,G21IP_20,227.82
G21IP_25,1,G21IP_IP_68,-1,G21IP_137,239.30
G21IP_26,1,G21IP_IP_70,-1,G21IP_22,294.46
G21IP_27,1,G21IP_IP_71,-1,G21IP_25,264.59
G21IP_28,1,G21IP_IP_72,-1,G21IP_26,243.71
G21IP_29,1,G21IP_IP_73,-1,G21IP_30,322.99
G21IP_30,1,G21IP_IP_74,-1,G21IP_34,359.36
G21IP_31,1,G21IP_IP_75,-1,G21IP_37,277.73
G21IP_32,1,G21IP_IP_76,-1,G21IP_43,242.85
G21IP_33,1,G21IP_IP_77,-1,G21IP_44,215.74
G21IP_34,1,G21IP_IP_78,-1,G21IP_45,265.08
G21IP_35,1,G21IP_IP_79,-1,G21IP_51,291.70
G21IP_36,1,G21IP_IP_80,-1,G21IP_48,261.15
G2RC_1,-1,G2RC_118,1,G2RC_117,1,G2RC_13,-2.23
G2RC_2,-1,G2RC_40,-1,G2RC_1,1,G2RC_104,-2.26
G2RC_3,-1,G2RC_113,1,G2RC_30,1,G2RC_8,-2.18
G2RC_4,-1,G2RC_52,-1,G2RC_1,2,G2RC_18,-4.10
G2RC_5,-1,G2RC_30,-1,G2RC_13,1,G2RC_40,1,G2RC_1,-7.10
G2RC_6,-1,G2RC_128,-1,G2RC_13,1,G2RC_126,1,G2RC_22,-10.70
G2RC_7,-1,G2RC_100,-1,G2RC_13,1,G2RC_106,-19.47
G2RC_8,-1,G2RC_25,-1,G2RC_14,1,G2RC_121,-26.97
G2RC_9,-1,G2RC_39,-1,G2RC_45,2,G2RC_51,-27.30
G2RC_10,-1,G2RC_58,-1,G2RC_59,1,G2RC_57,1,G2RC_60,-27.15
G2RC_11,-1,G2RC_67,-1,G2RC_61,1,G2RC_66,1,G2RC_62,-24.89
G2RC_12,-1,G2RC_32,-1,G2RC_1,1,G2RC_33,-29.46
G2RC_13,-1,G2RC_25,-1,G2RC_26,1,G2RC_88,-32.71
G2RC_14,-1,G2RC_47,-3,G2RC_1,1,G2RC_18,1,G2RC_13,-36.32
G2RC_15,-1,G2RC_34,-3,G2RC_1,2,G2RC_11,-39.43
G2RC_16,-1,G2RC_8,-2,G2RC_45,1,G2RC_97,2,G2RC_22,-48.52
G2RC_17,-1,G2RC_25,-1,G2RC_1,1,G2RC_26,-49.20
G2RC_18,-1,G2RC_56,-3,G2RC_1,1,G2RC_21,2,G2RC_13,-61.67
G2RC_19,-1,G2RC_30,-3,G2RC_1,1,G2RC_13,1,G2RC_8,-65.15
G2RC_20,-1,G2RC_73,-1,G2RC_1,1,G2RC_39,1,G2RC_13,-68.90
G2RC_21,-1,G2RC_68,-1,G2RC_1,1,G2RC_34,1,G2RC_13,-81.21
G2RC_22,-1,G2RC_26,-1,G2RC_6,1,G2RC_82,-109.11
G2RC_23,-1,G2RC_1,-1,G2RC_39,2,G2RC_14,-135.40
G2RC_24,-3,G2RC_25,1,G2RC_94,-154.04
G2RC_25,-1,G2RC_23,-1,G2RC_39,2,G2RC_24,-216.11
HAL59_1,-1,HAL59_PCH_PhBr,1,HAL59_PCH,1,HAL59_PhBr,0.85
HAL59_2,-1,HAL59_NCH_PhBr,1,HAL59_NCH,1,HAL59_PhBr,1.15
HAL59_3,-1,HAL59_NH3_PhBr,1,HAL59_NH3,1,HAL59_PhBr,2.02
HAL59_4,-1,HAL59_MeI_PCH,1,HAL59_MeI,1,HAL59_PCH,0.85
HAL59_5,-1,HAL59_MeI_NCH,1,HAL59_MeI,1,HAL59_NCH,1.42
HAL59_6,-1,HAL59_MeI_NH3,1,HAL59_MeI,1,HAL59_NH3,2.73
HAL59_7,-1,HAL59_PCH_PhI,1,HAL59_PCH,1,HAL59_PhI,0.92
HAL59_8,-1,HAL59_NCH_PhI,1,HAL59_NCH,1,HAL59_PhI,1.87
HAL59_9,-1,HAL59_NH3_PhI,1,HAL59_NH3,1,HAL59_PhI,3.33
HAL59_10,-1,HAL59_PCH_F3CI,1,HAL59_PCH,1,HAL59_F3CI,0.89
HAL59_11,-1,HAL59_NCH_F3CI,1,HAL59_NCH,1,HAL59_F3CI,3.61
HAL59_12,-1,HAL59_NH3_F3CI,1,HAL59_NH3,1,HAL59_F3CI,5.88
HAL59_13,-1,HAL59_BrBr_PCH,1,HAL59_BrBr,1,HAL59_PCH,1.18
HAL59_14,-1,HAL59_BrBr_NCH,1,HAL59_BrBr,1,HAL59_NCH,3.61
HAL59_15,-1,HAL59_BrBr_NH3,1,HAL59_BrBr,1,HAL59_NH3,7.29
HAL59_16,-1,HAL59_PCH_NBS,1,HAL59_PCH,1,HAL59_NBS,1.19
HAL59_17,-1,HAL59_NCH_NBS,1,HAL59_NCH,1,HAL59_NBS,4.32
HAL59_18,-1,HAL59_NH3_NBS,1,HAL59_NH3,1,HAL59_NBS,8.02
HAL59_19,-1,HAL59_PCH_FCl,1,HAL59_PCH,1,HAL59_FCl,1.16
HAL59_20,-1,HAL59_NCH_FCl,1,HAL59_NCH,1,HAL59_FCl,4.81
HAL59_21,-1,HAL59_NH3_FCl,1,HAL59_NH3,1,HAL59_FCl,10.54
HAL59_22,-1,HAL59_PCH_NIS,1,HAL59_PCH,1,HAL59_NIS,1.53
HAL59_23,-1,HAL59_NCH_NIS,1,HAL59_NCH,1,HAL59_NIS,5.91
HAL59_24,-1,HAL59_NH3_NIS,1,HAL59_NH3,1,HAL59_NIS,10.99
HAL59_25,-1,HAL59_PCH_FBr,1,HAL59_PCH,1,HAL59_FBr,2.07
HAL59_26,-1,HAL59_NCH_FBr,1,HAL59_NCH,1,HAL59_FBr,7.53
HAL59_27,-1,HAL59_NH3_FBr,1,HAL59_NH3,1,HAL59_FBr,15.30
HAL59_28,-1,HAL59_FI_PCH,1,HAL59_FI,1,HAL59_PCH,2.74
HAL59_29,-1,HAL59_FI_NCH,1,HAL59_FI,1,HAL59_NCH,9.33
HAL59_30,-1,HAL59_FI_NH3,1,HAL59_FI,1,HAL59_NH3,17.11
HAL59_31,-1,HAL59_MeI_FCCH,1,HAL59_MeI,1,HAL59_FCCH,0.50
HAL59_32,-1,HAL59_BrBr_FCCH,1,HAL59_BrBr,1,HAL59_FCCH,0.74
HAL59_33,-1,HAL59_FI_FCCH,1,HAL59_FI,1,HAL59_FCCH,0.29
HAL59_34,-1,HAL59_MeI_FMe,1,HAL59_MeI,1,HAL59_FMe,1.70
HAL59_35,-1,HAL59_BrBr_FMe,1,HAL59_BrBr,1,HAL59_FMe,2.87
HAL59_36,-1,HAL59_FI_FMe,1,HAL59_FI,1,HAL59_FMe,5.97
HAL59_37,-1,HAL59_MeI_OCH2,1,HAL59_MeI,1,HAL59_OCH2,2.39
HAL59_38,-1,HAL59_BrBr_OCH2,1,HAL59_BrBr,1,HAL59_OCH2,4.41
HAL59_39,-1,HAL59_FI_OCH2,1,HAL59_FI,1,HAL59_OCH2,9.94
HAL59_40,-1,HAL59_MeI_OPH3,1,HAL59_MeI,1,HAL59_OPH3,3.34
HAL59_41,-1,HAL59_BrBr_OPH3,1,HAL59_BrBr,1,HAL59_OPH3,5.95
HAL59_42,-1,HAL59_FI_OPH3,1,HAL59_FI,1,HAL59_OPH3,13.36
HAL59_43,-1,HAL59_MeI_pyr,1,HAL59_MeI,1,HAL59_pyr,3.61
HAL59_44,-1,HAL59_BrBr_pyr,1,HAL59_BrBr,1,HAL59_pyr,9.07
HAL59_45,-1,HAL59_FI_pyr,1,HAL59_FI,1,HAL59_pyr,20.34
HAL59_46,1,HAL59_11_benF3-benA,1,HAL59_11_benF3-benB,-1,HAL59_11_benF3-benAB,4.40
HAL59_47,1,HAL59_12_benF6-benA,1,HAL59_12_benF6-benB,-1,HAL59_12_benF6-benAB,6.12
HAL59_48,1,HAL59_19_benCl-acetoneA,1,HAL59_19_benCl-acetoneB,-1,HAL59_19_benCl-acetoneAB,1.49
HAL59_49,1,HAL59_20_benBr-acetoneA,1,HAL59_20_benBr-acetoneB,-1,HAL59_20_benBr-acetoneAB,2.43
HAL59_50,1,HAL59_21_benI-acetoneA,1,HAL59_21_benI-acetoneB,-1,HAL59_21_benI-acetoneAB,3.46
HAL59_51,1,HAL59_22_benCl-Nm3A,1,HAL59_22_benCl-Nm3B,-1,HAL59_22_benCl-Nm3AB,2.11
HAL59_52,1,HAL59_23_benBr-Nm3A,1,HAL59_23_benBr-Nm3B,-1,HAL59_23_benBr-Nm3AB,3.78
HAL59_53,1,HAL59_24_benI-Nm3A,1,HAL59_24_benI-Nm3B,-1,HAL59_24_benI-Nm3AB,5.81
HAL59_54,1,HAL59_25_benBr-mSHA,1,HAL59_25_benBr-mSHB,-1,HAL59_25_benBr-mSHAB,2.32
HAL59_55,1,HAL59_26_benI-mSHA,1,HAL59_26_benI-mSHB,-1,HAL59_26_benI-mSHAB,3.08
HAL59_56,1,HAL59_27_CH3Br-benA,1,HAL59_27_CH3Br-benB,-1,HAL59_27_CH3Br-benAB,1.81
HAL59_57,1,HAL59_28_CH3I-benA,1,HAL59_28_CH3I-benB,-1,HAL59_28_CH3I-benAB,2.48
HAL59_58,1,HAL59_29_CF3Br-benA,1,HAL59_29_CF3Br-benB,-1,HAL59_29_CF3Br-benAB,3.11
HAL59_59,1,HAL59_30_CF3I-benA,1,HAL59_30_CF3I-benB,-1,HAL59_30_CF3I-benAB,3.91
HEAVY28_1,-1,HEAVY28_bih3_2,2,HEAVY28_bih3,1.16
HEAVY28_2,-1,HEAVY28_bih3_h2o,1,HEAVY28_bih3,1,HEAVY28_h2o,2.49
HEAVY28_3,-1,HEAVY28_bih3_h2s,1,HEAVY28_bih3,1,HEAVY28_h2s,1.36
HEAVY28_4,-1,HEAVY28_bih3_hcl,1,HEAVY28_bih3,1,HEAVY28_hcl,0.77
HEAVY28_5,-1,HEAVY28_bih3_hbr,1,HEAVY28_bih3,1,HEAVY28_hbr,0.98
HEAVY28_6,-1,HEAVY28_bih3_hi,1,HEAVY28_bih3,1,HEAVY28_hi,1.30
HEAVY28_7,-1,HEAVY28_bih3_nh3,1,HEAVY28_bih3,1,HEAVY28_nh3,0.60
HEAVY28_8,-1,HEAVY28_pbh4_2,2,HEAVY28_pbh4,1.25
HEAVY28_9,-1,HEAVY28_pbh4_bih3,1,HEAVY28_pbh4,1,HEAVY28_bih3,0.55
HEAVY28_10,-1,HEAVY28_pbh4_h2o,1,HEAVY28_pbh4,1,HEAVY28_h2o,0.36
HEAVY28_11,-1,HEAVY28_pbh4_hcl,1,HEAVY28_pbh4,1,HEAVY28_hcl,0.75
HEAVY28_12,-1,HEAVY28_pbh4_hbr,1,HEAVY28_pbh4,1,HEAVY28_hbr,0.93
HEAVY28_13,-1,HEAVY28_pbh4_hi,1,HEAVY28_pbh4,1,HEAVY28_hi,1.18
HEAVY28_14,-1,HEAVY28_pbh4_teh2,1,HEAVY28_pbh4,1,HEAVY28_teh2,0.65
HEAVY28_15,-1,HEAVY28_sbh3_2,2,HEAVY28_sbh3,1.28
HEAVY28_16,-1,HEAVY28_sbh3_h2o,1,HEAVY28_sbh3,1,HEAVY28_h2o,1.57
HEAVY28_17,-1,HEAVY28_sbh3_h2s,1,HEAVY28_sbh3,1,HEAVY28_h2s,1.06
HEAVY28_18,-1,HEAVY28_sbh3_hcl,1,HEAVY28_sbh3,1,HEAVY28_hcl,2.02
HEAVY28_19,-1,HEAVY28_sbh3_hbr,1,HEAVY28_sbh3,1,HEAVY28_hbr,1.89
HEAVY28_20,-1,HEAVY28_sbh3_hi,1,HEAVY28_sbh3,1,HEAVY28_hi,1.49
HEAVY28_21,-1,HEAVY28_sbh3_nh3,1,HEAVY28_sbh3,1,HEAVY28_nh3,2.84
HEAVY28_22,-1,HEAVY28_teh2_2,2,HEAVY28_teh2,0.52
HEAVY28_23,-1,HEAVY28_teh2_h2o,1,HEAVY28_teh2,1,HEAVY28_h2o,0.68
HEAVY28_24,-1,HEAVY28_teh2_h2s,1,HEAVY28_teh2,1,HEAVY28_h2s,0.48
HEAVY28_25,-1,HEAVY28_teh2_hcl,1,HEAVY28_teh2,1,HEAVY28_hcl,1.23
HEAVY28_26,-1,HEAVY28_teh2_hbr,1,HEAVY28_teh2,1,HEAVY28_hbr,1.22
HEAVY28_27,-1,HEAVY28_teh2_hi,1,HEAVY28_teh2,1,HEAVY28_hi,0.80
HEAVY28_28,-1,HEAVY28_teh2_nh3,1,HEAVY28_teh2,1,HEAVY28_nh3,3.35
HEAVYSB11_1,2,HEAVYSB11_geh3,-1,HEAVYSB11_ge2h6,73.82
HEAVYSB11_2,2,HEAVYSB11_snme3,-1,HEAVYSB11_sn2me6,61.74
HEAVYSB11_3,2,HEAVYSB11_pbme3,-1,HEAVYSB11_pb2me6,52.92
HEAVYSB11_4,2,HEAVYSB11_sh,-1,HEAVYSB11_h2s2,67.85
HEAVYSB11_5,2,HEAVYSB11_seh,-1,HEAVYSB11_h2se2,58.37
HEAVYSB11_6,2,HEAVYSB11_teme,-1,HEAVYSB11_te2me2,52.91
HEAVYSB11_7,2,HEAVYSB11_pme2,-1,HEAVYSB11_p2me4,61.85
HEAVYSB11_8,2,HEAVYSB11_asme2,-1,HEAVYSB11_as2me4,52.18
HEAVYSB11_9,2,HEAVYSB11_sbme2,-1,HEAVYSB11_sb2me4,43.79
HEAVYSB11_10,2,HEAVYSB11_cl,-1,HEAVYSB11_cl2,59.65
HEAVYSB11_11,2,HEAVYSB11_br,-1,HEAVYSB11_br2,53.17
ICONF_1,-1,ICONF_N3H5_1,1,ICONF_N3H5_2,0.90
ICONF_2,-1,ICONF_N3H5_1,1,ICONF_N3H5_3,5.29
ICONF_3,-1,ICONF_N4H6_1,1,ICONF_N4H6_2,0.13
ICONF_4,-1,ICONF_N4H6_1,1,ICONF_N4H6_3,2.33
ICONF_5,-1,ICONF_N3P3H12_1,1,ICONF_N3P3H12_2,12.16
ICONF_6,-1,ICONF_SI5H12_1,1,ICONF_SI5H12_2,0.10
ICONF_7,-1,ICONF_SI5H12_1,1,ICONF_SI5H12_3,1.03
ICONF_8,-1,ICONF_SI5H12_1,1,ICONF_SI5H12_4,3.51
ICONF_9,-1,ICONF_SI6H12_1,1,ICONF_SI6H12_2,1.69
ICONF_10,-1,ICONF_P7H7_1,1,ICONF_P7H7_2,1.40
ICONF_11,-1,ICONF_S4O4_1,1,ICONF_S4O4_2,4.39
ICONF_12,-1,ICONF_S8_1,1,ICONF_S8_2,9.16
ICONF_13,-1,ICONF_H2S2O7_1,1,ICONF_H2S2O7_2,0.55
ICONF_14,-1,ICONF_H2S2O7_1,1,ICONF_H2S2O7_3,3.55
ICONF_15,-1,ICONF_H4P2O7_1,1,ICONF_H4P2O7_2,1.33
ICONF_16,-1,ICONF_H4P2O7_1,1,ICONF_H4P2O7_3,3.66
ICONF_17,-1,ICONF_H4P2O7_1,1,ICONF_H4P2O7_4,4.35
IDISP_1,1,IDISP_antdimer,-2,IDISP_ant,-9.15
IDISP_2,2,IDISP_pxylene,-1,IDISP_pc22,-2,IDISP_h2,-60.28
IDISP_3,1,IDISP_octane1,-1,IDISP_octane2,-1.21
IDISP_4,1,IDISP_undecan1,-1,IDISP_undecan2,9.10
IDISP_5,-1,IDISP_F14f,1,IDISP_F14l,-3.64
IDISP_6,-1,IDISP_F22f,1,IDISP_F22l,-1.96
IL16_1,1,IL16_008,-1,IL16_008A,-1,IL16_008B,-100.41
IL16_2,1,IL16_144,-1,IL16_144A,-1,IL16_144B,-120.80
IL16_3,1,IL16_147,-1,IL16_147A,-1,IL16_147B,-116.91
IL16_4,1,IL16_148,-1,IL16_148A,-1,IL16_148B,-105.01
IL16_5,1,IL16_150,-1,IL16_150A,-1,IL16_150B,-104.44
IL16_6,1,IL16_152,-1,IL16_152A,-1,IL16_152B,-87.42
IL16_7,1,IL16_187,-1,IL16_187A,-1,IL16_187B,-114.00
IL16_8,1,IL16_202,-1,IL16_202A,-1,IL16_202B,-113.51
IL16_9,1,IL16_212,-1,IL16_212A,-1,IL16_212B,-114.91
IL16_10,1,IL16_213,-1,IL16_213A,-1,IL16_213B,-112.75
IL16_11,1,IL16_214,-1,IL16_214A,-1,IL16_214B,-104.47
IL16_12,1,IL16_227,-1,IL16_227A,-1,IL16_227B,-118.19
IL16_13,1,IL16_228,-1,IL16_228A,-1,IL16_228B,-112.02
IL16_14,1,IL16_229,-1,IL16_229A,-1,IL16_229B,-106.53
IL16_15,1,IL16_230,-1,IL16_230A,-1,IL16_230B,-110.98
IL16_16,1,IL16_231,-1,IL16_231A,-1,IL16_231B,-102.37
INV24_1,-1,INV24_H2O,1,INV24_H2O_TS,31.70
INV24_2,-1,INV24_H2S,1,INV24_H2S_TS,69.30
INV24_3,-1,INV24_SO2,1,INV24_SO2_TS,60.60
INV24_4,-1,INV24_Ether,1,INV24_Ether_TS,37.00
INV24_5,-1,INV24_Thioether,1,INV24_Thioether_TS,74.20
INV24_6,-1,INV24_NMe3,1,INV24_NMe3_TS,9.70
INV24_7,-1,INV24_NCl3,1,INV24_NCl3_TS,18.90
INV24_8,-1,INV24_PMe3,1,INV24_PMe3_TS,43.20
INV24_9,-1,INV24_PCl3,1,INV24_PCl3_TS,79.70
INV24_10,-1,INV24_PH2Ph,1,INV24_PH2Ph_TS,31.20
INV24_11,-1,INV24_PPh3,1,INV24_PPh3_TS,29.30
INV24_12,-1,INV24_Dibenzocycloheptene,1,INV24_Dibenzocycloheptene_TS,10.30
INV24_13,-1,INV24_Tetrahelicene,1,INV24_Tetrahelicene_TS,4.50
INV24_14,-1,INV24_Pentahelicene,1,INV24_Pentahelicene_TS,24.70
INV24_15,-1,INV24_Hexahelicene,1,INV24_Hexahelicene_TS,37.60
INV24_16,-1,INV24_Dibenzocarbazole,1,INV24_Dibenzocarbazole_TS,4.10
INV24_17,-1,INV24_Methinecyanine,1,INV24_Methinecyanine_TS,13.10
INV24_18,-1,INV24_Corannulene,1,INV24_Corannulene_TS,11.20
INV24_19,-1,INV24_BN_Corannulene,1,INV24_BN_Corannulene_TS,6.20
INV24_20,-1,INV24_Sumanene,1,INV24_Sumanene_TS,21.30
INV24_21,-1,INV24_Triazasumanene,1,INV24_Triazasumanene_TS,42.30
INV24_22,-1,INV24_BN_Sumanene,1,INV24_BN_Sumanene_TS,27.20
INV24_23,-1,INV24_Tetrabenzopyracylene,1,INV24_Tetrabenzopyracylene_TS,8.40
INV24_24,-1,INV24_Triindenotriphenylene,1,INV24_Triindenotriphenylene_TS,68.60
ISO34_1,-1,ISO34_E1,1,ISO34_P1,1.49
ISO34_2,-1,ISO34_E1,1,ISO34_P2,23.36
ISO34_3,-1,ISO34_E3,1,ISO34_P3,7.27
ISO34_4,-1,ISO34_E4,1,ISO34_P4,1.06
ISO34_5,-1,ISO34_E5,1,ISO34_E4,1.23
ISO34_6,-1,ISO34_E4,1,ISO34_P6,2.49
ISO34_7,-1,ISO34_E7,1,ISO34_P7,11.15
ISO34_8,-1,ISO34_E8,1,ISO34_P8,22.59
ISO34_9,-1,ISO34_E9,1,ISO34_P9,6.54
ISO34_10,-1,ISO34_E10,1,ISO34_P10,3.80
ISO34_11,-1,ISO34_E11,1,ISO34_P11,1.58
ISO34_12,-1,ISO34_E12,1,ISO34_P12,45.65
ISO34_13,-1,ISO34_E13,1,ISO34_P13,36.85
ISO34_14,-1,ISO34_E14,1,ISO34_P14,24.58
ISO34_15,-1,ISO34_E15,1,ISO34_P15,8.25
ISO34_16,-1,ISO34_E16,1,ISO34_P16,10.02
ISO34_17,-1,ISO34_E17,1,ISO34_P17,28.51
ISO34_18,-1,ISO34_E18,1,ISO34_P18,11.68
ISO34_19,-1,ISO34_E19,1,ISO34_E20,4.58
ISO34_20,-1,ISO34_E20,1,ISO34_P20,18.12
ISO34_21,-1,ISO34_E21,1,ISO34_P21,1.16
ISO34_22,-1,ISO34_E22,1,ISO34_E21,4.65
ISO34_23,-1,ISO34_E23,1,ISO34_P23,5.54
ISO34_24,-1,ISO34_E24,1,ISO34_P24,12.26
ISO34_25,-1,ISO34_E25,1,ISO34_P25,26.14
ISO34_26,-1,ISO34_E26,1,ISO34_P26,17.14
ISO34_27,-1,ISO34_E27,1,ISO34_P27,66.06
ISO34_28,-1,ISO34_E28,1,ISO34_P28,31.26
ISO34_29,-1,ISO34_E29,1,ISO34_P29,13.05
ISO34_30,-1,ISO34_E30,1,ISO34_P30,9.98
ISO34_31,-1,ISO34_E31,1,ISO34_P31,15.23
ISO34_32,-1,ISO34_E32,1,ISO34_P32,6.64
ISO34_33,-1,ISO34_E33,1,ISO34_P33,8.70
ISO34_34,-1,ISO34_E34,1,ISO34_P34,6.77
ISOL24_1,-1,ISOL24_i1e,1,ISOL24_i1p,71.01
ISOL24_2,-1,ISOL24_i2e,1,ISOL24_i2p,38.50
ISOL24_3,-1,ISOL24_i3e,1,ISOL24_i3p,10.69
ISOL24_4,-1,ISOL24_i4e,1,ISOL24_i4p,69.03
ISOL24_5,-1,ISOL24_i5e,1,ISOL24_i5p,33.08
ISOL24_6,-1,ISOL24_i6e,1,ISOL24_i6p,24.41
ISOL24_7,-1,ISOL24_i7e,1,ISOL24_i7p,17.88
ISOL24_8,-1,ISOL24_i8e,1,ISOL24_i8p,22.04
ISOL24_9,-1,ISOL24_i9e,1,ISOL24_i9p,21.09
ISOL24_10,-1,ISOL24_i10e,1,ISOL24_i10p,6.49
ISOL24_11,-1,ISOL24_i11e,1,ISOL24_i11p,36.90
ISOL24_12,-1,ISOL24_i12e,1,ISOL24_i12p,0.42
ISOL24_13,-1,ISOL24_i13e,1,ISOL24_i13p,33.02
ISOL24_14,-1,ISOL24_i14e,1,ISOL24_i14p,5.32
ISOL24_15,-1,ISOL24_i15e,1,ISOL24_i15p,4.14
ISOL24_16,-1,ISOL24_i16e,1,ISOL24_i16p,23.00
ISOL24_17,-1,ISOL24_i17e,1,ISOL24_i17p,9.83
ISOL24_18,-1,ISOL24_i18e,1,ISOL24_i18p,24.14
ISOL24_19,-1,ISOL24_i19e,1,ISOL24_i19p,18.04
ISOL24_20,-1,ISOL24_i20e,1,ISOL24_i20p,4.97
ISOL24_21,-1,ISOL24_i21e,1,ISOL24_i21p,11.90
ISOL24_22,1,ISOL24_i22e,-1,ISOL24_i22p,0.14
ISOL24_23,-1,ISOL24_i23e,1,ISOL24_i23p,24.61
ISOL24_24,-1,ISOL24_i24e,1,ISOL24_i24p,15.40
MB16-43_1,-2,MB16-43_01,-4,MB16-43_H2,4,MB16-43_BH3,2,MB16-43_N2,2,MB16-43_O2,1,MB16-43_F2,2,MB16-43_NaH,2,MB16-43_AlH3,1,MB16-43_Cl2,869.60
MB16-43_2,-2,MB16-43_02,-6,MB16-43_H2,2,MB16-43_LiH,4,MB16-43_BH3,1,MB16-43_O2,1,MB16-43_F2,2,MB16-43_MgH2,2,MB16-43_SiH4,2,MB16-43_S2,737.79
MB16-43_3,-2,MB16-43_03,-13,MB16-43_H2,2,MB16-43_LiH,6,MB16-43_CH4,1,MB16-43_O2,1,MB16-43_F2,2,MB16-43_NaH,2,MB16-43_MgH2,2,MB16-43_AlH3,1,MB16-43_S2,518.66
MB16-43_4,-2,MB16-43_04,-17,MB16-43_H2,6,MB16-43_BH3,2,MB16-43_CH4,1,MB16-43_O2,1,MB16-43_F2,2,MB16-43_AlH3,4,MB16-43_SiH4,356.85
MB16-43_5,-2,MB16-43_05,-4,MB16-43_H2,4,MB16-43_BH3,2,MB16-43_N2,2,MB16-43_SiH4,4,MB16-43_P2,1,MB16-43_Cl2,147.68
MB16-43_6,-2,MB16-43_06,-10,MB16-43_H2,6,MB16-43_BH3,2,MB16-43_CH4,1,MB16-43_N2,1,MB16-43_O2,2,MB16-43_MgH2,2,MB16-43_AlH3,368.49
MB16-43_7,-2,MB16-43_07,-7,MB16-43_H2,2,MB16-43_BH3,4,MB16-43_CH4,1,MB16-43_N2,1,MB16-43_O2,2,MB16-43_F2,2,MB16-43_MgH2,1,MB16-43_S2,1,MB16-43_Cl2,557.98
MB16-43_8,-2,MB16-43_08,-17,MB16-43_H2,2,MB16-43_BeH2,6,MB16-43_BH3,4,MB16-43_CH4,2,MB16-43_O2,2,MB16-43_F2,2,MB16-43_AlH3,681.96
MB16-43_9,-2,MB16-43_09,-6,MB16-43_H2,2,MB16-43_LiH,4,MB16-43_BH3,2,MB16-43_CH4,1,MB16-43_F2,2,MB16-43_SiH4,1,MB16-43_Cl2,381.43
MB16-43_10,-2,MB16-43_10,-14,MB16-43_H2,2,MB16-43_BH3,6,MB16-43_CH4,1,MB16-43_N2,1,MB16-43_F2,2,MB16-43_MgH2,2,MB16-43_SiH4,1,MB16-43_Cl2,46.31
MB16-43_11,-2,MB16-43_11,-12,MB16-43_H2,4,MB16-43_BH3,4,MB16-43_CH4,1,MB16-43_N2,1,MB16-43_O2,1,MB16-43_F2,2,MB16-43_MgH2,2,MB16-43_AlH3,294.41
MB16-43_12,-2,MB16-43_12,-11,MB16-43_H2,4,MB16-43_BH3,2,MB16-43_CH4,2,MB16-43_N2,1,MB16-43_O2,1,MB16-43_F2,4,MB16-43_AlH3,1,MB16-43_P2,1,MB16-43_Cl2,453.06
MB16-43_13,-2,MB16-43_13,-5,MB16-43_H2,4,MB16-43_CH4,4,MB16-43_N2,2,MB16-43_O2,2,MB16-43_MgH2,2,MB16-43_S2,19.88
MB16-43_14,-2,MB16-43_14,-9,MB16-43_H2,2,MB16-43_LiH,4,MB16-43_BH3,1,MB16-43_O2,4,MB16-43_AlH3,2,MB16-43_SiH4,1,MB16-43_Cl2,384.89
MB16-43_15,-2,MB16-43_15,-15,MB16-43_H2,4,MB16-43_BH3,2,MB16-43_CH4,2,MB16-43_NaH,2,MB16-43_AlH3,4,MB16-43_SiH4,1,MB16-43_S2,1,MB16-43_Cl2,216.10
MB16-43_16,-2,MB16-43_16,-19,MB16-43_H2,2,MB16-43_LiH,6,MB16-43_BH3,1,MB16-43_O2,4,MB16-43_MgH2,2,MB16-43_AlH3,4,MB16-43_SiH4,326.76
MB16-43_17,-2,MB16-43_17,-9,MB16-43_H2,4,MB16-43_BH3,2,MB16-43_CH4,1,MB16-43_O2,3,MB16-43_F2,2,MB16-43_MgH2,2,MB16-43_SiH4,653.59
MB16-43_18,-2,MB16-43_18,-4,MB16-43_H2,6,MB16-43_BH3,1,MB16-43_N2,1,MB16-43_O2,1,MB16-43_F2,2,MB16-43_AlH3,1,MB16-43_Cl2,580.86
MB16-43_19,-2,MB16-43_19,-7,MB16-43_H2,2,MB16-43_LiH,4,MB16-43_BH3,1,MB16-43_O2,1,MB16-43_F2,4,MB16-43_AlH3,2,MB16-43_P2,1,MB16-43_S2,664.56
MB16-43_20,-2,MB16-43_20,-11,MB16-43_H2,6,MB16-43_BH3,4,MB16-43_CH4,2,MB16-43_N2,2,MB16-43_F2,1,MB16-43_P2,242.81
MB16-43_21,-2,MB16-43_21,-7,MB16-43_H2,2,MB16-43_BH3,2,MB16-43_O2,2,MB16-43_NaH,4,MB16-43_MgH2,4,MB16-43_AlH3,1,MB16-43_Cl2,806.23
MB16-43_22,-2,MB16-43_22,-3,MB16-43_H2,6,MB16-43_BH3,2,MB16-43_O2,1,MB16-43_F2,2,MB16-43_MgH2,1,MB16-43_P2,706.20
MB16-43_23,-2,MB16-43_23,-20,MB16-43_H2,8,MB16-43_BH3,2,MB16-43_CH4,1,MB16-43_F2,2,MB16-43_MgH2,4,MB16-43_SiH4,1,MB16-43_Cl2,215.39
MB16-43_24,-2,MB16-43_24,-8,MB16-43_H2,2,MB16-43_BH3,1,MB16-43_O2,4,MB16-43_F2,2,MB16-43_AlH3,4,MB16-43_SiH4,1,MB16-43_S2,1070.64
MB16-43_25,-1,MB16-43_25,-5,MB16-43_H2,2,MB16-43_BH3,1,MB16-43_O2,1,MB16-43_F2,1,MB16-43_AlH3,2,MB16-43_SiH4,322.49
MB16-43_26,-2,MB16-43_26,-8,MB16-43_H2,2,MB16-43_BH3,2,MB16-43_CH4,2,MB16-43_O2,2,MB16-43_MgH2,2,MB16-43_AlH3,2,MB16-43_SiH4,1,MB16-43_P2,373.67
MB16-43_27,-2,MB16-43_27,-12,MB16-43_H2,2,MB16-43_BH3,6,MB16-43_CH4,2,MB16-43_N2,1,MB16-43_O2,2,MB16-43_AlH3,1,MB16-43_S2,1,MB16-43_Cl2,114.97
MB16-43_28,-2,MB16-43_28,4,MB16-43_BH3,2,MB16-43_N2,1,MB16-43_O2,1,MB16-43_F2,2,MB16-43_AlH3,MB16-43_325.12
MB16-43_29,-2,MB16-43_29,-9,MB16-43_H2,2,MB16-43_LiH,4,MB16-43_BH3,2,MB16-43_CH4,1,MB16-43_N2,3,MB16-43_F2,2,MB16-43_SiH4,1,MB16-43_S2,695.10
MB16-43_30,-2,MB16-43_30,-12,MB16-43_H2,4,MB16-43_LiH,2,MB16-43_BH3,2,MB16-43_CH4,5,MB16-43_F2,2,MB16-43_AlH3,2,MB16-43_SiH4,1,MB16-43_S2,1290.74
MB16-43_31,-2,MB16-43_31,-8,MB16-43_H2,4,MB16-43_BH3,2,MB16-43_CH4,1,MB16-43_O2,1,MB16-43_F2,2,MB16-43_AlH3,4,MB16-43_P2,1,MB16-43_Cl2,534.90
MB16-43_32,-2,MB16-43_32,-11,MB16-43_H2,2,MB16-43_LiH,6,MB16-43_BH3,1,MB16-43_N2,2,MB16-43_F2,2,MB16-43_AlH3,2,MB16-43_SiH4,1,MB16-43_S2,685.58
MB16-43_33,-2,MB16-43_33,-6,MB16-43_H2,4,MB16-43_BH3,2,MB16-43_CH4,2,MB16-43_N2,1,MB16-43_F2,2,MB16-43_AlH3,2,MB16-43_S2,312.69
MB16-43_34,-2,MB16-43_34,-10,MB16-43_H2,2,MB16-43_BH3,2,MB16-43_CH4,1,MB16-43_N2,2,MB16-43_O2,1,MB16-43_F2,2,MB16-43_MgH2,2,MB16-43_AlH3,2,MB16-43_SiH4,1,MB16-43_P2,538.26
MB16-43_35,-2,MB16-43_35,-20,MB16-43_H2,2,MB16-43_LiH,4,MB16-43_BH3,4,MB16-43_CH4,1,MB16-43_O2,4,MB16-43_AlH3,2,MB16-43_SiH4,1,MB16-43_P2,1,MB16-43_Cl2,228.17
MB16-43_36,-2,MB16-43_36,3,MB16-43_H2,2,MB16-43_LiH,2,MB16-43_CH4,1,MB16-43_N2,2,MB16-43_O2,1,MB16-43_F2,1,MB16-43_P2,1,MB16-43_Cl2,552.85
MB16-43_37,-2,MB16-43_37,-19,MB16-43_H2,8,MB16-43_BH3,2,MB16-43_CH4,2,MB16-43_O2,1,MB16-43_F2,2,MB16-43_AlH3,2,MB16-43_SiH4,2,MB16-43_S2,629.78
MB16-43_38,-2,MB16-43_38,-12,MB16-43_H2,2,MB16-43_BH3,2,MB16-43_CH4,2,MB16-43_N2,1,MB16-43_F2,2,MB16-43_AlH3,4,MB16-43_SiH4,1,MB16-43_P2,1,MB16-43_S2,98.19
MB16-43_39,-2,MB16-43_39,-5,MB16-43_H2,2,MB16-43_LiH,2,MB16-43_BH3,4,MB16-43_CH4,2,MB16-43_F2,2,MB16-43_NaH,1,MB16-43_Cl2,436.40
MB16-43_40,-2,MB16-43_40,-26,MB16-43_H2,6,MB16-43_BH3,6,MB16-43_CH4,1,MB16-43_N2,2,MB16-43_AlH3,4,MB16-43_SiH4,-362.98
MB16-43_41,-2,MB16-43_41,-16,MB16-43_H2,4,MB16-43_BH3,6,MB16-43_CH4,1,MB16-43_F2,2,MB16-43_NaH,2,MB16-43_AlH3,2,MB16-43_S2,160.29
MB16-43_42,-2,MB16-43_42,-11,MB16-43_H2,4,MB16-43_BH3,2,MB16-43_CH4,1,MB16-43_N2,2,MB16-43_O2,2,MB16-43_F2,4,MB16-43_AlH3,1,MB16-43_P2,754.65
MB16-43_43,-2,MB16-43_43,-7,MB16-43_H2,2,MB16-43_BH3,3,MB16-43_N2,1,MB16-43_O2,1,MB16-43_F2,2,MB16-43_AlH3,4,MB16-43_SiH4,421.97
MCONF_1,-1,MCONF_1,1,MCONF_2,0.39
MCONF_2,-1,MCONF_1,1,MCONF_3,1.74
MCONF_3,-1,MCONF_1,1,MCONF_4,1.16
MCONF_4,-1,MCONF_1,1,MCONF_5,2.20
MCONF_5,-1,MCONF_1,1,MCONF_6,2.20
MCONF_6,-1,MCONF_1,1,MCONF_7,2.68
MCONF_7,-1,MCONF_1,1,MCONF_8,2.92
MCONF_8,-1,MCONF_1,1,MCONF_9,2.23
MCONF_9,-1,MCONF_1,1,MCONF_10,2.84
MCONF_10,-1,MCONF_1,1,MCONF_11,4.24
MCONF_11,-1,MCONF_1,1,MCONF_12,4.45
MCONF_12,-1,MCONF_1,1,MCONF_13,3.60
MCONF_13,-1,MCONF_1,1,MCONF_14,2.25
MCONF_14,-1,MCONF_1,1,MCONF_15,3.74
MCONF_15,-1,MCONF_1,1,MCONF_16,5.00
MCONF_16,-1,MCONF_1,1,MCONF_17,5.11
MCONF_17,-1,MCONF_1,1,MCONF_18,3.18
MCONF_18,-1,MCONF_1,1,MCONF_19,3.83
MCONF_19,-1,MCONF_1,1,MCONF_20,3.80
MCONF_20,-1,MCONF_1,1,MCONF_21,3.11
MCONF_21,-1,MCONF_1,1,MCONF_22,5.27
MCONF_22,-1,MCONF_1,1,MCONF_23,5.31
MCONF_23,-1,MCONF_1,1,MCONF_24,4.50
MCONF_24,-1,MCONF_1,1,MCONF_25,3.85
MCONF_25,-1,MCONF_1,1,MCONF_26,4.55
MCONF_26,-1,MCONF_1,1,MCONF_27,4.76
MCONF_27,-1,MCONF_1,1,MCONF_28,4.37
MCONF_28,-1,MCONF_1,1,MCONF_29,5.27
MCONF_29,-1,MCONF_1,1,MCONF_30,5.67
MCONF_30,-1,MCONF_1,1,MCONF_31,4.86
MCONF_31,-1,MCONF_1,1,MCONF_32,6.24
MCONF_32,-1,MCONF_1,1,MCONF_33,6.26
MCONF_33,-1,MCONF_1,1,MCONF_34,5.85
MCONF_34,-1,MCONF_1,1,MCONF_35,5.37
MCONF_35,-1,MCONF_1,1,MCONF_36,5.53
MCONF_36,-1,MCONF_1,1,MCONF_37,7.53
MCONF_37,-1,MCONF_1,1,MCONF_38,5.88
MCONF_38,-1,MCONF_1,1,MCONF_39,5.58
MCONF_39,-1,MCONF_1,1,MCONF_40,6.98
MCONF_40,-1,MCONF_1,1,MCONF_41,7.07
MCONF_41,-1,MCONF_1,1,MCONF_42,6.39
MCONF_42,-1,MCONF_1,1,MCONF_43,7.32
MCONF_43,-1,MCONF_1,1,MCONF_44,7.39
MCONF_44,-1,MCONF_1,1,MCONF_45,6.18
MCONF_45,-1,MCONF_1,1,MCONF_46,7.82
MCONF_46,-1,MCONF_1,1,MCONF_47,7.89
MCONF_47,-1,MCONF_1,1,MCONF_48,6.74
MCONF_48,-1,MCONF_1,1,MCONF_49,8.19
MCONF_49,-1,MCONF_1,1,MCONF_50,8.20
MCONF_50,-1,MCONF_1,1,MCONF_51,7.28
MCONF_51,-1,MCONF_1,1,MCONF_52,8.75
NBPRC_1,1,NBPRC_BH3PH3,-1,NBPRC_BH3,-1,NBPRC_PH3,-25.20
NBPRC_2,1,NBPRC_K_H,-1,NBPRC_BH3PH3,-1,NBPRC_H2,40.40
NBPRC_3,1,NBPRC_BF3PMe3,-1,NBPRC_BF3,-1,NBPRC_PMe3,-15.20
NBPRC_4,1,NBPRC_K_F,-1,NBPRC_BF3PMe3,-1,NBPRC_H2,18.50
NBPRC_5,1,NBPRC_BCl3PMe3,-1,NBPRC_BCl3,-1,NBPRC_PMe3,-31.20
NBPRC_6,1,NBPRC_K_Cl,-1,NBPRC_BCl3PMe3,-1,NBPRC_H2,17.60
PA26_1,1,PA26_p2,-1,PA26_p2p,167.20
PA26_2,1,PA26_p4,-1,PA26_p4p,192.90
PA26_3,1,PA26_p6,-1,PA26_p6p,209.20
PA26_4,1,PA26_p8,-1,PA26_p8p,219.20
PA26_5,1,PA26_nh3,-1,PA26_nh3p,211.90
PA26_6,1,PA26_h2o,-1,PA26_h2op,171.40
PA26_7,1,PA26_c2h2,-1,PA26_c2h2p,157.40
PA26_8,1,PA26_sih4,-1,PA26_sih4p,156.90
PA26_9,1,PA26_ph3,-1,PA26_ph3p,192.80
PA26_10,1,PA26_h2s,-1,PA26_h2sp,174.30
PA26_11,1,PA26_hcl,-1,PA26_hclp,137.80
PA26_12,1,PA26_h2,-1,PA26_h2p,106.20
PA26_13,1,PA26_c2f6,-1,PA26_c2f6p,120.80
PA26_14,1,PA26_ethanol,-1,PA26_ethanolp,191.90
PA26_15,1,PA26_ch3cooh,-1,PA26_ch3coohp,190.90
PA26_16,1,PA26_gly,-1,PA26_glyp,218.20
PA26_17,1,PA26_phenol,-1,PA26_phenolp,200.40
PA26_18,1,PA26_ass,-1,PA26_assp,210.20
PA26_19,1,PA26_ch2s,-1,PA26_ch2sp,188.30
PA26_20,1,PA26_si2h6,-1,PA26_si2h6p,181.90
PA26_21,1,PA26_cys,-1,PA26_cysp,221.30
PA26_22,1,PA26_phosphapyrrol,-1,PA26_phosphapyrrolp,219.60
PA26_23,1,PA26_A,-1,PA26_Ap,192.90
PA26_24,1,PA26_T,-1,PA26_Tp,210.70
PA26_25,1,PA26_G,-1,PA26_Gp,236.00
PA26_26,1,PA26_C,-1,PA26_Cp,235.10
PArel_1,-1,PArel_A0,1,PArel_A1,1.61
PArel_2,-1,PArel_A0,1,PArel_A2,8.50
PArel_3,-1,PArel_T1,1,PArel_T0,2.94
PArel_4,-1,PArel_T1,1,PArel_T2,6.22
PArel_5,-1,PArel_T1,1,PArel_T3,7.19
PArel_6,-1,PArel_arg2,1,PArel_arg0,2.38
PArel_7,-1,PArel_his1,1,PArel_his2,1.19
PArel_8,-1,PArel_his1,1,PArel_his0,0.79
PArel_9,-1,PArel_his1,1,PArel_his3,7.05
PArel_10,-1,PArel_sugar0,1,PArel_sugar2,2.98
PArel_11,-1,PArel_sugar0,1,PArel_sugar4,3.41
PArel_12,-1,PArel_sugar0,1,PArel_sugar3,3.21
PArel_13,-1,PArel_aminocoohbz2,1,PArel_aminocoohbz1,0.60
PArel_14,-1,PArel_aminocoohbz2,1,PArel_aminocoohbz3,7.21
PArel_15,-1,PArel_h4p2o71,1,PArel_h4p2o72,2.36
PArel_16,-1,PArel_h2s2o71,1,PArel_h2s2o72,17.88
PArel_17,-1,PArel_s4o42,1,PArel_s4o41,11.20
PArel_18,-1,PArel_c2h2f41,1,PArel_c2h2f42,1.27
PArel_19,-1,PArel_c2cl43,1,PArel_c2cl42,2.47
PArel_20,-1,PArel_c2cl43,1,PArel_c2cl41,2.15
PCONF21_1,-1,PCONF21_99,1,PCONF21_444,0.02
PCONF21_2,-1,PCONF21_99,1,PCONF21_357,1.01
PCONF21_3,-1,PCONF21_99,1,PCONF21_366,0.70
PCONF21_4,-1,PCONF21_99,1,PCONF21_215,0.85
PCONF21_5,-1,PCONF21_99,1,PCONF21_300,0.78
PCONF21_6,-1,PCONF21_99,1,PCONF21_114,1.92
PCONF21_7,-1,PCONF21_99,1,PCONF21_412,2.18
PCONF21_8,-1,PCONF21_99,1,PCONF21_691,1.61
PCONF21_9,-1,PCONF21_99,1,PCONF21_470,1.89
PCONF21_10,-1,PCONF21_99,1,PCONF21_224,2.07
PCONF21_11,-1,PCONF21_GLY_ab,1,PCONF21_GLY_aR,1.07
PCONF21_12,-1,PCONF21_GLY_ab,1,PCONF21_GLY_pII,1.23
PCONF21_13,-1,PCONF21_GLY_ab,1,PCONF21_GLY_aL,2.44
PCONF21_14,-1,PCONF21_GLY_ab,1,PCONF21_GLY_b,2.14
PCONF21_15,-1,PCONF21_SER_ab,1,PCONF21_SER_aR,1.47
PCONF21_16,-1,PCONF21_SER_ab,1,PCONF21_SER_pII,2.80
PCONF21_17,-1,PCONF21_SER_ab,1,PCONF21_SER_aL,2.27
PCONF21_18,-1,PCONF21_SER_ab,1,PCONF21_SER_b,2.74
PNICO23_1,-1,PNICO23_1,1,PNICO23_1a,1,PNICO23_1b,1.43
PNICO23_2,-1,PNICO23_2,1,PNICO23_2a,1,PNICO23_2b,8.02
PNICO23_3,-1,PNICO23_3,1,PNICO23_3a,1,PNICO23_3b,0.64
PNICO23_4,-1,PNICO23_4,1,PNICO23_4a,1,PNICO23_4b,4.26
PNICO23_5,-1,PNICO23_5,1,PNICO23_5a,1,PNICO23_5b,2.86
PNICO23_6,-1,PNICO23_6,1,PNICO23_6a,1,PNICO23_6b,1.32
PNICO23_7,-1,PNICO23_7,1,PNICO23_7a,1,PNICO23_7b,4.29
PNICO23_8,-1,PNICO23_8,1,PNICO23_8a,1,PNICO23_8b,2.63
PNICO23_9,-1,PNICO23_9,1,PNICO23_9a,1,PNICO23_9b,4.91
PNICO23_10,-1,PNICO23_10,1,PNICO23_10a,1,PNICO23_10b,2.21
PNICO23_11,-1,PNICO23_11,1,PNICO23_11a,1,PNICO23_11b,1.40
PNICO23_12,-1,PNICO23_12,1,PNICO23_12a,1,PNICO23_12b,2.62
PNICO23_13,-1,PNICO23_13,1,PNICO23_13a,1,PNICO23_13b,3.98
PNICO23_14,-1,PNICO23_14,1,PNICO23_14a,1,PNICO23_14b,4.10
PNICO23_15,-1,PNICO23_15,1,PNICO23_15a,1,PNICO23_15b,4.34
PNICO23_16,-1,PNICO23_16,1,PNICO23_16a,1,PNICO23_16b,1.78
PNICO23_17,-1,PNICO23_17,1,PNICO23_17a,1,PNICO23_17b,7.10
PNICO23_18,-1,PNICO23_18,1,PNICO23_18a,1,PNICO23_18b,2.35
PNICO23_19,-1,PNICO23_19,1,PNICO23_19a,1,PNICO23_19b,5.95
PNICO23_20,-1,PNICO23_20,1,PNICO23_20a,1,PNICO23_20b,8.18
PNICO23_21,-1,PNICO23_21,1,PNICO23_21a,1,PNICO23_21b,4.92
PNICO23_22,-1,PNICO23_22,1,PNICO23_22a,1,PNICO23_22b,8.03
PNICO23_23,-1,PNICO23_23,1,PNICO23_23a,1,PNICO23_23b,10.97
PX13_1,-1,PX13_nh3_2,1,PX13_nh3_2_ts,59.30
PX13_2,-1,PX13_nh3_3,1,PX13_nh3_3_ts,46.90
PX13_3,-1,PX13_nh3_4,1,PX13_nh3_4_ts,48.40
PX13_4,-1,PX13_h2o_2,1,PX13_h2o_2_ts,48.60
PX13_5,-1,PX13_h2o_3,1,PX13_h2o_3_ts,29.80
PX13_6,-1,PX13_h2o_4,1,PX13_h2o_4_ts,26.60
PX13_7,-1,PX13_h2o_5,1,PX13_h2o_5_ts,30.10
PX13_8,-1,PX13_h2o_6,1,PX13_h2o_6_ts,35.10
PX13_9,-1,PX13_hf_2,1,PX13_hf_2_ts,42.30
PX13_10,-1,PX13_hf_3,1,PX13_hf_3_ts,20.70
PX13_11,-1,PX13_hf_4,1,PX13_hf_4_ts,14.70
PX13_12,-1,PX13_hf_5,1,PX13_hf_5_ts,14.60
PX13_13,-1,PX13_hf_6,1,PX13_hf_6_ts,16.60
RC21_1,-1,RC21_1e,1,RC21_1p1,1,RC21_me,23.43
RC21_2,-1,RC21_1e,1,RC21_1p2,1,RC21_1p3,26.66
RC21_3,-1,RC21_2e,1,RC21_2p1,1,RC21_me,24.74
RC21_4,-1,RC21_2e,1,RC21_2p2,1,RC21_2p3,59.44
RC21_5,-1,RC21_3e,1,RC21_3p1,1,RC21_3p2,57.93
RC21_6,-1,RC21_3e,1,RC21_3int1,36.56
RC21_7,-1,RC21_3e,1,RC21_3int2,17.91
RC21_8,-1,RC21_3e,1,RC21_3int3,16.80
RC21_9,-1,RC21_3e,1,RC21_3p2,1,RC21_3p3,49.85
RC21_10,-1,RC21_4e,1,RC21_4p,1,RC21_me,45.16
RC21_11,-1,RC21_5e,1,RC21_5p,1,RC21_me,22.24
RC21_12,-1,RC21_6e,1,RC21_6int,-6.72
RC21_13,-1,RC21_6e,1,RC21_6p1,1,RC21_ethylene,21.21
RC21_14,-1,RC21_6e,1,RC21_6p3,1,RC21_me,22.03
RC21_15,-1,RC21_6e,1,RC21_1p2,1,RC21_pr,28.12
RC21_16,-1,RC21_7e,1,RC21_7p1,1,RC21_7p2,-0.73
RC21_17,-1,RC21_7e,1,RC21_7p3,1,RC21_7p4,50.66
RC21_18,-1,RC21_7e,1,RC21_7p5,1,RC21_7p6,30.38
RC21_19,-1,RC21_8e,1,RC21_8p1,1,RC21_ethylene,49.73
RC21_20,-1,RC21_9e,1,RC21_9p1,1,RC21_9p2,32.81
RC21_21,-1,RC21_10e,1,RC21_10p1,1,RC21_10p2,126.56
RG18_1,-1,RG18_ne2,2,RG18_ne,0.08
RG18_2,-1,RG18_ar2,2,RG18_ar,0.27
RG18_3,-1,RG18_kr2,2,RG18_kr,0.40
RG18_4,-1,RG18_ne3,3,RG18_ne,0.27
RG18_5,-1,RG18_ar3,3,RG18_ar,0.77
RG18_6,-1,RG18_kr3,3,RG18_kr,1.18
RG18_7,-1,RG18_ne4,4,RG18_ne,0.54
RG18_8,-1,RG18_ar4,4,RG18_ar,1.51
RG18_9,-1,RG18_ne6,6,RG18_ne,1.13
RG18_10,-1,RG18_hfNe,1,RG18_ne,1,RG18_hf,0.23
RG18_11,-1,RG18_hfAr,1,RG18_ar,1,RG18_hf,0.59
RG18_12,-1,RG18_hfKr,1,RG18_kr,1,RG18_hf,0.72
RG18_13,-1,RG18_c2h2Ne,1,RG18_ne,1,RG18_c2h2,0.12
RG18_14,-1,RG18_c2h2Ar,1,RG18_ar,1,RG18_c2h2,0.33
RG18_15,-1,RG18_c2h6Ne,1,RG18_ne,1,RG18_c2h6,0.24
RG18_16,-1,RG18_c2h6Ar,1,RG18_ar,1,RG18_c2h6,0.54
RG18_17,-1,RG18_bzNe,1,RG18_ne,1,RG18_bz,0.40
RG18_18,-1,RG18_bzAr,1,RG18_ar,1,RG18_bz,1.12
RSE43_1,-1,RSE43_E2,-1,RSE43_P1,1,RSE43_E1,1,RSE43_P2,-15.30
RSE43_2,-1,RSE43_E3,-1,RSE43_P1,1,RSE43_E1,1,RSE43_P3,2.00
RSE43_3,-1,RSE43_E4,-1,RSE43_P1,1,RSE43_E1,1,RSE43_P4,6.90
RSE43_4,-1,RSE43_E5,-1,RSE43_P1,1,RSE43_E1,1,RSE43_P5,-0.70
RSE43_5,-1,RSE43_E6,-1,RSE43_P1,1,RSE43_E1,1,RSE43_P6,0.10
RSE43_6,-1,RSE43_E7,-1,RSE43_P1,1,RSE43_E1,1,RSE43_P7,1.40
RSE43_7,-1,RSE43_E8,-1,RSE43_P1,1,RSE43_E1,1,RSE43_P8,-3.00
RSE43_8,-1,RSE43_E9,-1,RSE43_P1,1,RSE43_E1,1,RSE43_P9,-1.50
RSE43_9,-1,RSE43_E10,-1,RSE43_P1,1,RSE43_E1,1,RSE43_P10,-2.00
RSE43_10,-1,RSE43_E11,-1,RSE43_P1,1,RSE43_E1,1,RSE43_P11,-17.70
RSE43_11,-1,RSE43_E12,-1,RSE43_P1,1,RSE43_E1,1,RSE43_P12,-10.10
RSE43_12,-1,RSE43_E13,-1,RSE43_P1,1,RSE43_E1,1,RSE43_P13,-8.40
RSE43_13,-1,RSE43_E15,-1,RSE43_P1,1,RSE43_E1,1,RSE43_P15,-6.40
RSE43_14,-1,RSE43_E16,-1,RSE43_P1,1,RSE43_E1,1,RSE43_P16,-6.50
RSE43_15,-1,RSE43_E17,-1,RSE43_P1,1,RSE43_E1,1,RSE43_P17,-6.60
RSE43_16,-1,RSE43_E18,-1,RSE43_P1,1,RSE43_E1,1,RSE43_P18,-6.50
RSE43_17,-1,RSE43_E19,-1,RSE43_P1,1,RSE43_E1,1,RSE43_P19,-3.10
RSE43_18,-1,RSE43_E20,-1,RSE43_P1,1,RSE43_E1,1,RSE43_P20,-3.80
RSE43_19,-1,RSE43_E21,-1,RSE43_P1,1,RSE43_E1,1,RSE43_P21,-12.50
RSE43_20,-1,RSE43_E22,-1,RSE43_P1,1,RSE43_E1,1,RSE43_P22,4.70
RSE43_21,-1,RSE43_E23,-1,RSE43_P1,1,RSE43_E1,1,RSE43_P23,-13.10
RSE43_22,-1,RSE43_E24,-1,RSE43_P1,1,RSE43_E1,1,RSE43_P24,-11.20
RSE43_23,-1,RSE43_E25,-1,RSE43_P1,1,RSE43_E1,1,RSE43_P25,-8.90
RSE43_24,-1,RSE43_E26,-1,RSE43_P1,1,RSE43_E1,1,RSE43_P26,-13.30
RSE43_25,-1,RSE43_E27,-1,RSE43_P1,1,RSE43_E1,1,RSE43_P27,-3.50
RSE43_26,-1,RSE43_E28,-1,RSE43_P1,1,RSE43_E1,1,RSE43_P28,-3.80
RSE43_27,-1,RSE43_E29,-1,RSE43_P1,1,RSE43_E1,1,RSE43_P29,-2.90
RSE43_28,-1,RSE43_E30,-1,RSE43_P1,1,RSE43_E1,1,RSE43_P30,-6.00
RSE43_29,-1,RSE43_E31,-1,RSE43_P1,1,RSE43_E1,1,RSE43_P31,-6.40
RSE43_30,-1,RSE43_E32,-1,RSE43_P1,1,RSE43_E1,1,RSE43_P32,-4.30
RSE43_31,-1,RSE43_E33,-1,RSE43_P1,1,RSE43_E1,1,RSE43_P33,0.60
RSE43_32,-1,RSE43_E34,-1,RSE43_P1,1,RSE43_E1,1,RSE43_P34,-11.50
RSE43_33,-1,RSE43_E35,-1,RSE43_P1,1,RSE43_E1,1,RSE43_P35,-9.10
RSE43_34,-1,RSE43_E36,-1,RSE43_P1,1,RSE43_E1,1,RSE43_P36,2.40
RSE43_35,-1,RSE43_E37,-1,RSE43_P1,1,RSE43_E1,1,RSE43_P37,-10.10
RSE43_36,-1,RSE43_E38,-1,RSE43_P1,1,RSE43_E1,1,RSE43_P38,-0.40
RSE43_37,-1,RSE43_E39,-1,RSE43_P1,1,RSE43_E1,1,RSE43_P39,-3.50
RSE43_38,-1,RSE43_E40,-1,RSE43_P1,1,RSE43_E1,1,RSE43_P40,-23.10
RSE43_39,-1,RSE43_E41,-1,RSE43_P1,1,RSE43_E1,1,RSE43_P41,-25.10
RSE43_40,-1,RSE43_E42,-1,RSE43_P1,1,RSE43_E1,1,RSE43_P42,-26.40
RSE43_41,-1,RSE43_E43,-1,RSE43_P1,1,RSE43_E1,1,RSE43_P43,-13.10
RSE43_42,-1,RSE43_E44,-1,RSE43_P1,1,RSE43_E1,1,RSE43_P44,-6.70
RSE43_43,-1,RSE43_E45,-1,RSE43_P1,1,RSE43_E1,1,RSE43_P45,-2.30
S22_1,-1,S22_01,2,S22_01a,3.13
S22_2,-1,S22_02,2,S22_02a,4.99
S22_3,-1,S22_03,2,S22_03a,18.75
S22_4,-1,S22_04,2,S22_04a,16.06
S22_5,-1,S22_05,2,S22_05a,20.64
S22_6,-1,S22_06,1,S22_06a,1,S22_06b,16.93
S22_7,-1,S22_07,1,S22_07a,1,S22_07b,16.66
S22_8,-1,S22_08,2,S22_08a,0.53
S22_9,-1,S22_09,2,S22_09a,1.47
S22_10,-1,S22_10,1,S22_10a,1,S22_10b,1.45
S22_11,-1,S22_11,2,S22_11a,2.65
S22_12,-1,S22_12,2,S22_12a,4.25
S22_13,-1,S22_13,2,S22_13a,9.81
S22_14,-1,S22_14,1,S22_14a,1,S22_14b,4.52
S22_15,-1,S22_15,1,S22_15a,1,S22_15b,11.73
S22_16,-1,S22_16,1,S22_16a,1,S22_16b,1.50
S22_17,-1,S22_17,1,S22_17a,1,S22_17b,3.28
S22_18,-1,S22_18,1,S22_18a,1,S22_18b,2.31
S22_19,-1,S22_19,1,S22_19a,1,S22_19b,4.54
S22_20,-1,S22_20,1,S22_20a,1,S22_20b,2.72
S22_21,-1,S22_21,1,S22_21a,1,S22_21b,5.63
S22_22,-1,S22_22,1,S22_22a,1,S22_22b,7.10
S66_1,1,S66_01A,1,S66_01B,-1,S66_01,4.92
S66_2,1,S66_02A,1,S66_02B,-1,S66_02,5.59
S66_3,1,S66_03A,1,S66_03B,-1,S66_03,6.91
S66_4,1,S66_04A,1,S66_04B,-1,S66_04,8.10
S66_5,1,S66_05A,1,S66_05B,-1,S66_05,5.76
S66_6,1,S66_06A,1,S66_06B,-1,S66_06,7.55
S66_7,1,S66_07A,1,S66_07B,-1,S66_07,8.23
S66_8,1,S66_08A,1,S66_08B,-1,S66_08,5.01
S66_9,1,S66_09A,1,S66_09B,-1,S66_09,3.06
S66_10,1,S66_10A,1,S66_10B,-1,S66_10,4.16
S66_11,1,S66_11A,1,S66_11B,-1,S66_11,5.42
S66_12,1,S66_12A,1,S66_12B,-1,S66_12,7.27
S66_13,1,S66_13A,1,S66_13B,-1,S66_13,6.19
S66_14,1,S66_14A,1,S66_14B,-1,S66_14,7.45
S66_15,1,S66_15A,1,S66_15B,-1,S66_15,8.63
S66_16,1,S66_16A,1,S66_16B,-1,S66_16,5.12
S66_17,1,S66_17A,1,S66_17B,-1,S66_17,17.18
S66_18,1,S66_18A,1,S66_18B,-1,S66_18,6.86
S66_19,1,S66_19A,1,S66_19B,-1,S66_19,7.41
S66_20,1,S66_20A,1,S66_20B,-1,S66_20,19.09
S66_21,1,S66_21A,1,S66_21B,-1,S66_21,16.26
S66_22,1,S66_22A,1,S66_22B,-1,S66_22,19.49
S66_23,1,S66_23A,1,S66_23B,-1,S66_23,19.19
S66_24,1,S66_24A,1,S66_24B,-1,S66_24,2.82
S66_25,1,S66_25A,1,S66_25B,-1,S66_25,3.90
S66_26,1,S66_26A,1,S66_26B,-1,S66_26,9.83
S66_27,1,S66_27A,1,S66_27B,-1,S66_27,3.44
S66_28,1,S66_28A,1,S66_28B,-1,S66_28,5.71
S66_29,1,S66_29A,1,S66_29B,-1,S66_29,6.82
S66_30,1,S66_30A,1,S66_30B,-1,S66_30,1.43
S66_31,1,S66_31A,1,S66_31B,-1,S66_31,3.38
S66_32,1,S66_32A,1,S66_32B,-1,S66_32,3.74
S66_33,1,S66_33A,1,S66_33B,-1,S66_33,1.87
S66_34,1,S66_34A,1,S66_34B,-1,S66_34,3.78
S66_35,1,S66_35A,1,S66_35B,-1,S66_35,2.61
S66_36,1,S66_36A,1,S66_36B,-1,S66_36,1.78
S66_37,1,S66_37A,1,S66_37B,-1,S66_37,2.40
S66_38,1,S66_38A,1,S66_38B,-1,S66_38,3.00
S66_39,1,S66_39A,1,S66_39B,-1,S66_39,3.58
S66_40,1,S66_40A,1,S66_40B,-1,S66_40,2.90
S66_41,1,S66_41A,1,S66_41B,-1,S66_41,4.85
S66_42,1,S66_42A,1,S66_42B,-1,S66_42,4.14
S66_43,1,S66_43A,1,S66_43B,-1,S66_43,3.71
S66_44,1,S66_44A,1,S66_44B,-1,S66_44,2.01
S66_45,1,S66_45A,1,S66_45B,-1,S66_45,1.75
S66_46,1,S66_46A,1,S66_46B,-1,S66_46,4.26
S66_47,1,S66_47A,1,S66_47B,-1,S66_47,2.88
S66_48,1,S66_48A,1,S66_48B,-1,S66_48,3.54
S66_49,1,S66_49A,1,S66_49B,-1,S66_49,3.33
S66_50,1,S66_50A,1,S66_50B,-1,S66_50,2.87
S66_51,1,S66_51A,1,S66_51B,-1,S66_51,1.52
S66_52,1,S66_52A,1,S66_52B,-1,S66_52,4.71
S66_53,1,S66_53A,1,S66_53B,-1,S66_53,4.36
S66_54,1,S66_54A,1,S66_54B,-1,S66_54,3.28
S66_55,1,S66_55A,1,S66_55B,-1,S66_55,4.19
S66_56,1,S66_56A,1,S66_56B,-1,S66_56,3.23
S66_57,1,S66_57A,1,S66_57B,-1,S66_57,5.28
S66_58,1,S66_58A,1,S66_58B,-1,S66_58,4.15
S66_59,1,S66_59A,1,S66_59B,-1,S66_59,2.85
S66_60,1,S66_60A,1,S66_60B,-1,S66_60,4.87
S66_61,1,S66_61A,1,S66_61B,-1,S66_61,2.91
S66_62,1,S66_62A,1,S66_62B,-1,S66_62,3.53
S66_63,1,S66_63A,1,S66_63B,-1,S66_63,3.80
S66_64,1,S66_64A,1,S66_64B,-1,S66_64,3.00
S66_65,1,S66_65A,1,S66_65B,-1,S66_65,3.99
S66_66,1,S66_66A,1,S66_66B,-1,S66_66,3.97
SCONF_1,-1,SCONF_C1,1,SCONF_C2,0.86
SCONF_2,-1,SCONF_C1,1,SCONF_C3,2.28
SCONF_3,-1,SCONF_C1,1,SCONF_C4,3.08
SCONF_4,-1,SCONF_C1,1,SCONF_C5,4.60
SCONF_5,-1,SCONF_C1,1,SCONF_C6,4.87
SCONF_6,-1,SCONF_C1,1,SCONF_C7,4.16
SCONF_7,-1,SCONF_C1,1,SCONF_C8,4.38
SCONF_8,-1,SCONF_C1,1,SCONF_C9,6.19
SCONF_9,-1,SCONF_C1,1,SCONF_C10,6.18
SCONF_10,-1,SCONF_C1,1,SCONF_C11,5.65
SCONF_11,-1,SCONF_C1,1,SCONF_C12,5.59
SCONF_12,-1,SCONF_C1,1,SCONF_C13,5.93
SCONF_13,-1,SCONF_C1,1,SCONF_C14,6.31
SCONF_14,-1,SCONF_C1,1,SCONF_C15,6.22
SCONF_15,-1,SCONF_G1,1,SCONF_G2,0.20
SCONF_16,-1,SCONF_G1,1,SCONF_G3,6.16
SCONF_17,-1,SCONF_G1,1,SCONF_G4,5.54
SIE4x4_1,1,SIE4x4_h,-1,SIE4x4_h2+_1_0,64.40
SIE4x4_2,1,SIE4x4_h,-1,SIE4x4_h2+_1_25,58.90
SIE4x4_3,1,SIE4x4_h,-1,SIE4x4_h2+_1_5,48.70
SIE4x4_4,1,SIE4x4_h,-1,SIE4x4_h2+_1_75,38.30
SIE4x4_5,1,SIE4x4_he,1,SIE4x4_he+,-1,SIE4x4_he2+_1_0,56.90
SIE4x4_6,1,SIE4x4_he,1,SIE4x4_he+,-1,SIE4x4_he2+_1_25,46.90
SIE4x4_7,1,SIE4x4_he,1,SIE4x4_he+,-1,SIE4x4_he2+_1_5,31.30
SIE4x4_8,1,SIE4x4_he,1,SIE4x4_he+,-1,SIE4x4_he2+_1_75,19.10
SIE4x4_9,1,SIE4x4_nh3,1,SIE4x4_nh3+,-1,SIE4x4_nh32+_1_0,35.90
SIE4x4_10,1,SIE4x4_nh3,1,SIE4x4_nh3+,-1,SIE4x4_nh32+_1_25,25.90
SIE4x4_11,1,SIE4x4_nh3,1,SIE4x4_nh3+,-1,SIE4x4_nh32+_1_5,13.40
SIE4x4_12,1,SIE4x4_nh3,1,SIE4x4_nh3+,-1,SIE4x4_nh32+_1_75,4.90
SIE4x4_13,1,SIE4x4_h2o,1,SIE4x4_h2o+,-1,SIE4x4_h2o2+_1_0,39.70
SIE4x4_14,1,SIE4x4_h2o,1,SIE4x4_h2o+,-1,SIE4x4_h2o2+_1_25,29.10
SIE4x4_15,1,SIE4x4_h2o,1,SIE4x4_h2o+,-1,SIE4x4_h2o2+_1_5,16.90
SIE4x4_16,1,SIE4x4_h2o,1,SIE4x4_h2o+,-1,SIE4x4_h2o2+_1_75,9.30
TAUT15_1,-1,TAUT15_1a,1,TAUT15_1b,4.30
TAUT15_2,-1,TAUT15_2a,1,TAUT15_2b,6.56
TAUT15_3,-1,TAUT15_3a,1,TAUT15_3b,-5.44
TAUT15_4,-1,TAUT15_3a,1,TAUT15_3c,5.25
TAUT15_5,-1,TAUT15_3a,1,TAUT15_3d,13.03
TAUT15_6,-1,TAUT15_4a,1,TAUT15_4b,0.93
TAUT15_7,-1,TAUT15_5a,1,TAUT15_5b,0.74
TAUT15_8,-1,TAUT15_5a,1,TAUT15_5c,1.45
TAUT15_9,-1,TAUT15_6a,1,TAUT15_6b,-0.17
TAUT15_10,-1,TAUT15_6a,1,TAUT15_6c,-0.87
TAUT15_11,-1,TAUT15_6a,1,TAUT15_6d,2.85
TAUT15_12,-1,TAUT15_7a,1,TAUT15_7b,2.15
TAUT15_13,-1,TAUT15_8a,1,TAUT15_8b,0.55
TAUT15_14,-1,TAUT15_9a,1,TAUT15_9b,0.95
TAUT15_15,-1,TAUT15_10a,1,TAUT15_10b,-0.45
UPU23_1,-1,UPU23_2p,1,UPU23_1a,4.87
UPU23_2,-1,UPU23_2p,1,UPU23_1b,2.97
UPU23_3,-1,UPU23_2p,1,UPU23_1c,8.90
UPU23_4,-1,UPU23_2p,1,UPU23_1g,2.22
UPU23_5,-1,UPU23_2p,1,UPU23_1p,2.02
UPU23_6,-1,UPU23_2p,1,UPU23_2a,3.14
UPU23_7,-1,UPU23_2p,1,UPU23_5z,0.57
UPU23_8,-1,UPU23_2p,1,UPU23_6p,3.32
UPU23_9,-1,UPU23_2p,1,UPU23_7a,7.26
UPU23_10,-1,UPU23_2p,1,UPU23_aa,3.96
UPU23_11,-1,UPU23_2p,1,UPU23_1e,11.13
UPU23_12,-1,UPU23_2p,1,UPU23_0a,4.82
UPU23_13,-1,UPU23_2p,1,UPU23_1f,14.41
UPU23_14,-1,UPU23_2p,1,UPU23_9a,5.15
UPU23_15,-1,UPU23_2p,1,UPU23_4b,5.48
UPU23_16,-1,UPU23_2p,1,UPU23_3a,6.84
UPU23_17,-1,UPU23_2p,1,UPU23_7p,3.90
UPU23_18,-1,UPU23_2p,1,UPU23_8d,6.43
UPU23_19,-1,UPU23_2p,1,UPU23_3d,5.42
UPU23_20,-1,UPU23_2p,1,UPU23_0b,6.70
UPU23_21,-1,UPU23_2p,1,UPU23_1m,5.60
UPU23_22,-1,UPU23_2p,1,UPU23_2h,10.42
UPU23_23,-1,UPU23_2p,1,UPU23_3b,6.09
W4-11_1,-1,W4-11_h2,2,W4-11_h,109.49
W4-11_2,-1,W4-11_alh3,1,W4-11_al,3,W4-11_h,213.17
W4-11_3,-1,W4-11_alh,1,W4-11_al,1,W4-11_h,73.57
W4-11_4,-1,W4-11_sih4,1,W4-11_si,4,W4-11_h,324.94
W4-11_5,-1,W4-11_bh3,1,W4-11_b,3,W4-11_h,281.29
W4-11_6,-1,W4-11_bh,1,W4-11_b,1,W4-11_h,85.00
W4-11_7,-1,W4-11_ch2-trip,1,W4-11_c,2,W4-11_h,190.75
W4-11_8,-1,W4-11_sih,1,W4-11_si,1,W4-11_h,73.92
W4-11_9,-1,W4-11_si2h6,2,W4-11_si,6,W4-11_h,535.89
W4-11_10,-1,W4-11_ch3,1,W4-11_c,3,W4-11_h,307.87
W4-11_11,-1,W4-11_ch4,1,W4-11_c,4,W4-11_h,420.42
W4-11_12,-1,W4-11_b2h6,2,W4-11_b,6,W4-11_h,607.02
W4-11_13,-1,W4-11_sih3f,1,W4-11_si,3,W4-11_h,1,W4-11_f,382.75
W4-11_14,-1,W4-11_ph3,1,W4-11_p,3,W4-11_h,242.27
W4-11_15,-1,W4-11_c2h6,2,W4-11_c,6,W4-11_h,713.08
W4-11_16,-1,W4-11_propane,3,W4-11_c,8,W4-11_h,1007.91
W4-11_17,-1,W4-11_ch2-sing,1,W4-11_c,2,W4-11_h,181.46
W4-11_18,-1,W4-11_ch,1,W4-11_c,1,W4-11_h,84.22
W4-11_19,-1,W4-11_h2s,2,W4-11_h,1,W4-11_s,183.91
W4-11_20,-1,W4-11_hs,1,W4-11_h,1,W4-11_s,87.73
W4-11_21,-1,W4-11_c2h5f,2,W4-11_c,5,W4-11_h,1,W4-11_f,721.50
W4-11_22,-1,W4-11_ch3nh2,1,W4-11_c,1,W4-11_n,5,W4-11_h,582.30
W4-11_23,-1,W4-11_ch3f,1,W4-11_c,1,W4-11_f,3,W4-11_h,422.96
W4-11_24,-1,W4-11_propene,3,W4-11_c,6,W4-11_h,861.58
W4-11_25,-1,W4-11_nh3,1,W4-11_n,3,W4-11_h,298.02
W4-11_26,-1,W4-11_ethanol,2,W4-11_c,1,W4-11_o,6,W4-11_h,811.24
W4-11_27,-1,W4-11_ch3nh,1,W4-11_c,1,W4-11_n,4,W4-11_h,474.63
W4-11_28,-1,W4-11_c2h4,2,W4-11_c,4,W4-11_h,564.09
W4-11_29,-1,W4-11_methanol,1,W4-11_c,1,W4-11_o,4,W4-11_h,513.50
W4-11_30,-1,W4-11_hcl,1,W4-11_h,1,W4-11_cl,107.50
W4-11_31,-1,W4-11_nh2,1,W4-11_n,2,W4-11_h,182.59
W4-11_32,-1,W4-11_nh,1,W4-11_n,1,W4-11_h,83.10
W4-11_33,-1,W4-11_ch2nh2,1,W4-11_c,1,W4-11_n,4,W4-11_h,482.28
W4-11_34,-1,W4-11_bhf2,1,W4-11_b,1,W4-11_h,2,W4-11_f,410.97
W4-11_35,-1,W4-11_h2o,2,W4-11_h,1,W4-11_o,232.97
W4-11_36,-1,W4-11_hf,1,W4-11_h,1,W4-11_f,141.64
W4-11_37,-1,W4-11_ch2ch,2,W4-11_c,3,W4-11_h,446.08
W4-11_38,-1,W4-11_oh,1,W4-11_o,1,W4-11_h,107.21
W4-11_39,-1,W4-11_propyne,3,W4-11_c,4,W4-11_h,705.61
W4-11_40,-1,W4-11_acetaldehyde,2,W4-11_c,1,W4-11_o,4,W4-11_h,677.86
W4-11_41,-1,W4-11_allene,3,W4-11_c,4,W4-11_h,704.10
W4-11_42,-1,W4-11_sif4,1,W4-11_si,4,W4-11_f,577.78
W4-11_43,-1,W4-11_bf3,1,W4-11_b,3,W4-11_f,470.97
W4-11_44,-1,W4-11_c2h3f,2,W4-11_c,1,W4-11_f,3,W4-11_h,573.89
W4-11_45,-1,W4-11_oxirane,2,W4-11_c,1,W4-11_o,4,W4-11_h,651.53
W4-11_46,-1,W4-11_ch2f2,1,W4-11_c,2,W4-11_f,2,W4-11_h,437.67
W4-11_47,-1,W4-11_alf3,1,W4-11_al,3,W4-11_f,430.97
W4-11_48,-1,W4-11_bef2,1,W4-11_be,2,W4-11_f,309.10
W4-11_49,-1,W4-11_ch2c,2,W4-11_c,2,W4-11_h,359.93
W4-11_50,-1,W4-11_n2h4,4,W4-11_h,2,W4-11_n,438.28
W4-11_51,-1,W4-11_ch2nh,1,W4-11_c,1,W4-11_n,3,W4-11_h,439.44
W4-11_52,-1,W4-11_alf,1,W4-11_al,1,W4-11_f,163.78
W4-11_53,-1,W4-11_acetic,2,W4-11_c,2,W4-11_o,4,W4-11_h,804.02
W4-11_54,-1,W4-11_c2h2,2,W4-11_c,2,W4-11_h,405.52
W4-11_55,-1,W4-11_h2co,2,W4-11_h,1,W4-11_c,1,W4-11_o,374.66
W4-11_56,-1,W4-11_h2cn,2,W4-11_h,1,W4-11_c,1,W4-11_n,343.75
W4-11_57,-1,W4-11_bf,1,W4-11_b,1,W4-11_f,182.52
W4-11_58,-1,W4-11_becl2,1,W4-11_be,2,W4-11_cl,225.27
W4-11_59,-1,W4-11_t-hcoh,1,W4-11_c,1,W4-11_o,2,W4-11_h,322.48
W4-11_60,-1,W4-11_alcl3,1,W4-11_al,3,W4-11_cl,312.65
W4-11_61,-1,W4-11_c-hcoh,1,W4-11_c,1,W4-11_o,2,W4-11_h,317.65
W4-11_62,-1,W4-11_alcl,1,W4-11_al,1,W4-11_cl,122.62
W4-11_63,-1,W4-11_ketene,2,W4-11_c,1,W4-11_o,2,W4-11_h,533.46
W4-11_64,-1,W4-11_sif,1,W4-11_si,1,W4-11_f,142.71
W4-11_65,-1,W4-11_formic,1,W4-11_c,2,W4-11_o,2,W4-11_h,501.90
W4-11_66,-1,W4-11_hcnh,1,W4-11_c,1,W4-11_n,2,W4-11_h,336.25
W4-11_67,-1,W4-11_glyoxal,2,W4-11_c,2,W4-11_o,2,W4-11_h,635.10
W4-11_68,-1,W4-11_hcof,1,W4-11_c,1,W4-11_o,1,W4-11_f,1,W4-11_h,403.74
W4-11_69,-1,W4-11_nh2cl,1,W4-11_n,1,W4-11_cl,2,W4-11_h,248.06
W4-11_70,-1,W4-11_cf4,1,W4-11_c,4,W4-11_f,478.76
W4-11_71,-1,W4-11_hccf,2,W4-11_c,1,W4-11_f,1,W4-11_h,398.47
W4-11_72,-1,W4-11_hcn,1,W4-11_h,1,W4-11_c,1,W4-11_n,313.42
W4-11_73,-1,W4-11_hnc,1,W4-11_h,1,W4-11_c,1,W4-11_n,298.20
W4-11_74,-1,W4-11_cch,2,W4-11_c,1,W4-11_h,266.16
W4-11_75,-1,W4-11_hco,1,W4-11_h,1,W4-11_c,1,W4-11_o,279.42
W4-11_76,-1,W4-11_co,1,W4-11_c,1,W4-11_o,259.73
W4-11_77,-1,W4-11_oxirene,2,W4-11_c,1,W4-11_o,2,W4-11_h,456.07
W4-11_78,-1,W4-11_f2co,1,W4-11_c,1,W4-11_o,2,W4-11_f,420.64
W4-11_79,-1,W4-11_hocn,1,W4-11_c,1,W4-11_o,1,W4-11_n,1,W4-11_h,410.07
W4-11_80,-1,W4-11_hooh,2,W4-11_h,2,W4-11_o,269.09
W4-11_81,-1,W4-11_t-n2h2,2,W4-11_h,2,W4-11_n,296.53
W4-11_82,-1,W4-11_hnco,1,W4-11_c,1,W4-11_o,1,W4-11_n,1,W4-11_h,434.74
W4-11_83,-1,W4-11_c-n2h2,2,W4-11_h,2,W4-11_n,291.13
W4-11_84,-1,W4-11_cf2,1,W4-11_c,2,W4-11_f,258.78
W4-11_85,-1,W4-11_co2,1,W4-11_c,2,W4-11_o,390.14
W4-11_86,-1,W4-11_fccf,2,W4-11_c,2,W4-11_f,386.09
W4-11_87,-1,W4-11_dioxirane,1,W4-11_c,2,W4-11_o,2,W4-11_h,410.03
W4-11_88,-1,W4-11_cf,1,W4-11_c,1,W4-11_f,132.72
W4-11_89,-1,W4-11_ssh,2,W4-11_s,1,W4-11_h,165.13
W4-11_90,-1,W4-11_hocl,1,W4-11_h,1,W4-11_o,1,W4-11_cl,166.23
W4-11_91,-1,W4-11_nccn,2,W4-11_n,2,W4-11_c,502.04
W4-11_92,-1,W4-11_n2,2,W4-11_n,228.49
W4-11_93,-1,W4-11_n2h,2,W4-11_n,1,W4-11_h,224.86
W4-11_94,-1,W4-11_ocs,1,W4-11_o,1,W4-11_c,1,W4-11_s,335.75
W4-11_95,-1,W4-11_sio,1,W4-11_si,1,W4-11_o,193.05
W4-11_96,-1,W4-11_clcn,1,W4-11_cl,1,W4-11_c,1,W4-11_n,285.45
W4-11_97,-1,W4-11_hoo,1,W4-11_h,2,W4-11_o,175.53
W4-11_98,-1,W4-11_hcno,1,W4-11_c,1,W4-11_o,1,W4-11_n,1,W4-11_h,364.97
W4-11_99,-1,W4-11_honc,1,W4-11_c,1,W4-11_o,1,W4-11_n,1,W4-11_h,350.15
W4-11_100,-1,W4-11_hno,1,W4-11_h,1,W4-11_n,1,W4-11_o,205.89
W4-11_101,-1,W4-11_hof,1,W4-11_h,1,W4-11_o,1,W4-11_f,158.65
W4-11_102,-1,W4-11_c-hono,1,W4-11_h,1,W4-11_n,2,W4-11_o,312.22
W4-11_103,-1,W4-11_t-hono,1,W4-11_h,1,W4-11_n,2,W4-11_o,312.65
W4-11_104,-1,W4-11_cs2,1,W4-11_c,2,W4-11_s,280.78
W4-11_105,-1,W4-11_hnnn,1,W4-11_h,3,W4-11_n,331.78
W4-11_106,-1,W4-11_cs,1,W4-11_c,1,W4-11_s,172.22
W4-11_107,-1,W4-11_cn,1,W4-11_c,1,W4-11_n,181.35
W4-11_108,-1,W4-11_so3,1,W4-11_s,3,W4-11_o,346.94
W4-11_109,-1,W4-11_ccl2,1,W4-11_c,2,W4-11_cl,177.36
W4-11_110,-1,W4-11_bn3pi,1,W4-11_b,1,W4-11_n,105.82
W4-11_111,-1,W4-11_so2,1,W4-11_s,2,W4-11_o,260.62
W4-11_112,-1,W4-11_no,1,W4-11_n,1,W4-11_o,152.74
W4-11_113,-1,W4-11_so,1,W4-11_s,1,W4-11_o,126.46
W4-11_114,-1,W4-11_n2o,2,W4-11_n,1,W4-11_o,270.85
W4-11_115,-1,W4-11_c-hooo,1,W4-11_h,3,W4-11_o,233.09
W4-11_116,-1,W4-11_s2,2,W4-11_s,104.25
W4-11_117,-1,W4-11_p4,4,W4-11_p,290.58
W4-11_118,-1,W4-11_cl2,2,W4-11_cl,59.75
W4-11_119,-1,W4-11_o2,2,W4-11_o,120.82
W4-11_120,-1,W4-11_f2,2,W4-11_f,39.04
W4-11_121,-1,W4-11_t-hooo,1,W4-11_h,3,W4-11_o,233.30
W4-11_122,-1,W4-11_s2o,2,W4-11_s,1,W4-11_o,208.78
W4-11_123,-1,W4-11_p2,2,W4-11_p,117.59
W4-11_124,-1,W4-11_clf,1,W4-11_cl,1,W4-11_f,62.80
W4-11_125,-1,W4-11_no2,1,W4-11_n,2,W4-11_o,227.88
W4-11_126,-1,W4-11_clo,1,W4-11_cl,1,W4-11_o,65.45
W4-11_127,-1,W4-11_s3,3,W4-11_s,168.36
W4-11_128,-1,W4-11_cl2o,2,W4-11_cl,1,W4-11_o,101.46
W4-11_129,-1,W4-11_s4-c2v,4,W4-11_s,234.35
W4-11_130,-1,W4-11_of,1,W4-11_o,1,W4-11_f,53.07
W4-11_131,-1,W4-11_c2,2,W4-11_c,147.02
W4-11_132,-1,W4-11_oclo,2,W4-11_o,1,W4-11_cl,128.12
W4-11_133,-1,W4-11_f2o,2,W4-11_f,1,W4-11_o,93.78
W4-11_134,-1,W4-11_b2,2,W4-11_b,67.46
W4-11_135,-1,W4-11_fo2,1,W4-11_f,2,W4-11_o,134.72
W4-11_136,-1,W4-11_cloo,1,W4-11_cl,2,W4-11_o,126.39
W4-11_137,-1,W4-11_foof,2,W4-11_f,2,W4-11_o,152.37
W4-11_138,-1,W4-11_o3,3,W4-11_o,147.43
W4-11_139,-1,W4-11_bn,1,W4-11_b,1,W4-11_n,105.24
W4-11_140,-1,W4-11_be2,2,W4-11_be,2.67
WATER27_1,-1,WATER27_H2O2,2,WATER27_H2O,5.01
WATER27_2,-1,WATER27_H2O3,3,WATER27_H2O,15.80
WATER27_3,-1,WATER27_H2O4,4,WATER27_H2O,27.40
WATER27_4,-1,WATER27_H2O5,5,WATER27_H2O,35.90
WATER27_5,-1,WATER27_H2O6,6,WATER27_H2O,46.00
WATER27_6,-1,WATER27_H2O6c,6,WATER27_H2O,45.80
WATER27_7,-1,WATER27_H2O6b,6,WATER27_H2O,45.30
WATER27_8,-1,WATER27_H2O6c2,6,WATER27_H2O,44.30
WATER27_9,-1,WATER27_H2O8d2d,8,WATER27_H2O,72.60
WATER27_10,-1,WATER27_H2O8s4,8,WATER27_H2O,72.60
WATER27_11,-1,WATER27_H2O20,20,WATER27_H2O,198.60
WATER27_12,-1,WATER27_H2O20fc,20,WATER27_H2O,208.00
WATER27_13,-1,WATER27_H2O20fs,20,WATER27_H2O,208.00
WATER27_14,-1,WATER27_H2O20es,20,WATER27_H2O,209.70
WATER27_15,-1,WATER27_H3OpH2O,1,WATER27_H3Op,1,WATER27_H2O,33.50
WATER27_16,-1,WATER27_H3OpH2O2,1,WATER27_H3Op,2,WATER27_H2O,56.90
WATER27_17,-1,WATER27_H3OpH2O3,1,WATER27_H3Op,3,WATER27_H2O,76.50
WATER27_18,-1,WATER27_H3OpH2O63d,1,WATER27_H3Op,6,WATER27_H2O,117.80
WATER27_19,-1,WATER27_H3OpH2O62d,1,WATER27_H3Op,6,WATER27_H2O,114.90
WATER27_20,-1,WATER27_OHmH2O,1,WATER27_OHm,1,WATER27_H2O,26.60
WATER27_21,-1,WATER27_OHmH2O2,1,WATER27_OHm,2,WATER27_H2O,48.40
WATER27_22,-1,WATER27_OHmH2O3,1,WATER27_OHm,3,WATER27_H2O,67.60
WATER27_23,-1,WATER27_OHmH2O4c4,1,WATER27_OHm,4,WATER27_H2O,84.80
WATER27_24,-1,WATER27_OHmH2O4cs,1,WATER27_OHm,4,WATER27_H2O,84.80
WATER27_25,-1,WATER27_OHmH2O5,1,WATER27_OHm,5,WATER27_H2O,100.70
WATER27_26,-1,WATER27_OHmH2O6,1,WATER27_OHm,6,WATER27_H2O,115.70
WATER27_27,1,WATER27_H3OpH2O6OHm,-1,WATER27_H2O8s4,28.50
WCPT18_1,-1,WCPT18_reac1,1,WCPT18_ts1,36.76
WCPT18_2,-1,WCPT18_reac2,1,WCPT18_ts2,36.21
WCPT18_3,-1,WCPT18_reac3,1,WCPT18_ts3,60.95
WCPT18_4,-1,WCPT18_reac4,1,WCPT18_ts4,47.52
WCPT18_5,-1,WCPT18_reac5,1,WCPT18_ts5,65.68
WCPT18_6,-1,WCPT18_reac6,1,WCPT18_ts6,81.24
WCPT18_7,-1,WCPT18_reac7,1,WCPT18_ts7,32.00
WCPT18_8,-1,WCPT18_reac8,1,WCPT18_ts8,28.97
WCPT18_9,-1,WCPT18_reac9,1,WCPT18_ts9,58.80
WCPT18_10,-1,WCPT18_reac1,-1,WCPT18_h2o,1,WCPT18_ts1h2o,5.40
WCPT18_11,-1,WCPT18_reac2,-1,WCPT18_h2o,1,WCPT18_ts2h2o,2.68
WCPT18_12,-1,WCPT18_reac3,-1,WCPT18_h2o,1,WCPT18_ts3h2o,28.78
WCPT18_13,-1,WCPT18_reac4,-1,WCPT18_h2o,1,WCPT18_ts4h2o,8.68
WCPT18_14,-1,WCPT18_reac5,-1,WCPT18_h2o,1,WCPT18_ts5h2o,33.89
WCPT18_15,-1,WCPT18_reac6,-1,WCPT18_h2o,1,WCPT18_ts6h2o,59.63
WCPT18_16,-1,WCPT18_reac7,-1,WCPT18_h2o,1,WCPT18_ts7h2o,5.83
WCPT18_17,-1,WCPT18_reac8,-1,WCPT18_h2o,1,WCPT18_ts8h2o,3.54
WCPT18_18,-1,WCPT18_reac9,-1,WCPT18_h2o,1,WCPT18_ts9h2o,33.22
YBDE18_1,-1,YBDE18_f2s-cbh22,1,YBDE18_f2s,1,YBDE18_cbh22,57.17
YBDE18_2,-1,YBDE18_f2s-ch2,1,YBDE18_f2s,1,YBDE18_ch2,91.14
YBDE18_3,-1,YBDE18_h2s-cbh22,1,YBDE18_h2s,1,YBDE18_cbh22,20.96
YBDE18_4,-1,YBDE18_h2s-ch2,1,YBDE18_h2s,1,YBDE18_ch2,36.40
YBDE18_5,-1,YBDE18_me2s-cbh22,1,YBDE18_me2s,1,YBDE18_cbh22,38.99
YBDE18_6,-1,YBDE18_me2s-ch2,1,YBDE18_me2s,1,YBDE18_ch2,51.74
YBDE18_7,-1,YBDE18_nf3-cbh22,1,YBDE18_nf3,1,YBDE18_cbh22,12.31
YBDE18_8,-1,YBDE18_nf3-ch2,1,YBDE18_nf3,1,YBDE18_ch2,53.73
YBDE18_9,-1,YBDE18_nh3-cbh22,1,YBDE18_nh3,1,YBDE18_cbh22,32.58
YBDE18_10,-1,YBDE18_nh3-ch2,1,YBDE18_nh3,1,YBDE18_ch2,28.87
YBDE18_11,-1,YBDE18_nme3-cbh22,1,YBDE18_nme3,1,YBDE18_cbh22,42.11
YBDE18_12,-1,YBDE18_nme3-ch2,1,YBDE18_nme3,1,YBDE18_ch2,42.81
YBDE18_13,-1,YBDE18_pf3-cbh22,1,YBDE18_pf3,1,YBDE18_cbh22,52.28
YBDE18_14,-1,YBDE18_pf3-ch2,1,YBDE18_pf3,1,YBDE18_ch2,76.37
YBDE18_15,-1,YBDE18_ph3-cbh22,1,YBDE18_ph3,1,YBDE18_cbh22,44.80
YBDE18_16,-1,YBDE18_ph3-ch2,1,YBDE18_ph3,1,YBDE18_ch2,60.11
YBDE18_17,-1,YBDE18_pme3-cbh22,1,YBDE18_pme3,1,YBDE18_cbh22,66.59
YBDE18_18,-1,YBDE18_pme3-ch2,1,YBDE18_pme3,1,YBDE18_ch2,78.00
