ACONF_1,-1,ACONF_B_T,1,ACONF_B_G,2.50
ACONF_2,-1,ACONF_P_TT,1,ACONF_P_TG,2.57
ACONF_3,-1,ACONF_P_TT,1,ACONF_P_GG,4.02
ACONF_4,-1,ACONF_P_TT,1,ACONF_P_GX,11.77
ACONF_5,-1,ACONF_H_ttt,1,ACONF_H_gtt,2.49
ACONF_6,-1,ACONF_H_ttt,1,ACONF_H_tgt,2.53
ACONF_7,-1,ACONF_H_ttt,1,ACONF_H_tgg,3.91
ACONF_8,-1,ACONF_H_ttt,1,ACONF_H_gtg,4.93
ACONF_9,-1,ACONF_H_ttt,1,ACONF_H_g+t+g-,5.45
ACONF_10,-1,ACONF_H_ttt,1,ACONF_H_ggg,5.23
ACONF_11,-1,ACONF_H_ttt,1,ACONF_H_g+x-t+,11.01
ACONF_12,-1,ACONF_H_ttt,1,ACONF_H_t+g+x-,11.46
ACONF_13,-1,ACONF_H_ttt,1,ACONF_H_g+x-g-,13.74
ACONF_14,-1,ACONF_H_ttt,1,ACONF_H_x+g-g-,12.90
ACONF_15,-1,ACONF_H_ttt,1,ACONF_H_x+g-x+,20.61
ADIM6_1,2,ADIM6_AM2,-1,ADIM6_AD2,5.61
ADIM6_2,2,ADIM6_AM3,-1,ADIM6_AD3,8.33
ADIM6_3,2,ADIM6_AM4,-1,ADIM6_AD4,12.09
ADIM6_4,2,ADIM6_AM5,-1,ADIM6_AD5,15.82
ADIM6_5,2,ADIM6_AM6,-1,ADIM6_AD6,19.25
ADIM6_6,2,ADIM6_AM7,-1,ADIM6_AD7,23.22
AHB21_1,1,AHB21_1,-1,AHB21_1A,-1,AHB21_1B,-74.43
AHB21_2,1,AHB21_2,-1,AHB21_2A,-1,AHB21_2B,-135.98
AHB21_3,1,AHB21_3,-1,AHB21_3A,-1,AHB21_3B,-274.81
AHB21_4,1,AHB21_4,-1,AHB21_4A,-1,AHB21_4B,-37.57
AHB21_5,1,AHB21_5,-1,AHB21_5A,-1,AHB21_5B,-65.31
AHB21_6,1,AHB21_6,-1,AHB21_6A,-1,AHB21_6B,-106.78
AHB21_7,1,AHB21_7,-1,AHB21_7A,-1,AHB21_7B,-60.04
AHB21_8,1,AHB21_8,-1,AHB21_8A,-1,AHB21_8B,-174.85
AHB21_9,1,AHB21_9,-1,AHB21_9A,-1,AHB21_9B,-71.25
AHB21_10,1,AHB21_10,-1,AHB21_10A,-1,AHB21_10B,-156.11
AHB21_11,1,AHB21_11,-1,AHB21_11A,-1,AHB21_11B,-33.35
AHB21_12,1,AHB21_12,-1,AHB21_12A,-1,AHB21_12B,-59.12
AHB21_13,1,AHB21_13,-1,AHB21_13A,-1,AHB21_13B,-108.83
AHB21_14,1,AHB21_14,-1,AHB21_14A,-1,AHB21_14B,-46.32
AHB21_15,1,AHB21_15,-1,AHB21_15A,-1,AHB21_15B,-36.07
AHB21_16,1,AHB21_16,-1,AHB21_16A,-1,AHB21_16B,-65.81
AHB21_17,1,AHB21_17,-1,AHB21_17A,-1,AHB21_17B,-109.79
AHB21_18,1,AHB21_18,-1,AHB21_18A,-1,AHB21_18B,-53.56
AHB21_19,1,AHB21_19,-1,AHB21_19A,-1,AHB21_19B,-86.40
AHB21_20,1,AHB21_20,-1,AHB21_20A,-1,AHB21_20B,-87.99
AHB21_21,1,AHB21_21,-1,AHB21_21A,-1,AHB21_21B,-131.38
AL2X6_1,-1,AL2X6_al2h6,2,AL2X6_alh3,161.08
AL2X6_2,-1,AL2X6_al2f6,2,AL2X6_alf3,215.89
AL2X6_3,-1,AL2X6_al2cl6,2,AL2X6_alcl3,135.98
AL2X6_4,-1,AL2X6_al2me4,2,AL2X6_alme2,160.67
AL2X6_5,-1,AL2X6_al2me5,1,AL2X6_alme2,1,AL2X6_alme3,130.54
AL2X6_6,-1,AL2X6_al2me6,2,AL2X6_alme3,96.65
ALK8_1,-1,ALK8_li8,4,ALK8_li2,361.79
ALK8_2,-1,ALK8_na8,4,ALK8_na2,222.38
ALK8_3,-1,ALK8_li4_me4,4,ALK8_li_me,548.65
ALK8_4,-1,ALK8_li3_me,1,ALK8_li_me,1,ALK8_li2,144.39
ALK8_5,-1,ALK8_li2_ch4,1,ALK8_li_me,1,ALK8_li_h,198.41
ALK8_6,-1,ALK8_li5_ch,1,ALK8_li4_c,1,ALK8_li_h,277.32
ALK8_7,-1,ALK8_li2_ch2n_2,2,ALK8_li_ch2n,236.61
ALK8_8,-1,ALK8_na+,-1,ALK8_li_na_h2,1,ALK8_li+,1,ALK8_na2_h2,105.86
ALKBDE10_1,-1,ALKBDE10_bef,1,ALKBDE10_be,1,ALKBDE10_f,580.32
ALKBDE10_2,-1,ALKBDE10_beo,1,ALKBDE10_be,1,ALKBDE10_o,446.01
ALKBDE10_3,-1,ALKBDE10_cao,1,ALKBDE10_ca,1,ALKBDE10_o,402.50
ALKBDE10_4,-1,ALKBDE10_hf,1,ALKBDE10_h,1,ALKBDE10_f,594.55
ALKBDE10_5,-1,ALKBDE10_kf,1,ALKBDE10_k,1,ALKBDE10_f,491.62
ALKBDE10_6,-1,ALKBDE10_lif,1,ALKBDE10_li,1,ALKBDE10_f,582.41
ALKBDE10_7,-1,ALKBDE10_lio,1,ALKBDE10_li,1,ALKBDE10_o,345.18
ALKBDE10_8,-1,ALKBDE10_mgo,1,ALKBDE10_mg,1,ALKBDE10_o,260.24
ALKBDE10_9,-1,ALKBDE10_mgs,1,ALKBDE10_mg,1,ALKBDE10_s,237.23
ALKBDE10_10,-1,ALKBDE10_nao,1,ALKBDE10_na,1,ALKBDE10_o,272.80
Amino20x4_1,-1,Amino20x4_ALA_xag,1,Amino20x4_ALA_xac,4.89
Amino20x4_2,-1,Amino20x4_ALA_xag,1,Amino20x4_ALA_xak,12.76
Amino20x4_3,-1,Amino20x4_ALA_xag,1,Amino20x4_ALA_xai,13.89
Amino20x4_4,-1,Amino20x4_ALA_xag,1,Amino20x4_ALA_xab,21.10
Amino20x4_5,-1,Amino20x4_ARG_xci,1,Amino20x4_ARG_xak,6.59
Amino20x4_6,-1,Amino20x4_ARG_xci,1,Amino20x4_ARG_xbv,10.58
Amino20x4_7,-1,Amino20x4_ARG_xci,1,Amino20x4_ARG_xbx,11.72
Amino20x4_8,-1,Amino20x4_ARG_xci,1,Amino20x4_ARG_xby,27.02
Amino20x4_9,-1,Amino20x4_ASN_xaf,1,Amino20x4_ASN_xaj,1.62
Amino20x4_10,-1,Amino20x4_ASN_xaf,1,Amino20x4_ASN_xae,17.19
Amino20x4_11,-1,Amino20x4_ASN_xaf,1,Amino20x4_ASN_xab,19.92
Amino20x4_12,-1,Amino20x4_ASN_xaf,1,Amino20x4_ASN_xah,27.33
Amino20x4_13,-1,Amino20x4_ASP_xaz,1,Amino20x4_ASP_xad,0.66
Amino20x4_14,-1,Amino20x4_ASP_xaz,1,Amino20x4_ASP_xay,8.26
Amino20x4_15,-1,Amino20x4_ASP_xaz,1,Amino20x4_ASP_xau,12.12
Amino20x4_16,-1,Amino20x4_ASP_xaz,1,Amino20x4_ASP_xbc,13.02
Amino20x4_17,-1,Amino20x4_CYS_xai,1,Amino20x4_CYS_xah,1.16
Amino20x4_18,-1,Amino20x4_CYS_xai,1,Amino20x4_CYS_xag,4.10
Amino20x4_19,-1,Amino20x4_CYS_xai,1,Amino20x4_CYS_xao,4.15
Amino20x4_20,-1,Amino20x4_CYS_xai,1,Amino20x4_CYS_xal,9.93
Amino20x4_21,-1,Amino20x4_GLN_xai,1,Amino20x4_GLN_xan,1.77
Amino20x4_22,-1,Amino20x4_GLN_xai,1,Amino20x4_GLN_xat,13.69
Amino20x4_23,-1,Amino20x4_GLN_xai,1,Amino20x4_GLN_xap,16.92
Amino20x4_24,-1,Amino20x4_GLN_xai,1,Amino20x4_GLN_xal,17.37
Amino20x4_25,-1,Amino20x4_GLU_xbi,1,Amino20x4_GLU_xav,5.59
Amino20x4_26,-1,Amino20x4_GLU_xbi,1,Amino20x4_GLU_xal,6.46
Amino20x4_27,-1,Amino20x4_GLU_xbi,1,Amino20x4_GLU_xar,12.30
Amino20x4_28,-1,Amino20x4_GLU_xbi,1,Amino20x4_GLU_xad,21.82
Amino20x4_29,-1,Amino20x4_GLY_xac,1,Amino20x4_GLY_xae,4.56
Amino20x4_30,-1,Amino20x4_GLY_xac,1,Amino20x4_GLY_xad,10.99
Amino20x4_31,-1,Amino20x4_GLY_xac,1,Amino20x4_GLY_xab,11.48
Amino20x4_32,-1,Amino20x4_GLY_xac,1,Amino20x4_GLY_xag,17.10
Amino20x4_33,-1,Amino20x4_HIS_xaq,1,Amino20x4_HIS_xam,11.59
Amino20x4_34,-1,Amino20x4_HIS_xaq,1,Amino20x4_HIS_xah,12.52
Amino20x4_35,-1,Amino20x4_HIS_xaq,1,Amino20x4_HIS_xau,30.62
Amino20x4_36,-1,Amino20x4_HIS_xaq,1,Amino20x4_HIS_xav,30.84
Amino20x4_37,-1,Amino20x4_ILE_xae,1,Amino20x4_ILE_xaj,0.78
Amino20x4_38,-1,Amino20x4_ILE_xae,1,Amino20x4_ILE_xaq,2.49
Amino20x4_39,-1,Amino20x4_ILE_xae,1,Amino20x4_ILE_xag,4.03
Amino20x4_40,-1,Amino20x4_ILE_xae,1,Amino20x4_ILE_xak,4.16
Amino20x4_41,-1,Amino20x4_LEU_xap,1,Amino20x4_LEU_xad,1.41
Amino20x4_42,-1,Amino20x4_LEU_xap,1,Amino20x4_LEU_xae,6.38
Amino20x4_43,-1,Amino20x4_LEU_xap,1,Amino20x4_LEU_xbb,7.05
Amino20x4_44,-1,Amino20x4_LEU_xap,1,Amino20x4_LEU_xaq,8.17
Amino20x4_45,-1,Amino20x4_LYS_xap,1,Amino20x4_LYS_xao,0.24
Amino20x4_46,-1,Amino20x4_LYS_xap,1,Amino20x4_LYS_xan,0.83
Amino20x4_47,-1,Amino20x4_LYS_xap,1,Amino20x4_LYS_xas,1.91
Amino20x4_48,-1,Amino20x4_LYS_xap,1,Amino20x4_LYS_xat,2.26
Amino20x4_49,-1,Amino20x4_MET_xbf,1,Amino20x4_MET_xag,7.59
Amino20x4_50,-1,Amino20x4_MET_xbf,1,Amino20x4_MET_xbm,10.29
Amino20x4_51,-1,Amino20x4_MET_xbf,1,Amino20x4_MET_xav,10.32
Amino20x4_52,-1,Amino20x4_MET_xbf,1,Amino20x4_MET_xbo,12.12
Amino20x4_53,-1,Amino20x4_PHE_xaw,1,Amino20x4_PHE_xab,3.65
Amino20x4_54,-1,Amino20x4_PHE_xaw,1,Amino20x4_PHE_xar,7.19
Amino20x4_55,-1,Amino20x4_PHE_xaw,1,Amino20x4_PHE_xan,7.70
Amino20x4_56,-1,Amino20x4_PHE_xaw,1,Amino20x4_PHE_xal,7.90
Amino20x4_57,-1,Amino20x4_PRO_xae,1,Amino20x4_PRO_xad,5.84
Amino20x4_58,-1,Amino20x4_PRO_xae,1,Amino20x4_PRO_xac,13.43
Amino20x4_59,-1,Amino20x4_PRO_xae,1,Amino20x4_PRO_xaf,17.52
Amino20x4_60,-1,Amino20x4_PRO_xae,1,Amino20x4_PRO_xab,25.16
Amino20x4_61,-1,Amino20x4_SER_xad,1,Amino20x4_SER_xah,12.66
Amino20x4_62,-1,Amino20x4_SER_xad,1,Amino20x4_SER_xaf,12.98
Amino20x4_63,-1,Amino20x4_SER_xad,1,Amino20x4_SER_xak,14.70
Amino20x4_64,-1,Amino20x4_SER_xad,1,Amino20x4_SER_xar,17.50
Amino20x4_65,-1,Amino20x4_THR_xaq,1,Amino20x4_THR_xab,5.60
Amino20x4_66,-1,Amino20x4_THR_xaq,1,Amino20x4_THR_xag,12.89
Amino20x4_67,-1,Amino20x4_THR_xaq,1,Amino20x4_THR_xah,14.67
Amino20x4_68,-1,Amino20x4_THR_xaq,1,Amino20x4_THR_xal,17.67
Amino20x4_69,-1,Amino20x4_TRP_xao,1,Amino20x4_TRP_xag,5.41
Amino20x4_70,-1,Amino20x4_TRP_xao,1,Amino20x4_TRP_xah,11.83
Amino20x4_71,-1,Amino20x4_TRP_xao,1,Amino20x4_TRP_xaf,13.57
Amino20x4_72,-1,Amino20x4_TRP_xao,1,Amino20x4_TRP_xac,16.97
Amino20x4_73,-1,Amino20x4_TYR_xag,1,Amino20x4_TYR_xar,0.39
Amino20x4_74,-1,Amino20x4_TYR_xag,1,Amino20x4_TYR_xab,3.78
Amino20x4_75,-1,Amino20x4_TYR_xag,1,Amino20x4_TYR_xah,7.14
Amino20x4_76,-1,Amino20x4_TYR_xag,1,Amino20x4_TYR_xan,7.41
Amino20x4_77,-1,Amino20x4_VAL_xad,1,Amino20x4_VAL_xaj,3.55
Amino20x4_78,-1,Amino20x4_VAL_xad,1,Amino20x4_VAL_xah,3.60
Amino20x4_79,-1,Amino20x4_VAL_xad,1,Amino20x4_VAL_xaf,5.67
Amino20x4_80,-1,Amino20x4_VAL_xad,1,Amino20x4_VAL_xak,6.21
BH76RC_1,-1,BH76_H,-1,BH76_n2o,1,BH76_OH,1,BH76_n2,-271.58
BH76RC_2,-1,BH76_H,-1,BH76_ch3f,1,BH76_HF,1,BH76_CH3,-110.12
BH76RC_3,-1,BH76_H,-1,BH76_f2,1,BH76_HF,1,BH76_F,-432.12
BH76RC_4,-1,BH76_CH3,-1,BH76_clf,1,BH76_ch3f,1,BH76_Cl,-220.25
BH76RC_5,-1,BH76_f-,-1,BH76_ch3cl,1,BH76_cl-,1,BH76_ch3f,-134.56
BH76RC_6,-1,BH76_fch3clcomp1,1,BH76_fch3clcomp2,-109.29
BH76RC_7,-1,BH76_oh-,-1,BH76_ch3f,1,BH76_CH3OH,1,BH76_f-,-85.02
BH76RC_8,-1,BH76_hoch3fcomp2,1,BH76_hoch3fcomp1,-153.59
BH76RC_9,-1,BH76_H,-1,BH76_n2,1,BH76_hn2,15.44
BH76RC_10,-1,BH76_H,-1,BH76_co,1,BH76_hco,-81.80
BH76RC_11,-1,BH76_H,-1,BH76_c2h4,1,BH76_C2H5,-167.44
BH76RC_12,-1,BH76_CH3,-1,BH76_c2h4,1,BH76_c3h7,-111.13
BH76RC_13,-1,BH76_hnc,1,BH76_hcn,-63.01
BH76RC_14,-1,BH76_H,-1,BH76_HCl,1,BH76_H2,1,BH76_Cl,-7.95
BH76RC_15,-1,BH76_OH,-1,BH76_H2,1,BH76_H2O,1,BH76_H,-68.58
BH76RC_16,-1,BH76_CH3,-1,BH76_H2,1,BH76_CH4,1,BH76_H,-13.01
BH76RC_17,-1,BH76_OH,-1,BH76_CH4,1,BH76_H2O,1,BH76_CH3,-55.56
BH76RC_18,-1,BH76_OH,-1,BH76_NH3,1,BH76_H2O,1,BH76_NH2,-43.18
BH76RC_19,-1,BH76_HCl,-1,BH76_CH3,1,BH76_Cl,1,BH76_CH4,-20.96
BH76RC_20,-1,BH76_OH,-1,BH76_C2H6,1,BH76_H2O,1,BH76_C2H5,-70.46
BH76RC_21,-1,BH76_F,-1,BH76_H2,1,BH76_HF,1,BH76_H,-134.81
BH76RC_22,-1,BH76_O,-1,BH76_CH4,1,BH76_OH,1,BH76_CH3,22.76
BH76RC_23,-1,BH76_H,-1,BH76_PH3,1,BH76_H2,1,BH76_PH2,-90.96
BH76RC_24,-1,BH76_H,-1,BH76_OH,1,BH76_H2,1,BH76_O,-9.71
BH76RC_25,-1,BH76_H,-1,BH76_H2S,1,BH76_H2,1,BH76_HS,-55.48
BH76RC_26,-1,BH76_O,-1,BH76_HCl,1,BH76_OH,1,BH76_Cl,1.76
BH76RC_27,-1,BH76_NH2,-1,BH76_CH3,1,BH76_NH,1,BH76_CH4,-54.89
BH76RC_28,-1,BH76_NH2,-1,BH76_C2H5,1,BH76_NH,1,BH76_C2H6,-40.00
BH76RC_29,-1,BH76_C2H6,-1,BH76_NH2,1,BH76_C2H5,1,BH76_NH3,-27.28
BH76RC_30,-1,BH76_NH2,-1,BH76_CH4,1,BH76_NH3,1,BH76_CH3,-12.38
BH76_1,-1,BH76_H,-1,BH76_n2o,1,BH76_n2ohts,74.06
BH76_2,-1,BH76_OH,-1,BH76_n2,1,BH76_n2ohts,345.60
BH76_3,-1,BH76_H,-1,BH76_HF,1,BH76_hfhts,176.15
BH76_4,-1,BH76_HF,-1,BH76_H,1,BH76_hfhts,176.15
BH76_5,-1,BH76_H,-1,BH76_HCl,1,BH76_hclhts,74.48
BH76_6,-1,BH76_HCl,-1,BH76_H,1,BH76_hclhts,74.48
BH76_7,-1,BH76_H,-1,BH76_ch3f,1,BH76_hfch3ts,127.61
BH76_8,-1,BH76_HF,-1,BH76_CH3,1,BH76_hfch3ts,238.07
BH76_9,-1,BH76_H,-1,BH76_f2,1,BH76_hf2ts,6.28
BH76_10,-1,BH76_HF,-1,BH76_F,1,BH76_hf2ts,438.48
BH76_11,-1,BH76_CH3,-1,BH76_clf,1,BH76_ch3fclts,29.71
BH76_12,-1,BH76_ch3f,-1,BH76_Cl,1,BH76_ch3fclts,250.20
BH76_13,-1,BH76_f-,-1,BH76_ch3f,1,BH76_fch3fts,-2.51
BH76_14,-1,BH76_ch3f,-1,BH76_f-,1,BH76_fch3fts,-2.51
BH76_15,-1,BH76_fch3fcomp,1,BH76_fch3fts,56.07
BH76_16,-1,BH76_fch3fcomp,1,BH76_fch3fts,56.07
BH76_17,-1,BH76_cl-,-1,BH76_ch3cl,1,BH76_clch3clts,10.46
BH76_18,-1,BH76_ch3cl,-1,BH76_cl-,1,BH76_clch3clts,10.46
BH76_19,-1,BH76_clch3clcomp,1,BH76_clch3clts,56.48
BH76_20,-1,BH76_clch3clcomp,1,BH76_clch3clts,56.48
BH76_21,-1,BH76_f-,-1,BH76_ch3cl,1,BH76_fch3clts,-51.46
BH76_22,-1,BH76_cl-,-1,BH76_ch3f,1,BH76_fch3clts,82.84
BH76_23,-1,BH76_fch3clcomp1,1,BH76_fch3clts,14.64
BH76_24,-1,BH76_fch3clcomp2,1,BH76_fch3clts,123.85
BH76_25,-1,BH76_oh-,-1,BH76_ch3f,1,BH76_hoch3fts,-11.30
BH76_26,-1,BH76_CH3OH,-1,BH76_f-,1,BH76_hoch3fts,73.64
BH76_27,-1,BH76_hoch3fcomp2,1,BH76_hoch3fts,46.02
BH76_28,-1,BH76_hoch3fcomp1,1,BH76_hoch3fts,199.58
BH76_29,-1,BH76_H,-1,BH76_n2,1,BH76_hn2ts,61.09
BH76_30,-1,BH76_hn2,1,BH76_hn2ts,45.61
BH76_31,-1,BH76_H,-1,BH76_co,1,BH76_hcots,13.39
BH76_32,-1,BH76_hco,1,BH76_hcots,95.40
BH76_33,-1,BH76_H,-1,BH76_c2h4,1,BH76_c2h5ts,8.37
BH76_34,-1,BH76_C2H5,1,BH76_c2h5ts,175.73
BH76_35,-1,BH76_CH3,-1,BH76_c2h4,1,BH76_c3h7ts,26.78
BH76_36,-1,BH76_c3h7,1,BH76_c3h7ts,138.07
BH76_37,-1,BH76_hcn,1,BH76_hcnts,201.25
BH76_38,-1,BH76_hnc,1,BH76_hcnts,138.07
BH76_39,-1,BH76_H,-1,BH76_HCl,1,BH76_RKT01,25.52
BH76_40,-1,BH76_H2,-1,BH76_Cl,1,BH76_RKT01,33.47
BH76_41,-1,BH76_OH,-1,BH76_H2,1,BH76_RKT02,21.76
BH76_42,-1,BH76_H2O,-1,BH76_H,1,BH76_RKT02,90.37
BH76_43,-1,BH76_CH3,-1,BH76_H2,1,BH76_RKT03,49.79
BH76_44,-1,BH76_CH4,-1,BH76_H,1,BH76_RKT03,62.76
BH76_45,-1,BH76_OH,-1,BH76_CH4,1,BH76_RKT04,26.36
BH76_46,-1,BH76_H2O,-1,BH76_CH3,1,BH76_RKT04,81.59
BH76_47,-1,BH76_H,-1,BH76_H2,1,BH76_RKT06,40.58
BH76_48,-1,BH76_H,-1,BH76_H2,1,BH76_RKT06,40.58
BH76_49,-1,BH76_OH,-1,BH76_NH3,1,BH76_RKT07,14.23
BH76_50,-1,BH76_H2O,-1,BH76_NH2,1,BH76_RKT07,57.32
BH76_51,-1,BH76_HCl,-1,BH76_CH3,1,BH76_RKT08,7.53
BH76_52,-1,BH76_Cl,-1,BH76_CH4,1,BH76_RKT08,28.45
BH76_53,-1,BH76_OH,-1,BH76_C2H6,1,BH76_RKT09,14.64
BH76_54,-1,BH76_H2O,-1,BH76_C2H5,1,BH76_RKT09,85.35
BH76_55,-1,BH76_F,-1,BH76_H2,1,BH76_RKT10,6.69
BH76_56,-1,BH76_HF,-1,BH76_H,1,BH76_RKT10,141.42
BH76_57,-1,BH76_O,-1,BH76_CH4,1,BH76_RKT11,60.25
BH76_58,-1,BH76_OH,-1,BH76_CH3,1,BH76_RKT11,37.24
BH76_59,-1,BH76_H,-1,BH76_PH3,1,BH76_RKT12,12.13
BH76_60,-1,BH76_H2,-1,BH76_PH2,1,BH76_RKT12,103.34
BH76_61,-1,BH76_H,-1,BH76_OH,1,BH76_RKT14,45.61
BH76_62,-1,BH76_H2,-1,BH76_O,1,BH76_RKT14,55.23
BH76_63,-1,BH76_H,-1,BH76_H2S,1,BH76_RKT16,16.32
BH76_64,-1,BH76_H2,-1,BH76_HS,1,BH76_RKT16,71.96
BH76_65,-1,BH76_O,-1,BH76_HCl,1,BH76_RKT17,43.51
BH76_66,-1,BH76_OH,-1,BH76_Cl,1,BH76_RKT17,41.42
BH76_67,-1,BH76_NH2,-1,BH76_CH3,1,BH76_RKT18,37.24
BH76_68,-1,BH76_NH,-1,BH76_CH4,1,BH76_RKT18,92.05
BH76_69,-1,BH76_NH2,-1,BH76_C2H5,1,BH76_RKT19,41.00
BH76_70,-1,BH76_NH,-1,BH76_C2H6,1,BH76_RKT19,81.17
BH76_71,-1,BH76_C2H6,-1,BH76_NH2,1,BH76_RKT20,47.28
BH76_72,-1,BH76_C2H5,-1,BH76_NH3,1,BH76_RKT20,74.48
BH76_73,-1,BH76_NH2,-1,BH76_CH4,1,BH76_RKT21,58.16
BH76_74,-1,BH76_NH3,-1,BH76_CH3,1,BH76_RKT21,70.71
BH76_75,-1,BH76_C5H8,1,BH76_RKT22,166.10
BH76_76,-1,BH76_C5H8,1,BH76_RKT22,166.10
BHDIV10_1,-1,BHDIV10_ed1,1,BHDIV10_ts1,107.32
BHDIV10_2,-1,BHDIV10_ed2,1,BHDIV10_ts2,238.07
BHDIV10_3,-1,BHDIV10_ed3,1,BHDIV10_ts3,152.84
BHDIV10_4,-1,BHDIV10_ed4,1,BHDIV10_ts4,402.38
BHDIV10_5,-1,BHDIV10_ed5,1,BHDIV10_ts5,66.69
BHDIV10_6,-1,BHDIV10_ed6,1,BHDIV10_ts6,57.07
BHDIV10_7,-1,BHDIV10_ed7,1,BHDIV10_ts7,115.02
BHDIV10_8,-1,BHDIV10_ed8,1,BHDIV10_ts8,210.20
BHDIV10_9,-1,BHDIV10_ed9,1,BHDIV10_ts9,275.47
BHDIV10_10,-1,BHDIV10_ed10,1,BHDIV10_ts10,271.67
BHPERI_1,-1,BHPERI_Cyclobutene,1,BHPERI_TS1,147.70
BHPERI_2,-1,BHPERI_cis-1-3-5-Hexatriene,1,BHPERI_TS2,128.87
BHPERI_3,-1,BHPERI_ortho-xylylene,1,BHPERI_TS3,117.57
BHPERI_4,-1,BHPERI_1-3-Pentadiene,1,BHPERI_TS4,166.10
BHPERI_5,-1,BHPERI_1-3-Cyclopentadiene,1,BHPERI_TS5,118.41
BHPERI_6,-1,BHPERI_1-5-Hexadiene,1,BHPERI_TS6,149.79
BHPERI_7,-1,BHPERI_1-3-Butadiene,-1,BHPERI_Ethylene,1,BHPERI_TS7,93.30
BHPERI_8,-1,BHPERI_1-3-Cyclopentadiene,-1,BHPERI_Ethylene,1,BHPERI_TS8,75.31
BHPERI_9,-2,BHPERI_1-3-Cyclopentadiene,1,BHPERI_TS11,60.67
BHPERI_10,-1,BHPERI_Cis-triscyclopropacyclohexane,1,BHPERI_TS9,110.46
BHPERI_11,-1,BHPERI_13r_1,-1,BHPERI_13_c2h4,1,BHPERI_13ts_1a,115.48
BHPERI_12,-1,BHPERI_13r_2,-1,BHPERI_13_c2h4,1,BHPERI_13ts_2a,83.68
BHPERI_13,-1,BHPERI_13r_3,-1,BHPERI_13_c2h4,1,BHPERI_13ts_3a,57.74
BHPERI_14,-1,BHPERI_13r_4,-1,BHPERI_13_c2h4,1,BHPERI_13ts_4a,49.37
BHPERI_15,-1,BHPERI_13r_5,-1,BHPERI_13_c2h4,1,BHPERI_13ts_5a,27.20
BHPERI_16,-1,BHPERI_13r_6,-1,BHPERI_13_c2h4,1,BHPERI_13ts_6a,19.66
BHPERI_17,-1,BHPERI_13r_7,-1,BHPERI_13_c2h4,1,BHPERI_13ts_7a,54.81
BHPERI_18,-1,BHPERI_13r_8,-1,BHPERI_13_c2h4,1,BHPERI_13ts_8a,24.69
BHPERI_19,-1,BHPERI_13r_9,-1,BHPERI_13_c2h4,1,BHPERI_13ts_9a,2.09
BHPERI_20,-1,BHPERI_02r,-1,BHPERI_00r,1,BHPERI_02ts,75.73
BHPERI_21,-1,BHPERI_03r,-1,BHPERI_00r,1,BHPERI_03ts,69.45
BHPERI_22,-1,BHPERI_04r,-1,BHPERI_00r,1,BHPERI_04ts,95.81
BHPERI_23,-1,BHPERI_05r,-1,BHPERI_00r,1,BHPERI_06ts,116.32
BHPERI_24,-1,BHPERI_07r,-1,BHPERI_00r,1,BHPERI_07ts,89.12
BHPERI_25,-1,BHPERI_07r,-1,BHPERI_00r,1,BHPERI_08ts,90.37
BHPERI_26,-1,BHPERI_09r,-1,BHPERI_00r,1,BHPERI_09ts,130.96
BHROT27_1,-1,BHROT27_ethane_st,1,BHROT27_ethane_ecl,11.42
BHROT27_2,-1,BHROT27_tmethane_60,1,BHROT27_tmethane_0,29.33
BHROT27_3,-1,BHROT27_tmethane_60,1,BHROT27_tmethane_120,14.48
BHROT27_4,-1,BHROT27_tmethane_180,1,BHROT27_tmethane_120,15.56
BHROT27_5,-1,BHROT27_methanol_st,1,BHROT27_methanol_ecl,4.23
BHROT27_6,-1,BHROT27_methylamine_st,1,BHROT27_methylamine_ecl,9.54
BHROT27_7,-1,BHROT27_h2o2,1,BHROT27_h2o2_trans,4.23
BHROT27_8,-1,BHROT27_h2o2,1,BHROT27_h2o2_cis,30.00
BHROT27_9,-1,BHROT27_h2s2,1,BHROT27_h2s2_trans,24.23
BHROT27_10,-1,BHROT27_h2s2,1,BHROT27_h2s2_cis,33.60
BHROT27_11,-1,BHROT27_n2h4_st1,1,BHROT27_n2h4_ecl1,6.78
BHROT27_12,-1,BHROT27_n2h4_st1,1,BHROT27_n2h4_ecl2,35.19
BHROT27_13,-1,BHROT27_nh2oh_st1,1,BHROT27_nh2oh_ecl,28.91
BHROT27_14,-1,BHROT27_nh2oh_st2,1,BHROT27_nh2oh_ecl,11.21
BHROT27_15,-1,BHROT27_acetamide_RC,1,BHROT27_acetamide_TS1,72.13
BHROT27_16,-1,BHROT27_acetamide_RC,1,BHROT27_acetamide_TS2,60.75
BHROT27_17,-1,BHROT27_biphenyl,1,BHROT27_biphenyl_TS,8.79
BHROT27_18,-1,BHROT27_bifuran_anti,1,BHROT27_bifuran_TS,16.28
BHROT27_19,-1,BHROT27_bifuran_syn,1,BHROT27_bifuran_TS,8.74
BHROT27_20,-1,BHROT27_bithiophene_anti,1,BHROT27_bithiophene_TS,7.45
BHROT27_21,-1,BHROT27_bithiophene_syn,1,BHROT27_bithiophene_TS,5.82
BHROT27_22,-1,BHROT27_butadiene_strans,1,BHROT27_butadiene_TS,26.36
BHROT27_23,-1,BHROT27_butadiene_scis,1,BHROT27_butadiene_TS,14.02
BHROT27_24,-1,BHROT27_ethylthiourea_180,1,BHROT27_ethylthiourea_TS1,43.35
BHROT27_25,-1,BHROT27_ethylthiourea_0,1,BHROT27_ethylthiourea_TS1,42.84
BHROT27_26,-1,BHROT27_ethylthiourea_180,1,BHROT27_ethylthiourea_TS2,71.96
BHROT27_27,-1,BHROT27_ethylthiourea_0,1,BHROT27_ethylthiourea_TS2,71.46
BSR36_1,5,BSR36_c2h6,-1,BSR36_h1,-4,BSR36_ch4,39.92
BSR36_2,5,BSR36_c2h6,-1,BSR36_h2,-4,BSR36_ch4,39.75
BSR36_3,5,BSR36_c2h6,-1,BSR36_h3,-4,BSR36_ch4,46.40
BSR36_4,5,BSR36_c2h6,-1,BSR36_h4,-4,BSR36_ch4,37.03
BSR36_5,5,BSR36_c2h6,-1,BSR36_h5,-4,BSR36_ch4,36.15
BSR36_6,6,BSR36_c2h6,-1,BSR36_h6,-5,BSR36_ch4,45.23
BSR36_7,6,BSR36_c2h6,-1,BSR36_h7,-5,BSR36_ch4,53.30
BSR36_8,6,BSR36_c2h6,-1,BSR36_h8,-5,BSR36_ch4,48.95
BSR36_9,6,BSR36_c2h6,-1,BSR36_h9,-5,BSR36_ch4,55.23
BSR36_10,6,BSR36_c2h6,-1,BSR36_h10,-5,BSR36_ch4,46.32
BSR36_11,6,BSR36_c2h6,-1,BSR36_h11,-5,BSR36_ch4,52.26
BSR36_12,6,BSR36_c2h6,-1,BSR36_h12,-5,BSR36_ch4,51.67
BSR36_13,6,BSR36_c2h6,-1,BSR36_h13,-5,BSR36_ch4,45.98
BSR36_14,6,BSR36_c2h6,-1,BSR36_h14,-5,BSR36_ch4,41.13
BSR36_15,7,BSR36_c2h6,-1,BSR36_h15,-6,BSR36_ch4,59.71
BSR36_16,5,BSR36_c2h6,-1,BSR36_r1,-5,BSR36_ch4,9.37
BSR36_17,6,BSR36_c2h6,-1,BSR36_r2,-6,BSR36_ch4,44.18
BSR36_18,6,BSR36_c2h6,-1,BSR36_r3,-6,BSR36_ch4,25.56
BSR36_19,7,BSR36_c2h6,-1,BSR36_r4,-7,BSR36_ch4,61.38
BSR36_20,7,BSR36_c2h6,-1,BSR36_r5,-7,BSR36_ch4,42.72
BSR36_21,7,BSR36_c2h6,-1,BSR36_r6,-7,BSR36_ch4,40.92
BSR36_22,7,BSR36_c2h6,-1,BSR36_r7,-7,BSR36_ch4,36.48
BSR36_23,7,BSR36_c2h6,-1,BSR36_r8,-7,BSR36_ch4,42.26
BSR36_24,7,BSR36_c2h6,-1,BSR36_r9,-7,BSR36_ch4,39.62
BSR36_25,11,BSR36_c2h6,-1,BSR36_r10,-12,BSR36_ch4,77.61
BSR36_26,11,BSR36_c2h6,-1,BSR36_r11,-12,BSR36_ch4,37.36
BSR36_27,11,BSR36_c2h6,-1,BSR36_r12,-12,BSR36_ch4,60.92
BSR36_28,11,BSR36_c2h6,-1,BSR36_r13,-12,BSR36_ch4,106.78
BSR36_29,11,BSR36_c2h6,-1,BSR36_r14,-12,BSR36_ch4,95.65
BSR36_30,13,BSR36_c2h6,-1,BSR36_r15,-14,BSR36_ch4,114.01
BSR36_31,12,BSR36_c2h6,-1,BSR36_r16,-12,BSR36_ch4,104.43
BSR36_32,12,BSR36_c2h6,-1,BSR36_c1,-14,BSR36_ch4,112.21
BSR36_33,14,BSR36_c2h6,-1,BSR36_c2,-16,BSR36_ch4,160.41
BSR36_34,14,BSR36_c2h6,-1,BSR36_c3,-16,BSR36_ch4,130.08
BSR36_35,16,BSR36_c2h6,-1,BSR36_c4,-18,BSR36_ch4,208.45
BSR36_36,18,BSR36_c2h6,-1,BSR36_c5,-22,BSR36_ch4,190.20
BUT14DIOL_1,-1,BUT14DIOL_B1,1,BUT14DIOL_B2,0.63
BUT14DIOL_2,-1,BUT14DIOL_B1,1,BUT14DIOL_B3,1.26
BUT14DIOL_3,-1,BUT14DIOL_B1,1,BUT14DIOL_B4,5.48
BUT14DIOL_4,-1,BUT14DIOL_B1,1,BUT14DIOL_B5,6.02
BUT14DIOL_5,-1,BUT14DIOL_B1,1,BUT14DIOL_B6,7.20
BUT14DIOL_6,-1,BUT14DIOL_B1,1,BUT14DIOL_B7,8.66
BUT14DIOL_7,-1,BUT14DIOL_B1,1,BUT14DIOL_B8,7.41
BUT14DIOL_8,-1,BUT14DIOL_B1,1,BUT14DIOL_B9,9.41
BUT14DIOL_9,-1,BUT14DIOL_B1,1,BUT14DIOL_B10,8.49
BUT14DIOL_10,-1,BUT14DIOL_B1,1,BUT14DIOL_B11,8.79
BUT14DIOL_11,-1,BUT14DIOL_B1,1,BUT14DIOL_B12,8.37
BUT14DIOL_12,-1,BUT14DIOL_B1,1,BUT14DIOL_B13,9.00
BUT14DIOL_13,-1,BUT14DIOL_B1,1,BUT14DIOL_B14,9.29
BUT14DIOL_14,-1,BUT14DIOL_B1,1,BUT14DIOL_B15,10.13
BUT14DIOL_15,-1,BUT14DIOL_B1,1,BUT14DIOL_B16,9.33
BUT14DIOL_16,-1,BUT14DIOL_B1,1,BUT14DIOL_B17,9.41
BUT14DIOL_17,-1,BUT14DIOL_B1,1,BUT14DIOL_B18,10.79
BUT14DIOL_18,-1,BUT14DIOL_B1,1,BUT14DIOL_B19,10.84
BUT14DIOL_19,-1,BUT14DIOL_B1,1,BUT14DIOL_B20,11.00
BUT14DIOL_20,-1,BUT14DIOL_B1,1,BUT14DIOL_B21,10.38
BUT14DIOL_21,-1,BUT14DIOL_B1,1,BUT14DIOL_B22,11.46
BUT14DIOL_22,-1,BUT14DIOL_B1,1,BUT14DIOL_B23,10.67
BUT14DIOL_23,-1,BUT14DIOL_B1,1,BUT14DIOL_B24,10.59
BUT14DIOL_24,-1,BUT14DIOL_B1,1,BUT14DIOL_B25,11.38
BUT14DIOL_25,-1,BUT14DIOL_B1,1,BUT14DIOL_B26,11.25
BUT14DIOL_26,-1,BUT14DIOL_B1,1,BUT14DIOL_B27,10.42
BUT14DIOL_27,-1,BUT14DIOL_B1,1,BUT14DIOL_B28,11.38
BUT14DIOL_28,-1,BUT14DIOL_B1,1,BUT14DIOL_B29,11.84
BUT14DIOL_29,-1,BUT14DIOL_B1,1,BUT14DIOL_B30,11.92
BUT14DIOL_30,-1,BUT14DIOL_B1,1,BUT14DIOL_B31,11.92
BUT14DIOL_31,-1,BUT14DIOL_B1,1,BUT14DIOL_B32,10.54
BUT14DIOL_32,-1,BUT14DIOL_B1,1,BUT14DIOL_B33,11.00
BUT14DIOL_33,-1,BUT14DIOL_B1,1,BUT14DIOL_B34,12.97
BUT14DIOL_34,-1,BUT14DIOL_B1,1,BUT14DIOL_B35,11.38
BUT14DIOL_35,-1,BUT14DIOL_B1,1,BUT14DIOL_B36,11.84
BUT14DIOL_36,-1,BUT14DIOL_B1,1,BUT14DIOL_B37,11.67
BUT14DIOL_37,-1,BUT14DIOL_B1,1,BUT14DIOL_B38,11.67
BUT14DIOL_38,-1,BUT14DIOL_B1,1,BUT14DIOL_B39,12.80
BUT14DIOL_39,-1,BUT14DIOL_B1,1,BUT14DIOL_B40,12.97
BUT14DIOL_40,-1,BUT14DIOL_B1,1,BUT14DIOL_B41,13.81
BUT14DIOL_41,-1,BUT14DIOL_B1,1,BUT14DIOL_B42,13.18
BUT14DIOL_42,-1,BUT14DIOL_B1,1,BUT14DIOL_B43,13.77
BUT14DIOL_43,-1,BUT14DIOL_B1,1,BUT14DIOL_B44,15.02
BUT14DIOL_44,-1,BUT14DIOL_B1,1,BUT14DIOL_B45,13.31
BUT14DIOL_45,-1,BUT14DIOL_B1,1,BUT14DIOL_B46,13.31
BUT14DIOL_46,-1,BUT14DIOL_B1,1,BUT14DIOL_B47,14.10
BUT14DIOL_47,-1,BUT14DIOL_B1,1,BUT14DIOL_B48,14.43
BUT14DIOL_48,-1,BUT14DIOL_B1,1,BUT14DIOL_B49,13.93
BUT14DIOL_49,-1,BUT14DIOL_B1,1,BUT14DIOL_B50,13.93
BUT14DIOL_50,-1,BUT14DIOL_B1,1,BUT14DIOL_B51,14.10
BUT14DIOL_51,-1,BUT14DIOL_B1,1,BUT14DIOL_B52,15.10
BUT14DIOL_52,-1,BUT14DIOL_B1,1,BUT14DIOL_B53,14.31
BUT14DIOL_53,-1,BUT14DIOL_B1,1,BUT14DIOL_B54,13.18
BUT14DIOL_54,-1,BUT14DIOL_B1,1,BUT14DIOL_B55,13.85
BUT14DIOL_55,-1,BUT14DIOL_B1,1,BUT14DIOL_B56,14.43
BUT14DIOL_56,-1,BUT14DIOL_B1,1,BUT14DIOL_B57,13.89
BUT14DIOL_57,-1,BUT14DIOL_B1,1,BUT14DIOL_B58,14.94
BUT14DIOL_58,-1,BUT14DIOL_B1,1,BUT14DIOL_B59,14.73
BUT14DIOL_59,-1,BUT14DIOL_B1,1,BUT14DIOL_B60,14.64
BUT14DIOL_60,-1,BUT14DIOL_B1,1,BUT14DIOL_B61,15.27
BUT14DIOL_61,-1,BUT14DIOL_B1,1,BUT14DIOL_B62,15.82
BUT14DIOL_62,-1,BUT14DIOL_B1,1,BUT14DIOL_B63,17.36
BUT14DIOL_63,-1,BUT14DIOL_B1,1,BUT14DIOL_B64,18.03
BUT14DIOL_64,-1,BUT14DIOL_B1,1,BUT14DIOL_B65,19.66
C60ISO_1,-1,C60ISO_1,1,C60ISO_2,156.48
C60ISO_2,-1,C60ISO_1,1,C60ISO_3,237.94
C60ISO_3,-1,C60ISO_1,1,C60ISO_4,238.03
C60ISO_4,-1,C60ISO_1,1,C60ISO_5,292.42
C60ISO_5,-1,C60ISO_1,1,C60ISO_6,420.41
C60ISO_6,-1,C60ISO_1,1,C60ISO_7,467.44
C60ISO_7,-1,C60ISO_1,1,C60ISO_8,594.88
C60ISO_8,-1,C60ISO_1,1,C60ISO_9,602.33
C60ISO_9,-1,C60ISO_1,1,C60ISO_10,689.86
CARBHB12_1,-1,CARBHB12_1O,1,CARBHB12_1O_A,1,CARBHB12_1O_B,22.47
CARBHB12_2,-1,CARBHB12_2O,1,CARBHB12_2O_A,1,CARBHB12_2O_B,25.30
CARBHB12_3,-1,CARBHB12_3O,1,CARBHB12_3O_A,1,CARBHB12_3O_B,10.13
CARBHB12_4,-1,CARBHB12_4O,1,CARBHB12_4O_A,1,CARBHB12_4O_B,41.70
CARBHB12_5,-1,CARBHB12_1N,1,CARBHB12_1N_A,1,CARBHB12_1N_B,9.86
CARBHB12_6,-1,CARBHB12_2N,1,CARBHB12_2N_A,1,CARBHB12_2N_B,12.64
CARBHB12_7,-1,CARBHB12_3N,1,CARBHB12_3N_A,1,CARBHB12_3N_B,5.04
CARBHB12_8,-1,CARBHB12_4N,1,CARBHB12_4N_A,1,CARBHB12_4N_B,17.48
CARBHB12_9,-1,CARBHB12_1CL,1,CARBHB12_1CL_A,1,CARBHB12_1CL_B,32.80
CARBHB12_10,-1,CARBHB12_2CL,1,CARBHB12_2CL_A,1,CARBHB12_2CL_B,43.86
CARBHB12_11,-1,CARBHB12_3CL,1,CARBHB12_3CL_A,1,CARBHB12_3CL_B,13.56
CARBHB12_12,-1,CARBHB12_4CL,1,CARBHB12_4CL_A,1,CARBHB12_4CL_B,68.18
CDIE20_1,-1,CDIE20_R20,1,CDIE20_P20,-13.81
CDIE20_2,-1,CDIE20_R21,1,CDIE20_P20,18.41
CDIE20_3,-1,CDIE20_R22,1,CDIE20_P22,-24.69
CDIE20_4,-1,CDIE20_R25,1,CDIE20_P25,-20.08
CDIE20_5,-1,CDIE20_R26,1,CDIE20_P26,-10.46
CDIE20_6,-1,CDIE20_R28,1,CDIE20_P26,16.74
CDIE20_7,-1,CDIE20_R29,1,CDIE20_P25,18.83
CDIE20_8,-1,CDIE20_R40,1,CDIE20_P40,7.11
CDIE20_9,-1,CDIE20_R43,1,CDIE20_P43,12.13
CDIE20_10,-1,CDIE20_R44,1,CDIE20_P44,15.48
CDIE20_11,-1,CDIE20_R45,1,CDIE20_P45,5.02
CDIE20_12,-1,CDIE20_R46,1,CDIE20_P46,15.48
CDIE20_13,-1,CDIE20_R47,1,CDIE20_P47,15.90
CDIE20_14,-1,CDIE20_R48,1,CDIE20_P48,18.41
CDIE20_15,-1,CDIE20_R49,1,CDIE20_P49,17.57
CDIE20_16,-1,CDIE20_R51,1,CDIE20_P51,6.69
CDIE20_17,-1,CDIE20_R52,1,CDIE20_P52,17.57
CDIE20_18,-1,CDIE20_R56,1,CDIE20_P56,24.69
CDIE20_19,-1,CDIE20_R57,1,CDIE20_P51,24.27
CDIE20_20,-1,CDIE20_R60,1,CDIE20_P60,35.98
CHB6_1,1,CHB6_22,-1,CHB6_22A,-1,CHB6_22B,-144.06
CHB6_2,1,CHB6_23,-1,CHB6_23A,-1,CHB6_23B,-99.70
CHB6_3,1,CHB6_24,-1,CHB6_24A,-1,CHB6_24B,-74.60
CHB6_4,1,CHB6_25,-1,CHB6_25A,-1,CHB6_25B,-163.55
CHB6_5,1,CHB6_26,-1,CHB6_26A,-1,CHB6_26B,-107.24
CHB6_6,1,CHB6_27,-1,CHB6_27A,-1,CHB6_27B,-83.26
DARC_1,-1,DARC_ethene,-1,DARC_butadiene,1,DARC_P1,-189.95
DARC_2,-1,DARC_ethine,-1,DARC_butadiene,1,DARC_P2,-254.39
DARC_3,-1,DARC_ethene,-1,DARC_cpdiene,1,DARC_P3,-125.10
DARC_4,-1,DARC_ethine,-1,DARC_cpdiene,1,DARC_P4,-140.58
DARC_5,-1,DARC_ethene,-1,DARC_chdiene,1,DARC_P5,-157.32
DARC_6,-1,DARC_ethine,-1,DARC_chdiene,1,DARC_P6,-205.02
DARC_7,-1,DARC_furane,-1,DARC_malein,1,DARC_P7,-58.58
DARC_8,-1,DARC_furane,-1,DARC_malein,1,DARC_P7X,-66.53
DARC_9,-1,DARC_furane,-1,DARC_maleinNH,1,DARC_P8,-70.29
DARC_10,-1,DARC_furane,-1,DARC_maleinNH,1,DARC_P8X,-79.08
DARC_11,-1,DARC_cpdiene,-1,DARC_malein,1,DARC_P9,-132.63
DARC_12,-1,DARC_cpdiene,-1,DARC_malein,1,DARC_P9X,-134.72
DARC_13,-1,DARC_cpdiene,-1,DARC_maleinNH,1,DARC_P10,-143.09
DARC_14,-1,DARC_cpdiene,-1,DARC_maleinNH,1,DARC_P10X,-144.77
DC13_1,1,DC13_ISO_E36,-1,DC13_ISO_P36,-4.18
DC13_2,-1,DC13_c20cage,1,DC13_c20bowl,-32.22
DC13_3,1,DC13_heptatriyne,-1,DC13_heptahexaene,-63.60
DC13_4,-2,DC13_tmethen,1,DC13_omcb,-78.66
DC13_5,1,DC13_ISO_E35,-1,DC13_ISO_P35,-95.81
DC13_6,-1,DC13_carbooxo2,1,DC13_carbooxo1,-107.53
DC13_7,-1,DC13_ethen,-1,DC13_ch2n2,1,DC13_13dip,-162.76
DC13_8,1,DC13_be4,-4,DC13_be,-384.93
DC13_9,-4,DC13_s2,1,DC13_s8,-443.50
DC13_10,-1,DC13_ISO_C8H8_1,1,DC13_ISO_C8H8_41,459.91
DC13_11,-1,DC13_o3,-1,DC13_c2h2,1,DC13_o3_c2h2_add,-273.22
DC13_12,-1,DC13_o3,-1,DC13_c2h4,1,DC13_o3_c2h4_add,-245.60
DC13_13,-1,DC13_C6Cl6,-6,DC13_HCL,1,DC13_C6H6,6,DC13_CL2,638.48
DIPCS10_1,-1,DIPCS10_c4h4,1,DIPCS10_c4h4_2+,2214.17
DIPCS10_2,-1,DIPCS10_c2h6,1,DIPCS10_c2h6_2+,2791.15
DIPCS10_3,-1,DIPCS10_c2h4,1,DIPCS10_c2h4_2+,2743.87
DIPCS10_4,-1,DIPCS10_n2h2,1,DIPCS10_n2h2_2+,2622.95
DIPCS10_5,-1,DIPCS10_nh3,1,DIPCS10_nh3_2+,3248.88
DIPCS10_6,-1,DIPCS10_ch2o,1,DIPCS10_ch2o_2+,3127.96
DIPCS10_7,-1,DIPCS10_h2s,1,DIPCS10_h2s_2+,3066.87
DIPCS10_8,-1,DIPCS10_ph3,1,DIPCS10_ph3_2+,2717.93
DIPCS10_9,-1,DIPCS10_mg,1,DIPCS10_mg_2+,2184.47
DIPCS10_10,-1,DIPCS10_be,1,DIPCS10_be_2+,2656.00
FH51_1,-1,FH51_C6H12O,-2,FH51_H2O2,1,FH51_ethyl-g-butyrolactone,3,FH51_H2O,-630.99
FH51_2,-1,FH51_C4H9NH2,-3,FH51_H2O2,1,FH51_C4H9NO2,4,FH51_H2O,-604.09
FH51_3,-1,FH51_C4H9CHO,-1,FH51_H2O2,1,FH51_C4H9CO2H,1,FH51_H2O,-373.84
FH51_4,-1,FH51_C4H9SO2H,-1,FH51_H2O2,1,FH51_C4H9SO3H,1,FH51_H2O,-345.39
FH51_5,-1,FH51_trans-2-pentene,-1,FH51_H2O2,1,FH51_pentanediol,-328.49
FH51_6,-1,FH51_toluene,-3,FH51_H2,1,FH51_methylcyclohexane,-280.16
FH51_7,-1,FH51_pentanol,-1,FH51_H2O2,1,FH51_C4H9CHO,2,FH51_H2O,-267.32
FH51_8,-1,FH51_C2H5O_2,1,FH51_C2H4OH_2,-244.89
FH51_9,-1,FH51_3-hexene,-1,FH51_H2O2,1,FH51_diethyloxirane,1,FH51_H2O,-236.98
FH51_10,-1,FH51_S_C2H5_2,-1,FH51_H2O2,1,FH51_OS_C2H5_2,1,FH51_H2O,-221.12
FH51_11,-1,FH51_ax-methylcyclohexene,1,FH51_eq-methylcyclohexene,-220.08
FH51_12,-1,FH51_hexyne,-1,FH51_H2,1,FH51_1-hexene,-195.48
FH51_13,-1,FH51_2-pentyne,-1,FH51_H2,1,FH51_trans-2-pentene,-187.53
FH51_14,-1,FH51_2-pentyne,-1,FH51_H2,1,FH51_cis-2-pentene,-182.72
FH51_15,-1,FH51_2-pentyne,-1,FH51_HCN,1,FH51_C2H5CCNCHCH3,-179.45
FH51_16,-1,FH51_1-hexene,-1,FH51_H2,1,FH51_n-hexane,-155.14
FH51_17,-1,FH51_1-pentyne,-1,FH51_H2O,1,FH51_C4H9CHO,-146.15
FH51_18,-2,FH51_C3H7NH2,-1,FH51_COCl2,1,FH51_CO_2NHC3H7_2,2,FH51_HCl,-135.85
FH51_19,-1,FH51_eq-methylcyclohexene,-1,FH51_H2,1,FH51_methylcyclohexane,-134.31
FH51_20,-1,FH51_trans-2-pentene,-1,FH51_Cl2,1,FH51_C2H5CClCHCH3,1,FH51_HCl,-130.62
FH51_21,-1,FH51_2-pentyne,-1,FH51_HCl,1,FH51_C2H5CClCHCH3,-125.44
FH51_22,-1,FH51_1-pentene,-1,FH51_ethene,1,FH51_Heptene,-108.11
FH51_23,-1,FH51_C4H9CHO,-1,FH51_H2,1,FH51_pentanol,-98.20
FH51_24,-1,FH51_dimethyloxirane,-1,FH51_H2O,1,FH51_butanediol,-93.93
FH51_25,-1,FH51_methylpyridine,-1,FH51_H2,1,FH51_dimethylpyrrole,-84.81
FH51_26,-1,FH51_C4H9NCO,-1,FH51_NH3,1,FH51_C4H9NHCONH2,-82.51
FH51_27,-1,FH51_C3H7CN,-1,FH51_H2O,1,FH51_C3H7CONH2,-80.92
FH51_28,-1,FH51_propylfuran,-1,FH51_H2S,1,FH51_propylthiophene,1,FH51_H2O,-81.38
FH51_29,-1,FH51_diethylamine,-1,FH51_CO,1,FH51_HCON_C2H5_2,-72.76
FH51_30,-1,FH51_C3H7NCO,-1,FH51_H2O,1,FH51_C3H7NH2,1,FH51_CO2,-71.04
FH51_31,-1,FH51_C3H7CO2C2H3,1,FH51_ethyl-g-butyrolactone,-67.53
FH51_32,-1,FH51_H2C-C5-CH2,1,FH51_heptatriyne,-59.83
FH51_33,-1,FH51_methylpyrazole,1,FH51_methylimidazole,-54.98
FH51_34,-1,FH51_1-pentene,-1,FH51_H2O,1,FH51_pentanol,-48.87
FH51_35,-1,FH51_methylfuran,-1,FH51_NH3,1,FH51_methylpyrrole,1,FH51_H2O,-44.77
FH51_36,-1,FH51_C3H7CHCO,-1,FH51_H2CO,1,FH51_propyloxirane,1,FH51_CO,-39.29
FH51_37,-1,FH51_pentanol,-1,FH51_CO,1,FH51_HCO2C5H11,-35.69
FH51_38,-1,FH51_C3H7S_2,-1,FH51_H2,2,FH51_C3H7SH,-27.74
FH51_39,1,FH51_pentadiene,1,FH51_ethene,-1,FH51_ax-methylcyclohexene,-27.82
FH51_40,-1,FH51_hexandione,1,FH51_methyl-d-valerolactone,-26.99
FH51_41,-1,FH51_C2H5CO2H,-1,FH51_methanol,1,FH51_C2H5CO2CH3,1,FH51_H2O,-21.38
FH51_42,-1,FH51_C4H9ONO,1,FH51_C4H9NO2,-13.60
FH51_43,-1,FH51_n-hexane,1,FH51_neo-hexane,-11.05
FH51_44,-1,FH51_methylcyclohexa-1-4-diene,1,FH51_methylcyclohexa-1-3-diene,-10.38
FH51_45,-1,FH51_1-pentene,1,FH51_trans-2-pentene,-8.83
FH51_46,-1,FH51_toluene,-1,FH51_H2,1,FH51_methylcyclohexa-1-3-diene,-6.15
FH51_47,-1,FH51_cis-2-pentene,1,FH51_trans-2-pentene,-4.81
FH51_48,-1,FH51_3-methylpentane,1,FH51_dimethylbutane,-3.60
FH51_49,-1,FH51_C2H5CO2H,-1,FH51_NH3,1,FH51_C2H5CONH2,1,FH51_H2O,-1.80
FH51_50,-1,FH51_n-nonane,1,FH51_tetramethylpentane,-1.72
FH51_51,-1,FH51_C3H7CO2H,-1,FH51_NH3,1,FH51_C3H7CONH2,1,FH51_H2O,-0.75
G21EA_1,1,G21EA_EA_c,-1,G21EA_EA_c-,122.17
G21EA_2,1,G21EA_EA_o,-1,G21EA_EA_o-,141.00
G21EA_3,1,G21EA_EA_f,-1,G21EA_EA_f-,328.03
G21EA_4,1,G21EA_EA_si,-1,G21EA_EA_si-,134.31
G21EA_5,1,G21EA_EA_p,-1,G21EA_EA_p-,72.38
G21EA_6,1,G21EA_EA_s,-1,G21EA_EA_s-,200.83
G21EA_7,1,G21EA_EA_cl,-1,G21EA_EA_cl-,349.36
G21EA_8,1,G21EA_EA_8n,-1,G21EA_EA_8,116.73
G21EA_9,1,G21EA_EA_9n,-1,G21EA_EA_9,56.07
G21EA_10,1,G21EA_EA_10n,-1,G21EA_EA_10,5.02
G21EA_11,1,G21EA_EA_11n,-1,G21EA_EA_11,34.73
G21EA_12,1,G21EA_EA_12n,-1,G21EA_EA_12,70.29
G21EA_13,1,G21EA_EA_13n,-1,G21EA_EA_13,174.47
G21EA_14,1,G21EA_EA_14n,-1,G21EA_EA_14,122.59
G21EA_15,1,G21EA_EA_15n,-1,G21EA_EA_15,105.02
G21EA_16,1,G21EA_EA_16n,-1,G21EA_EA_16,131.38
G21EA_17,1,G21EA_EA_17n,-1,G21EA_EA_17,98.32
G21EA_18,1,G21EA_EA_18n,-1,G21EA_EA_18,120.50
G21EA_19,1,G21EA_EA_19n,-1,G21EA_EA_19,226.77
G21EA_20,1,G21EA_EA_20n,-1,G21EA_EA_20,39.75
G21EA_21,1,G21EA_EA_21n,-1,G21EA_EA_21,-0.84
G21EA_22,1,G21EA_EA_22n,-1,G21EA_EA_22,374.47
G21EA_23,1,G21EA_EA_23n,-1,G21EA_EA_23,104.18
G21EA_24,1,G21EA_EA_24n,-1,G21EA_EA_24,158.99
G21EA_25,1,G21EA_EA_25n,-1,G21EA_EA_25,228.86
G21IP_1,-1,G21IP_h,1317.54
G21IP_2,1,G21IP_li+,-1,G21IP_li,515.89
G21IP_3,1,G21IP_be+,-1,G21IP_be,899.14
G21IP_4,1,G21IP_b+,-1,G21IP_b,796.63
G21IP_5,1,G21IP_c+,-1,G21IP_c,1086.17
G21IP_6,1,G21IP_n+,-1,G21IP_n,1402.90
G21IP_7,1,G21IP_o+,-1,G21IP_o,1312.94
G21IP_8,1,G21IP_f+,-1,G21IP_f,1680.71
G21IP_9,1,G21IP_na+,-1,G21IP_na,495.80
G21IP_10,1,G21IP_mg+,-1,G21IP_mg,737.64
G21IP_11,1,G21IP_al+,-1,G21IP_al,577.39
G21IP_12,1,G21IP_si+,-1,G21IP_si,786.59
G21IP_13,1,G21IP_p+,-1,G21IP_p,1012.11
G21IP_14,1,G21IP_s+,-1,G21IP_s,999.98
G21IP_15,1,G21IP_cl+,-1,G21IP_cl,1251.43
G21IP_16,1,G21IP_IP_59,-1,G21IP_8,1239.88
G21IP_17,1,G21IP_IP_60,-1,G21IP_11,986.13
G21IP_18,1,G21IP_IP_61,-1,G21IP_12,1259.04
G21IP_19,1,G21IP_IP_62,-1,G21IP_13,1224.44
G21IP_20,1,G21IP_IP_63,-1,G21IP_14,1553.57
G21IP_21,1,G21IP_IP_64,-1,G21IP_18,1068.54
G21IP_22,1,G21IP_IP_65,-1,G21IP_IP_n65,979.50
G21IP_23,1,G21IP_IP_66,-1,G21IP_19,947.12
G21IP_24,1,G21IP_IP_67,-1,G21IP_20,953.21
G21IP_25,1,G21IP_IP_68,-1,G21IP_137,1001.23
G21IP_26,1,G21IP_IP_70,-1,G21IP_22,1232.02
G21IP_27,1,G21IP_IP_71,-1,G21IP_25,1107.02
G21IP_28,1,G21IP_IP_72,-1,G21IP_26,1019.68
G21IP_29,1,G21IP_IP_73,-1,G21IP_30,1351.37
G21IP_30,1,G21IP_IP_74,-1,G21IP_34,1503.58
G21IP_31,1,G21IP_IP_75,-1,G21IP_37,1162.01
G21IP_32,1,G21IP_IP_76,-1,G21IP_43,1016.10
G21IP_33,1,G21IP_IP_77,-1,G21IP_44,902.64
G21IP_34,1,G21IP_IP_78,-1,G21IP_45,1109.11
G21IP_35,1,G21IP_IP_79,-1,G21IP_51,1220.47
G21IP_36,1,G21IP_IP_80,-1,G21IP_48,1092.66
G2RC_1,-1,G2RC_118,1,G2RC_117,1,G2RC_13,-9.33
G2RC_2,-1,G2RC_40,-1,G2RC_1,1,G2RC_104,-9.46
G2RC_3,-1,G2RC_113,1,G2RC_30,1,G2RC_8,-9.12
G2RC_4,-1,G2RC_52,-1,G2RC_1,2,G2RC_18,-17.15
G2RC_5,-1,G2RC_30,-1,G2RC_13,1,G2RC_40,1,G2RC_1,-29.71
G2RC_6,-1,G2RC_128,-1,G2RC_13,1,G2RC_126,1,G2RC_22,-44.77
G2RC_7,-1,G2RC_100,-1,G2RC_13,1,G2RC_106,-81.46
G2RC_8,-1,G2RC_25,-1,G2RC_14,1,G2RC_121,-112.84
G2RC_9,-1,G2RC_39,-1,G2RC_45,2,G2RC_51,-114.22
G2RC_10,-1,G2RC_58,-1,G2RC_59,1,G2RC_57,1,G2RC_60,-113.60
G2RC_11,-1,G2RC_67,-1,G2RC_61,1,G2RC_66,1,G2RC_62,-104.14
G2RC_12,-1,G2RC_32,-1,G2RC_1,1,G2RC_33,-123.26
G2RC_13,-1,G2RC_25,-1,G2RC_26,1,G2RC_88,-136.86
G2RC_14,-1,G2RC_47,-3,G2RC_1,1,G2RC_18,1,G2RC_13,-151.96
G2RC_15,-1,G2RC_34,-3,G2RC_1,2,G2RC_11,-164.98
G2RC_16,-1,G2RC_8,-2,G2RC_45,1,G2RC_97,2,G2RC_22,-203.01
G2RC_17,-1,G2RC_25,-1,G2RC_1,1,G2RC_26,-205.85
G2RC_18,-1,G2RC_56,-3,G2RC_1,1,G2RC_21,2,G2RC_13,-258.03
G2RC_19,-1,G2RC_30,-3,G2RC_1,1,G2RC_13,1,G2RC_8,-272.59
G2RC_20,-1,G2RC_73,-1,G2RC_1,1,G2RC_39,1,G2RC_13,-288.28
G2RC_21,-1,G2RC_68,-1,G2RC_1,1,G2RC_34,1,G2RC_13,-339.78
G2RC_22,-1,G2RC_26,-1,G2RC_6,1,G2RC_82,-456.52
G2RC_23,-1,G2RC_1,-1,G2RC_39,2,G2RC_14,-566.51
G2RC_24,-3,G2RC_25,1,G2RC_94,-644.50
G2RC_25,-1,G2RC_23,-1,G2RC_39,2,G2RC_24,-904.20
HAL59_1,-1,HAL59_PCH_PhBr,1,HAL59_PCH,1,HAL59_PhBr,3.56
HAL59_2,-1,HAL59_NCH_PhBr,1,HAL59_NCH,1,HAL59_PhBr,4.81
HAL59_3,-1,HAL59_NH3_PhBr,1,HAL59_NH3,1,HAL59_PhBr,8.45
HAL59_4,-1,HAL59_MeI_PCH,1,HAL59_MeI,1,HAL59_PCH,3.56
HAL59_5,-1,HAL59_MeI_NCH,1,HAL59_MeI,1,HAL59_NCH,5.94
HAL59_6,-1,HAL59_MeI_NH3,1,HAL59_MeI,1,HAL59_NH3,11.42
HAL59_7,-1,HAL59_PCH_PhI,1,HAL59_PCH,1,HAL59_PhI,3.85
HAL59_8,-1,HAL59_NCH_PhI,1,HAL59_NCH,1,HAL59_PhI,7.82
HAL59_9,-1,HAL59_NH3_PhI,1,HAL59_NH3,1,HAL59_PhI,13.93
HAL59_10,-1,HAL59_PCH_F3CI,1,HAL59_PCH,1,HAL59_F3CI,3.72
HAL59_11,-1,HAL59_NCH_F3CI,1,HAL59_NCH,1,HAL59_F3CI,15.10
HAL59_12,-1,HAL59_NH3_F3CI,1,HAL59_NH3,1,HAL59_F3CI,24.60
HAL59_13,-1,HAL59_BrBr_PCH,1,HAL59_BrBr,1,HAL59_PCH,4.94
HAL59_14,-1,HAL59_BrBr_NCH,1,HAL59_BrBr,1,HAL59_NCH,15.10
HAL59_15,-1,HAL59_BrBr_NH3,1,HAL59_BrBr,1,HAL59_NH3,30.50
HAL59_16,-1,HAL59_PCH_NBS,1,HAL59_PCH,1,HAL59_NBS,4.98
HAL59_17,-1,HAL59_NCH_NBS,1,HAL59_NCH,1,HAL59_NBS,18.07
HAL59_18,-1,HAL59_NH3_NBS,1,HAL59_NH3,1,HAL59_NBS,33.56
HAL59_19,-1,HAL59_PCH_FCl,1,HAL59_PCH,1,HAL59_FCl,4.85
HAL59_20,-1,HAL59_NCH_FCl,1,HAL59_NCH,1,HAL59_FCl,20.13
HAL59_21,-1,HAL59_NH3_FCl,1,HAL59_NH3,1,HAL59_FCl,44.10
HAL59_22,-1,HAL59_PCH_NIS,1,HAL59_PCH,1,HAL59_NIS,6.40
HAL59_23,-1,HAL59_NCH_NIS,1,HAL59_NCH,1,HAL59_NIS,24.73
HAL59_24,-1,HAL59_NH3_NIS,1,HAL59_NH3,1,HAL59_NIS,45.98
HAL59_25,-1,HAL59_PCH_FBr,1,HAL59_PCH,1,HAL59_FBr,8.66
HAL59_26,-1,HAL59_NCH_FBr,1,HAL59_NCH,1,HAL59_FBr,31.51
HAL59_27,-1,HAL59_NH3_FBr,1,HAL59_NH3,1,HAL59_FBr,64.02
HAL59_28,-1,HAL59_FI_PCH,1,HAL59_FI,1,HAL59_PCH,11.46
HAL59_29,-1,HAL59_FI_NCH,1,HAL59_FI,1,HAL59_NCH,39.04
HAL59_30,-1,HAL59_FI_NH3,1,HAL59_FI,1,HAL59_NH3,71.59
HAL59_31,-1,HAL59_MeI_FCCH,1,HAL59_MeI,1,HAL59_FCCH,2.09
HAL59_32,-1,HAL59_BrBr_FCCH,1,HAL59_BrBr,1,HAL59_FCCH,3.10
HAL59_33,-1,HAL59_FI_FCCH,1,HAL59_FI,1,HAL59_FCCH,1.21
HAL59_34,-1,HAL59_MeI_FMe,1,HAL59_MeI,1,HAL59_FMe,7.11
HAL59_35,-1,HAL59_BrBr_FMe,1,HAL59_BrBr,1,HAL59_FMe,12.01
HAL59_36,-1,HAL59_FI_FMe,1,HAL59_FI,1,HAL59_FMe,24.98
HAL59_37,-1,HAL59_MeI_OCH2,1,HAL59_MeI,1,HAL59_OCH2,10.00
HAL59_38,-1,HAL59_BrBr_OCH2,1,HAL59_BrBr,1,HAL59_OCH2,18.45
HAL59_39,-1,HAL59_FI_OCH2,1,HAL59_FI,1,HAL59_OCH2,41.59
HAL59_40,-1,HAL59_MeI_OPH3,1,HAL59_MeI,1,HAL59_OPH3,13.97
HAL59_41,-1,HAL59_BrBr_OPH3,1,HAL59_BrBr,1,HAL59_OPH3,24.89
HAL59_42,-1,HAL59_FI_OPH3,1,HAL59_FI,1,HAL59_OPH3,55.90
HAL59_43,-1,HAL59_MeI_pyr,1,HAL59_MeI,1,HAL59_pyr,15.10
HAL59_44,-1,HAL59_BrBr_pyr,1,HAL59_BrBr,1,HAL59_pyr,37.95
HAL59_45,-1,HAL59_FI_pyr,1,HAL59_FI,1,HAL59_pyr,85.10
HAL59_46,1,HAL59_11_benF3-benA,1,HAL59_11_benF3-benB,-1,HAL59_11_benF3-benAB,18.41
HAL59_47,1,HAL59_12_benF6-benA,1,HAL59_12_benF6-benB,-1,HAL59_12_benF6-benAB,25.61
HAL59_48,1,HAL59_19_benCl-acetoneA,1,HAL59_19_benCl-acetoneB,-1,HAL59_19_benCl-acetoneAB,6.23
HAL59_49,1,HAL59_20_benBr-acetoneA,1,HAL59_20_benBr-acetoneB,-1,HAL59_20_benBr-acetoneAB,10.17
HAL59_50,1,HAL59_21_benI-acetoneA,1,HAL59_21_benI-acetoneB,-1,HAL59_21_benI-acetoneAB,14.48
HAL59_51,1,HAL59_22_benCl-Nm3A,1,HAL59_22_benCl-Nm3B,-1,HAL59_22_benCl-Nm3AB,8.83
HAL59_52,1,HAL59_23_benBr-Nm3A,1,HAL59_23_benBr-Nm3B,-1,HAL59_23_benBr-Nm3AB,15.82
HAL59_53,1,HAL59_24_benI-Nm3A,1,HAL59_24_benI-Nm3B,-1,HAL59_24_benI-Nm3AB,24.31
HAL59_54,1,HAL59_25_benBr-mSHA,1,HAL59_25_benBr-mSHB,-1,HAL59_25_benBr-mSHAB,9.71
HAL59_55,1,HAL59_26_benI-mSHA,1,HAL59_26_benI-mSHB,-1,HAL59_26_benI-mSHAB,12.89
HAL59_56,1,HAL59_27_CH3Br-benA,1,HAL59_27_CH3Br-benB,-1,HAL59_27_CH3Br-benAB,7.57
HAL59_57,1,HAL59_28_CH3I-benA,1,HAL59_28_CH3I-benB,-1,HAL59_28_CH3I-benAB,10.38
HAL59_58,1,HAL59_29_CF3Br-benA,1,HAL59_29_CF3Br-benB,-1,HAL59_29_CF3Br-benAB,13.01
HAL59_59,1,HAL59_30_CF3I-benA,1,HAL59_30_CF3I-benB,-1,HAL59_30_CF3I-benAB,16.36
HEAVY28_1,-1,HEAVY28_bih3_2,2,HEAVY28_bih3,4.85
HEAVY28_2,-1,HEAVY28_bih3_h2o,1,HEAVY28_bih3,1,HEAVY28_h2o,10.42
HEAVY28_3,-1,HEAVY28_bih3_h2s,1,HEAVY28_bih3,1,HEAVY28_h2s,5.69
HEAVY28_4,-1,HEAVY28_bih3_hcl,1,HEAVY28_bih3,1,HEAVY28_hcl,3.22
HEAVY28_5,-1,HEAVY28_bih3_hbr,1,HEAVY28_bih3,1,HEAVY28_hbr,4.10
HEAVY28_6,-1,HEAVY28_bih3_hi,1,HEAVY28_bih3,1,HEAVY28_hi,5.44
HEAVY28_7,-1,HEAVY28_bih3_nh3,1,HEAVY28_bih3,1,HEAVY28_nh3,2.51
HEAVY28_8,-1,HEAVY28_pbh4_2,2,HEAVY28_pbh4,5.23
HEAVY28_9,-1,HEAVY28_pbh4_bih3,1,HEAVY28_pbh4,1,HEAVY28_bih3,2.30
HEAVY28_10,-1,HEAVY28_pbh4_h2o,1,HEAVY28_pbh4,1,HEAVY28_h2o,1.51
HEAVY28_11,-1,HEAVY28_pbh4_hcl,1,HEAVY28_pbh4,1,HEAVY28_hcl,3.14
HEAVY28_12,-1,HEAVY28_pbh4_hbr,1,HEAVY28_pbh4,1,HEAVY28_hbr,3.89
HEAVY28_13,-1,HEAVY28_pbh4_hi,1,HEAVY28_pbh4,1,HEAVY28_hi,4.94
HEAVY28_14,-1,HEAVY28_pbh4_teh2,1,HEAVY28_pbh4,1,HEAVY28_teh2,2.72
HEAVY28_15,-1,HEAVY28_sbh3_2,2,HEAVY28_sbh3,5.36
HEAVY28_16,-1,HEAVY28_sbh3_h2o,1,HEAVY28_sbh3,1,HEAVY28_h2o,6.57
HEAVY28_17,-1,HEAVY28_sbh3_h2s,1,HEAVY28_sbh3,1,HEAVY28_h2s,4.44
HEAVY28_18,-1,HEAVY28_sbh3_hcl,1,HEAVY28_sbh3,1,HEAVY28_hcl,8.45
HEAVY28_19,-1,HEAVY28_sbh3_hbr,1,HEAVY28_sbh3,1,HEAVY28_hbr,7.91
HEAVY28_20,-1,HEAVY28_sbh3_hi,1,HEAVY28_sbh3,1,HEAVY28_hi,6.23
HEAVY28_21,-1,HEAVY28_sbh3_nh3,1,HEAVY28_sbh3,1,HEAVY28_nh3,11.88
HEAVY28_22,-1,HEAVY28_teh2_2,2,HEAVY28_teh2,2.18
HEAVY28_23,-1,HEAVY28_teh2_h2o,1,HEAVY28_teh2,1,HEAVY28_h2o,2.85
HEAVY28_24,-1,HEAVY28_teh2_h2s,1,HEAVY28_teh2,1,HEAVY28_h2s,2.01
HEAVY28_25,-1,HEAVY28_teh2_hcl,1,HEAVY28_teh2,1,HEAVY28_hcl,5.15
HEAVY28_26,-1,HEAVY28_teh2_hbr,1,HEAVY28_teh2,1,HEAVY28_hbr,5.10
HEAVY28_27,-1,HEAVY28_teh2_hi,1,HEAVY28_teh2,1,HEAVY28_hi,3.35
HEAVY28_28,-1,HEAVY28_teh2_nh3,1,HEAVY28_teh2,1,HEAVY28_nh3,14.02
HEAVYSB11_1,2,HEAVYSB11_geh3,-1,HEAVYSB11_ge2h6,308.86
HEAVYSB11_2,2,HEAVYSB11_snme3,-1,HEAVYSB11_sn2me6,258.32
HEAVYSB11_3,2,HEAVYSB11_pbme3,-1,HEAVYSB11_pb2me6,221.42
HEAVYSB11_4,2,HEAVYSB11_sh,-1,HEAVYSB11_h2s2,283.88
HEAVYSB11_5,2,HEAVYSB11_seh,-1,HEAVYSB11_h2se2,244.22
HEAVYSB11_6,2,HEAVYSB11_teme,-1,HEAVYSB11_te2me2,221.38
HEAVYSB11_7,2,HEAVYSB11_pme2,-1,HEAVYSB11_p2me4,258.78
HEAVYSB11_8,2,HEAVYSB11_asme2,-1,HEAVYSB11_as2me4,218.32
HEAVYSB11_9,2,HEAVYSB11_sbme2,-1,HEAVYSB11_sb2me4,183.22
HEAVYSB11_10,2,HEAVYSB11_cl,-1,HEAVYSB11_cl2,249.58
HEAVYSB11_11,2,HEAVYSB11_br,-1,HEAVYSB11_br2,222.46
ICONF_1,-1,ICONF_N3H5_1,1,ICONF_N3H5_2,3.77
ICONF_2,-1,ICONF_N3H5_1,1,ICONF_N3H5_3,22.13
ICONF_3,-1,ICONF_N4H6_1,1,ICONF_N4H6_2,0.54
ICONF_4,-1,ICONF_N4H6_1,1,ICONF_N4H6_3,9.75
ICONF_5,-1,ICONF_N3P3H12_1,1,ICONF_N3P3H12_2,50.88
ICONF_6,-1,ICONF_SI5H12_1,1,ICONF_SI5H12_2,0.42
ICONF_7,-1,ICONF_SI5H12_1,1,ICONF_SI5H12_3,4.31
ICONF_8,-1,ICONF_SI5H12_1,1,ICONF_SI5H12_4,14.69
ICONF_9,-1,ICONF_SI6H12_1,1,ICONF_SI6H12_2,7.07
ICONF_10,-1,ICONF_P7H7_1,1,ICONF_P7H7_2,5.86
ICONF_11,-1,ICONF_S4O4_1,1,ICONF_S4O4_2,18.37
ICONF_12,-1,ICONF_S8_1,1,ICONF_S8_2,38.33
ICONF_13,-1,ICONF_H2S2O7_1,1,ICONF_H2S2O7_2,2.30
ICONF_14,-1,ICONF_H2S2O7_1,1,ICONF_H2S2O7_3,14.85
ICONF_15,-1,ICONF_H4P2O7_1,1,ICONF_H4P2O7_2,5.56
ICONF_16,-1,ICONF_H4P2O7_1,1,ICONF_H4P2O7_3,15.31
ICONF_17,-1,ICONF_H4P2O7_1,1,ICONF_H4P2O7_4,18.20
IDISP_1,1,IDISP_antdimer,-2,IDISP_ant,-38.28
IDISP_2,2,IDISP_pxylene,-1,IDISP_pc22,-2,IDISP_h2,-252.21
IDISP_3,1,IDISP_octane1,-1,IDISP_octane2,-5.06
IDISP_4,1,IDISP_undecan1,-1,IDISP_undecan2,38.07
IDISP_5,-1,IDISP_F14f,1,IDISP_F14l,-15.23
IDISP_6,-1,IDISP_F22f,1,IDISP_F22l,-8.20
IL16_1,1,IL16_008,-1,IL16_008A,-1,IL16_008B,-420.12
IL16_2,1,IL16_144,-1,IL16_144A,-1,IL16_144B,-505.43
IL16_3,1,IL16_147,-1,IL16_147A,-1,IL16_147B,-489.15
IL16_4,1,IL16_148,-1,IL16_148A,-1,IL16_148B,-439.36
IL16_5,1,IL16_150,-1,IL16_150A,-1,IL16_150B,-436.98
IL16_6,1,IL16_152,-1,IL16_152A,-1,IL16_152B,-365.77
IL16_7,1,IL16_187,-1,IL16_187A,-1,IL16_187B,-476.98
IL16_8,1,IL16_202,-1,IL16_202A,-1,IL16_202B,-474.93
IL16_9,1,IL16_212,-1,IL16_212A,-1,IL16_212B,-480.78
IL16_10,1,IL16_213,-1,IL16_213A,-1,IL16_213B,-471.75
IL16_11,1,IL16_214,-1,IL16_214A,-1,IL16_214B,-437.10
IL16_12,1,IL16_227,-1,IL16_227A,-1,IL16_227B,-494.51
IL16_13,1,IL16_228,-1,IL16_228A,-1,IL16_228B,-468.69
IL16_14,1,IL16_229,-1,IL16_229A,-1,IL16_229B,-445.72
IL16_15,1,IL16_230,-1,IL16_230A,-1,IL16_230B,-464.34
IL16_16,1,IL16_231,-1,IL16_231A,-1,IL16_231B,-428.32
INV24_1,-1,INV24_H2O,1,INV24_H2O_TS,132.63
INV24_2,-1,INV24_H2S,1,INV24_H2S_TS,289.95
INV24_3,-1,INV24_SO2,1,INV24_SO2_TS,253.55
INV24_4,-1,INV24_Ether,1,INV24_Ether_TS,154.81
INV24_5,-1,INV24_Thioether,1,INV24_Thioether_TS,310.45
INV24_6,-1,INV24_NMe3,1,INV24_NMe3_TS,40.58
INV24_7,-1,INV24_NCl3,1,INV24_NCl3_TS,79.08
INV24_8,-1,INV24_PMe3,1,INV24_PMe3_TS,180.75
INV24_9,-1,INV24_PCl3,1,INV24_PCl3_TS,333.46
INV24_10,-1,INV24_PH2Ph,1,INV24_PH2Ph_TS,130.54
INV24_11,-1,INV24_PPh3,1,INV24_PPh3_TS,122.59
INV24_12,-1,INV24_Dibenzocycloheptene,1,INV24_Dibenzocycloheptene_TS,43.10
INV24_13,-1,INV24_Tetrahelicene,1,INV24_Tetrahelicene_TS,18.83
INV24_14,-1,INV24_Pentahelicene,1,INV24_Pentahelicene_TS,103.34
INV24_15,-1,INV24_Hexahelicene,1,INV24_Hexahelicene_TS,157.32
INV24_16,-1,INV24_Dibenzocarbazole,1,INV24_Dibenzocarbazole_TS,17.15
INV24_17,-1,INV24_Methinecyanine,1,INV24_Methinecyanine_TS,54.81
INV24_18,-1,INV24_Corannulene,1,INV24_Corannulene_TS,46.86
INV24_19,-1,INV24_BN_Corannulene,1,INV24_BN_Corannulene_TS,25.94
INV24_20,-1,INV24_Sumanene,1,INV24_Sumanene_TS,89.12
INV24_21,-1,INV24_Triazasumanene,1,INV24_Triazasumanene_TS,176.98
INV24_22,-1,INV24_BN_Sumanene,1,INV24_BN_Sumanene_TS,113.80
INV24_23,-1,INV24_Tetrabenzopyracylene,1,INV24_Tetrabenzopyracylene_TS,35.15
INV24_24,-1,INV24_Triindenotriphenylene,1,INV24_Triindenotriphenylene_TS,287.02
ISO34_1,-1,ISO34_E1,1,ISO34_P1,6.23
ISO34_2,-1,ISO34_E1,1,ISO34_P2,97.74
ISO34_3,-1,ISO34_E3,1,ISO34_P3,30.42
ISO34_4,-1,ISO34_E4,1,ISO34_P4,4.44
ISO34_5,-1,ISO34_E5,1,ISO34_E4,5.15
ISO34_6,-1,ISO34_E4,1,ISO34_P6,10.42
ISO34_7,-1,ISO34_E7,1,ISO34_P7,46.65
ISO34_8,-1,ISO34_E8,1,ISO34_P8,94.52
ISO34_9,-1,ISO34_E9,1,ISO34_P9,27.36
ISO34_10,-1,ISO34_E10,1,ISO34_P10,15.90
ISO34_11,-1,ISO34_E11,1,ISO34_P11,6.61
ISO34_12,-1,ISO34_E12,1,ISO34_P12,191.00
ISO34_13,-1,ISO34_E13,1,ISO34_P13,154.18
ISO34_14,-1,ISO34_E14,1,ISO34_P14,102.84
ISO34_15,-1,ISO34_E15,1,ISO34_P15,34.52
ISO34_16,-1,ISO34_E16,1,ISO34_P16,41.92
ISO34_17,-1,ISO34_E17,1,ISO34_P17,119.29
ISO34_18,-1,ISO34_E18,1,ISO34_P18,48.87
ISO34_19,-1,ISO34_E19,1,ISO34_E20,19.16
ISO34_20,-1,ISO34_E20,1,ISO34_P20,75.81
ISO34_21,-1,ISO34_E21,1,ISO34_P21,4.85
ISO34_22,-1,ISO34_E22,1,ISO34_E21,19.46
ISO34_23,-1,ISO34_E23,1,ISO34_P23,23.18
ISO34_24,-1,ISO34_E24,1,ISO34_P24,51.30
ISO34_25,-1,ISO34_E25,1,ISO34_P25,109.37
ISO34_26,-1,ISO34_E26,1,ISO34_P26,71.71
ISO34_27,-1,ISO34_E27,1,ISO34_P27,276.40
ISO34_28,-1,ISO34_E28,1,ISO34_P28,130.79
ISO34_29,-1,ISO34_E29,1,ISO34_P29,54.60
ISO34_30,-1,ISO34_E30,1,ISO34_P30,41.76
ISO34_31,-1,ISO34_E31,1,ISO34_P31,63.72
ISO34_32,-1,ISO34_E32,1,ISO34_P32,27.78
ISO34_33,-1,ISO34_E33,1,ISO34_P33,36.40
ISO34_34,-1,ISO34_E34,1,ISO34_P34,28.33
ISOL24_1,-1,ISOL24_i1e,1,ISOL24_i1p,297.11
ISOL24_2,-1,ISOL24_i2e,1,ISOL24_i2p,161.08
ISOL24_3,-1,ISOL24_i3e,1,ISOL24_i3p,44.73
ISOL24_4,-1,ISOL24_i4e,1,ISOL24_i4p,288.82
ISOL24_5,-1,ISOL24_i5e,1,ISOL24_i5p,138.41
ISOL24_6,-1,ISOL24_i6e,1,ISOL24_i6p,102.13
ISOL24_7,-1,ISOL24_i7e,1,ISOL24_i7p,74.81
ISOL24_8,-1,ISOL24_i8e,1,ISOL24_i8p,92.22
ISOL24_9,-1,ISOL24_i9e,1,ISOL24_i9p,88.24
ISOL24_10,-1,ISOL24_i10e,1,ISOL24_i10p,27.15
ISOL24_11,-1,ISOL24_i11e,1,ISOL24_i11p,154.39
ISOL24_12,-1,ISOL24_i12e,1,ISOL24_i12p,1.76
ISOL24_13,-1,ISOL24_i13e,1,ISOL24_i13p,138.16
ISOL24_14,-1,ISOL24_i14e,1,ISOL24_i14p,22.26
ISOL24_15,-1,ISOL24_i15e,1,ISOL24_i15p,17.32
ISOL24_16,-1,ISOL24_i16e,1,ISOL24_i16p,96.23
ISOL24_17,-1,ISOL24_i17e,1,ISOL24_i17p,41.13
ISOL24_18,-1,ISOL24_i18e,1,ISOL24_i18p,101.00
ISOL24_19,-1,ISOL24_i19e,1,ISOL24_i19p,75.48
ISOL24_20,-1,ISOL24_i20e,1,ISOL24_i20p,20.79
ISOL24_21,-1,ISOL24_i21e,1,ISOL24_i21p,49.79
ISOL24_22,1,ISOL24_i22e,-1,ISOL24_i22p,0.59
ISOL24_23,-1,ISOL24_i23e,1,ISOL24_i23p,102.97
ISOL24_24,-1,ISOL24_i24e,1,ISOL24_i24p,64.43
MB16-43_1,-2,MB16-43_01,-4,MB16-43_H2,4,MB16-43_BH3,2,MB16-43_N2,2,MB16-43_O2,1,MB16-43_F2,2,MB16-43_NaH,2,MB16-43_AlH3,1,MB16-43_Cl2,3638.39
MB16-43_2,-2,MB16-43_02,-6,MB16-43_H2,2,MB16-43_LiH,4,MB16-43_BH3,1,MB16-43_O2,1,MB16-43_F2,2,MB16-43_MgH2,2,MB16-43_SiH4,2,MB16-43_S2,3086.90
MB16-43_3,-2,MB16-43_03,-13,MB16-43_H2,2,MB16-43_LiH,6,MB16-43_CH4,1,MB16-43_O2,1,MB16-43_F2,2,MB16-43_NaH,2,MB16-43_MgH2,2,MB16-43_AlH3,1,MB16-43_S2,2170.06
MB16-43_4,-2,MB16-43_04,-17,MB16-43_H2,6,MB16-43_BH3,2,MB16-43_CH4,1,MB16-43_O2,1,MB16-43_F2,2,MB16-43_AlH3,4,MB16-43_SiH4,1493.05
MB16-43_5,-2,MB16-43_05,-4,MB16-43_H2,4,MB16-43_BH3,2,MB16-43_N2,2,MB16-43_SiH4,4,MB16-43_P2,1,MB16-43_Cl2,MB16-43_,617.90,
MB16-43_6,-2,MB16-43_06,-10,MB16-43_H2,6,MB16-43_BH3,2,MB16-43_CH4,1,MB16-43_N2,1,MB16-43_O2,2,MB16-43_MgH2,2,MB16-43_AlH3,1541.78
MB16-43_7,-2,MB16-43_07,-7,MB16-43_H2,2,MB16-43_BH3,4,MB16-43_CH4,1,MB16-43_N2,1,MB16-43_O2,2,MB16-43_F2,2,MB16-43_MgH2,1,MB16-43_S2,1,MB16-43_Cl2,2334.60
MB16-43_8,-2,MB16-43_08,-17,MB16-43_H2,2,MB16-43_BeH2,6,MB16-43_BH3,4,MB16-43_CH4,2,MB16-43_O2,2,MB16-43_F2,2,MB16-43_AlH3,2853.32
MB16-43_9,-2,MB16-43_09,-6,MB16-43_H2,2,MB16-43_LiH,4,MB16-43_BH3,2,MB16-43_CH4,1,MB16-43_F2,2,MB16-43_SiH4,1,MB16-43_Cl2,1595.90
MB16-43_10,-2,MB16-43_10,-14,MB16-43_H2,2,MB16-43_BH3,6,MB16-43_CH4,1,MB16-43_N2,1,MB16-43_F2,2,MB16-43_MgH2,2,MB16-43_SiH4,1,MB16-43_Cl2,193.75
MB16-43_11,-2,MB16-43_11,-12,MB16-43_H2,4,MB16-43_BH3,4,MB16-43_CH4,1,MB16-43_N2,1,MB16-43_O2,1,MB16-43_F2,2,MB16-43_MgH2,2,MB16-43_AlH3,1231.79
MB16-43_12,-2,MB16-43_12,-11,MB16-43_H2,4,MB16-43_BH3,2,MB16-43_CH4,2,MB16-43_N2,1,MB16-43_O2,1,MB16-43_F2,4,MB16-43_AlH3,1,MB16-43_P2,1,MB16-43_Cl2,1895.62
MB16-43_13,-2,MB16-43_13,-5,MB16-43_H2,4,MB16-43_CH4,4,MB16-43_N2,2,MB16-43_O2,2,MB16-43_MgH2,2,MB16-43_S2,MB16-43_,83.16,
MB16-43_14,-2,MB16-43_14,-9,MB16-43_H2,2,MB16-43_LiH,4,MB16-43_BH3,1,MB16-43_O2,4,MB16-43_AlH3,2,MB16-43_SiH4,1,MB16-43_Cl2,1610.38
MB16-43_15,-2,MB16-43_15,-15,MB16-43_H2,4,MB16-43_BH3,2,MB16-43_CH4,2,MB16-43_NaH,2,MB16-43_AlH3,4,MB16-43_SiH4,1,MB16-43_S2,1,MB16-43_Cl2,904.15
MB16-43_16,-2,MB16-43_16,-19,MB16-43_H2,2,MB16-43_LiH,6,MB16-43_BH3,1,MB16-43_O2,4,MB16-43_MgH2,2,MB16-43_AlH3,4,MB16-43_SiH4,1367.15
MB16-43_17,-2,MB16-43_17,-9,MB16-43_H2,4,MB16-43_BH3,2,MB16-43_CH4,1,MB16-43_O2,3,MB16-43_F2,2,MB16-43_MgH2,2,MB16-43_SiH4,2734.63
MB16-43_18,-2,MB16-43_18,-4,MB16-43_H2,6,MB16-43_BH3,1,MB16-43_N2,1,MB16-43_O2,1,MB16-43_F2,2,MB16-43_AlH3,1,MB16-43_Cl2,2430.32
MB16-43_19,-2,MB16-43_19,-7,MB16-43_H2,2,MB16-43_LiH,4,MB16-43_BH3,1,MB16-43_O2,1,MB16-43_F2,4,MB16-43_AlH3,2,MB16-43_P2,1,MB16-43_S2,2780.52
MB16-43_20,-2,MB16-43_20,-11,MB16-43_H2,6,MB16-43_BH3,4,MB16-43_CH4,2,MB16-43_N2,2,MB16-43_F2,1,MB16-43_P2,MB16-43_,1015.90,
MB16-43_21,-2,MB16-43_21,-7,MB16-43_H2,2,MB16-43_BH3,2,MB16-43_O2,2,MB16-43_NaH,4,MB16-43_MgH2,4,MB16-43_AlH3,1,MB16-43_Cl2,3373.25
MB16-43_22,-2,MB16-43_22,-3,MB16-43_H2,6,MB16-43_BH3,2,MB16-43_O2,1,MB16-43_F2,2,MB16-43_MgH2,1,MB16-43_P2,MB16-43_,2954.76,
MB16-43_23,-2,MB16-43_23,-20,MB16-43_H2,8,MB16-43_BH3,2,MB16-43_CH4,1,MB16-43_F2,2,MB16-43_MgH2,4,MB16-43_SiH4,1,MB16-43_Cl2,901.20
MB16-43_24,-2,MB16-43_24,-8,MB16-43_H2,2,MB16-43_BH3,1,MB16-43_O2,4,MB16-43_F2,2,MB16-43_AlH3,4,MB16-43_SiH4,1,MB16-43_S2,4479.56
MB16-43_25,-1,MB16-43_25,-5,MB16-43_H2,2,MB16-43_BH3,1,MB16-43_O2,1,MB16-43_F2,1,MB16-43_AlH3,2,MB16-43_SiH4,MB16-43_,1349.30,
MB16-43_26,-2,MB16-43_26,-8,MB16-43_H2,2,MB16-43_BH3,2,MB16-43_CH4,2,MB16-43_O2,2,MB16-43_MgH2,2,MB16-43_AlH3,2,MB16-43_SiH4,1,MB16-43_P2,1563.43
MB16-43_27,-2,MB16-43_27,-12,MB16-43_H2,2,MB16-43_BH3,6,MB16-43_CH4,2,MB16-43_N2,1,MB16-43_O2,2,MB16-43_AlH3,1,MB16-43_S2,1,MB16-43_Cl2,481.02
MB16-43_28,-2,MB16-43_28,4,MB16-43_BH3,2,MB16-43_N2,1,MB16-43_O2,1,MB16-43_F2,2,MB16-43_AlH3,MB16-43_MB16-43_,1360.31,
MB16-43_29,-2,MB16-43_29,-9,MB16-43_H2,2,MB16-43_LiH,4,MB16-43_BH3,2,MB16-43_CH4,1,MB16-43_N2,3,MB16-43_F2,2,MB16-43_SiH4,1,MB16-43_S2,2908.31
MB16-43_30,-2,MB16-43_30,-12,MB16-43_H2,4,MB16-43_LiH,2,MB16-43_BH3,2,MB16-43_CH4,5,MB16-43_F2,2,MB16-43_AlH3,2,MB16-43_SiH4,1,MB16-43_S2,5400.44
MB16-43_31,-2,MB16-43_31,-8,MB16-43_H2,4,MB16-43_BH3,2,MB16-43_CH4,1,MB16-43_O2,1,MB16-43_F2,2,MB16-43_AlH3,4,MB16-43_P2,1,MB16-43_Cl2,2238.02
MB16-43_32,-2,MB16-43_32,-11,MB16-43_H2,2,MB16-43_LiH,6,MB16-43_BH3,1,MB16-43_N2,2,MB16-43_F2,2,MB16-43_AlH3,2,MB16-43_SiH4,1,MB16-43_S2,2868.47
MB16-43_33,-2,MB16-43_33,-6,MB16-43_H2,4,MB16-43_BH3,2,MB16-43_CH4,2,MB16-43_N2,1,MB16-43_F2,2,MB16-43_AlH3,2,MB16-43_S2,1308.31
MB16-43_34,-2,MB16-43_34,-10,MB16-43_H2,2,MB16-43_BH3,2,MB16-43_CH4,1,MB16-43_N2,2,MB16-43_O2,1,MB16-43_F2,2,MB16-43_MgH2,2,MB16-43_AlH3,2,MB16-43_SiH4,1,MB16-43_P2,2252.10
MB16-43_35,-2,MB16-43_35,-20,MB16-43_H2,2,MB16-43_LiH,4,MB16-43_BH3,4,MB16-43_CH4,1,MB16-43_O2,4,MB16-43_AlH3,2,MB16-43_SiH4,1,MB16-43_P2,1,MB16-43_Cl2,954.68
MB16-43_36,-2,MB16-43_36,3,MB16-43_H2,2,MB16-43_LiH,2,MB16-43_CH4,1,MB16-43_N2,2,MB16-43_O2,1,MB16-43_F2,1,MB16-43_P2,1,MB16-43_Cl2,2313.12
MB16-43_37,-2,MB16-43_37,-19,MB16-43_H2,8,MB16-43_BH3,2,MB16-43_CH4,2,MB16-43_O2,1,MB16-43_F2,2,MB16-43_AlH3,2,MB16-43_SiH4,2,MB16-43_S2,2635.02
MB16-43_38,-2,MB16-43_38,-12,MB16-43_H2,2,MB16-43_BH3,2,MB16-43_CH4,2,MB16-43_N2,1,MB16-43_F2,2,MB16-43_AlH3,4,MB16-43_SiH4,1,MB16-43_P2,1,MB16-43_S2,410.85
MB16-43_39,-2,MB16-43_39,-5,MB16-43_H2,2,MB16-43_LiH,2,MB16-43_BH3,4,MB16-43_CH4,2,MB16-43_F2,2,MB16-43_NaH,1,MB16-43_Cl2,1825.92
MB16-43_40,-2,MB16-43_40,-26,MB16-43_H2,6,MB16-43_BH3,6,MB16-43_CH4,1,MB16-43_N2,2,MB16-43_AlH3,4,MB16-43_SiH4,MB16-43_,-1518.71,
MB16-43_41,-2,MB16-43_41,-16,MB16-43_H2,4,MB16-43_BH3,6,MB16-43_CH4,1,MB16-43_F2,2,MB16-43_NaH,2,MB16-43_AlH3,2,MB16-43_S2,670.66
MB16-43_42,-2,MB16-43_42,-11,MB16-43_H2,4,MB16-43_BH3,2,MB16-43_CH4,1,MB16-43_N2,2,MB16-43_O2,2,MB16-43_F2,4,MB16-43_AlH3,1,MB16-43_P2,3157.44
MB16-43_43,-2,MB16-43_43,-7,MB16-43_H2,2,MB16-43_BH3,3,MB16-43_N2,1,MB16-43_O2,1,MB16-43_F2,2,MB16-43_AlH3,4,MB16-43_SiH4,1765.52
MCONF_1,-1,MCONF_1,1,MCONF_2,1.63
MCONF_2,-1,MCONF_1,1,MCONF_3,7.28
MCONF_3,-1,MCONF_1,1,MCONF_4,4.85
MCONF_4,-1,MCONF_1,1,MCONF_5,9.20
MCONF_5,-1,MCONF_1,1,MCONF_6,9.20
MCONF_6,-1,MCONF_1,1,MCONF_7,11.21
MCONF_7,-1,MCONF_1,1,MCONF_8,12.22
MCONF_8,-1,MCONF_1,1,MCONF_9,9.33
MCONF_9,-1,MCONF_1,1,MCONF_10,11.88
MCONF_10,-1,MCONF_1,1,MCONF_11,17.74
MCONF_11,-1,MCONF_1,1,MCONF_12,18.62
MCONF_12,-1,MCONF_1,1,MCONF_13,15.06
MCONF_13,-1,MCONF_1,1,MCONF_14,9.41
MCONF_14,-1,MCONF_1,1,MCONF_15,15.65
MCONF_15,-1,MCONF_1,1,MCONF_16,20.92
MCONF_16,-1,MCONF_1,1,MCONF_17,21.38
MCONF_17,-1,MCONF_1,1,MCONF_18,13.31
MCONF_18,-1,MCONF_1,1,MCONF_19,16.02
MCONF_19,-1,MCONF_1,1,MCONF_20,15.90
MCONF_20,-1,MCONF_1,1,MCONF_21,13.01
MCONF_21,-1,MCONF_1,1,MCONF_22,22.05
MCONF_22,-1,MCONF_1,1,MCONF_23,22.22
MCONF_23,-1,MCONF_1,1,MCONF_24,18.83
MCONF_24,-1,MCONF_1,1,MCONF_25,16.11
MCONF_25,-1,MCONF_1,1,MCONF_26,19.04
MCONF_26,-1,MCONF_1,1,MCONF_27,19.92
MCONF_27,-1,MCONF_1,1,MCONF_28,18.28
MCONF_28,-1,MCONF_1,1,MCONF_29,22.05
MCONF_29,-1,MCONF_1,1,MCONF_30,23.72
MCONF_30,-1,MCONF_1,1,MCONF_31,20.33
MCONF_31,-1,MCONF_1,1,MCONF_32,26.11
MCONF_32,-1,MCONF_1,1,MCONF_33,26.19
MCONF_33,-1,MCONF_1,1,MCONF_34,24.48
MCONF_34,-1,MCONF_1,1,MCONF_35,22.47
MCONF_35,-1,MCONF_1,1,MCONF_36,23.14
MCONF_36,-1,MCONF_1,1,MCONF_37,31.51
MCONF_37,-1,MCONF_1,1,MCONF_38,24.60
MCONF_38,-1,MCONF_1,1,MCONF_39,23.35
MCONF_39,-1,MCONF_1,1,MCONF_40,29.20
MCONF_40,-1,MCONF_1,1,MCONF_41,29.58
MCONF_41,-1,MCONF_1,1,MCONF_42,26.74
MCONF_42,-1,MCONF_1,1,MCONF_43,30.63
MCONF_43,-1,MCONF_1,1,MCONF_44,30.92
MCONF_44,-1,MCONF_1,1,MCONF_45,25.86
MCONF_45,-1,MCONF_1,1,MCONF_46,32.72
MCONF_46,-1,MCONF_1,1,MCONF_47,33.01
MCONF_47,-1,MCONF_1,1,MCONF_48,28.20
MCONF_48,-1,MCONF_1,1,MCONF_49,34.27
MCONF_49,-1,MCONF_1,1,MCONF_50,34.31
MCONF_50,-1,MCONF_1,1,MCONF_51,30.46
MCONF_51,-1,MCONF_1,1,MCONF_52,36.61
NBPRC_1,1,NBPRC_BH3PH3,-1,NBPRC_BH3,-1,NBPRC_PH3,-105.44
NBPRC_2,1,NBPRC_K_H,-1,NBPRC_BH3PH3,-1,NBPRC_H2,169.03
NBPRC_3,1,NBPRC_BF3PMe3,-1,NBPRC_BF3,-1,NBPRC_PMe3,-63.60
NBPRC_4,1,NBPRC_K_F,-1,NBPRC_BF3PMe3,-1,NBPRC_H2,77.40
NBPRC_5,1,NBPRC_BCl3PMe3,-1,NBPRC_BCl3,-1,NBPRC_PMe3,-130.54
NBPRC_6,1,NBPRC_K_Cl,-1,NBPRC_BCl3PMe3,-1,NBPRC_H2,73.64
PA26_1,1,PA26_p2,-1,PA26_p2p,699.56
PA26_2,1,PA26_p4,-1,PA26_p4p,807.09
PA26_3,1,PA26_p6,-1,PA26_p6p,875.29
PA26_4,1,PA26_p8,-1,PA26_p8p,917.13
PA26_5,1,PA26_nh3,-1,PA26_nh3p,886.59
PA26_6,1,PA26_h2o,-1,PA26_h2op,717.14
PA26_7,1,PA26_c2h2,-1,PA26_c2h2p,658.56
PA26_8,1,PA26_sih4,-1,PA26_sih4p,656.47
PA26_9,1,PA26_ph3,-1,PA26_ph3p,806.68
PA26_10,1,PA26_h2s,-1,PA26_h2sp,729.27
PA26_11,1,PA26_hcl,-1,PA26_hclp,576.56
PA26_12,1,PA26_h2,-1,PA26_h2p,444.34
PA26_13,1,PA26_c2f6,-1,PA26_c2f6p,505.43
PA26_14,1,PA26_ethanol,-1,PA26_ethanolp,802.91
PA26_15,1,PA26_ch3cooh,-1,PA26_ch3coohp,798.73
PA26_16,1,PA26_gly,-1,PA26_glyp,912.95
PA26_17,1,PA26_phenol,-1,PA26_phenolp,838.47
PA26_18,1,PA26_ass,-1,PA26_assp,879.48
PA26_19,1,PA26_ch2s,-1,PA26_ch2sp,787.85
PA26_20,1,PA26_si2h6,-1,PA26_si2h6p,761.07
PA26_21,1,PA26_cys,-1,PA26_cysp,925.92
PA26_22,1,PA26_phosphapyrrol,-1,PA26_phosphapyrrolp,918.81
PA26_23,1,PA26_A,-1,PA26_Ap,807.09
PA26_24,1,PA26_T,-1,PA26_Tp,881.57
PA26_25,1,PA26_G,-1,PA26_Gp,987.42
PA26_26,1,PA26_C,-1,PA26_Cp,983.66
PArel_1,-1,PArel_A0,1,PArel_A1,6.74
PArel_2,-1,PArel_A0,1,PArel_A2,35.56
PArel_3,-1,PArel_T1,1,PArel_T0,12.30
PArel_4,-1,PArel_T1,1,PArel_T2,26.02
PArel_5,-1,PArel_T1,1,PArel_T3,30.08
PArel_6,-1,PArel_arg2,1,PArel_arg0,9.96
PArel_7,-1,PArel_his1,1,PArel_his2,4.98
PArel_8,-1,PArel_his1,1,PArel_his0,3.31
PArel_9,-1,PArel_his1,1,PArel_his3,29.50
PArel_10,-1,PArel_sugar0,1,PArel_sugar2,12.47
PArel_11,-1,PArel_sugar0,1,PArel_sugar4,14.27
PArel_12,-1,PArel_sugar0,1,PArel_sugar3,13.43
PArel_13,-1,PArel_aminocoohbz2,1,PArel_aminocoohbz1,2.51
PArel_14,-1,PArel_aminocoohbz2,1,PArel_aminocoohbz3,30.17
PArel_15,-1,PArel_h4p2o71,1,PArel_h4p2o72,9.87
PArel_16,-1,PArel_h2s2o71,1,PArel_h2s2o72,74.81
PArel_17,-1,PArel_s4o42,1,PArel_s4o41,46.86
PArel_18,-1,PArel_c2h2f41,1,PArel_c2h2f42,5.31
PArel_19,-1,PArel_c2cl43,1,PArel_c2cl42,10.33
PArel_20,-1,PArel_c2cl43,1,PArel_c2cl41,9.00
PCONF21_1,-1,PCONF21_99,1,PCONF21_444,0.08
PCONF21_2,-1,PCONF21_99,1,PCONF21_357,4.23
PCONF21_3,-1,PCONF21_99,1,PCONF21_366,2.93
PCONF21_4,-1,PCONF21_99,1,PCONF21_215,3.56
PCONF21_5,-1,PCONF21_99,1,PCONF21_300,3.26
PCONF21_6,-1,PCONF21_99,1,PCONF21_114,8.03
PCONF21_7,-1,PCONF21_99,1,PCONF21_412,9.12
PCONF21_8,-1,PCONF21_99,1,PCONF21_691,6.74
PCONF21_9,-1,PCONF21_99,1,PCONF21_470,7.91
PCONF21_10,-1,PCONF21_99,1,PCONF21_224,8.66
PCONF21_11,-1,PCONF21_GLY_ab,1,PCONF21_GLY_aR,4.48
PCONF21_12,-1,PCONF21_GLY_ab,1,PCONF21_GLY_pII,5.15
PCONF21_13,-1,PCONF21_GLY_ab,1,PCONF21_GLY_aL,10.21
PCONF21_14,-1,PCONF21_GLY_ab,1,PCONF21_GLY_b,8.95
PCONF21_15,-1,PCONF21_SER_ab,1,PCONF21_SER_aR,6.15
PCONF21_16,-1,PCONF21_SER_ab,1,PCONF21_SER_pII,11.72
PCONF21_17,-1,PCONF21_SER_ab,1,PCONF21_SER_aL,9.50
PCONF21_18,-1,PCONF21_SER_ab,1,PCONF21_SER_b,11.46
PNICO23_1,-1,PNICO23_1,1,PNICO23_1a,1,PNICO23_1b,5.98
PNICO23_2,-1,PNICO23_2,1,PNICO23_2a,1,PNICO23_2b,33.56
PNICO23_3,-1,PNICO23_3,1,PNICO23_3a,1,PNICO23_3b,2.68
PNICO23_4,-1,PNICO23_4,1,PNICO23_4a,1,PNICO23_4b,17.82
PNICO23_5,-1,PNICO23_5,1,PNICO23_5a,1,PNICO23_5b,11.97
PNICO23_6,-1,PNICO23_6,1,PNICO23_6a,1,PNICO23_6b,5.52
PNICO23_7,-1,PNICO23_7,1,PNICO23_7a,1,PNICO23_7b,17.95
PNICO23_8,-1,PNICO23_8,1,PNICO23_8a,1,PNICO23_8b,11.00
PNICO23_9,-1,PNICO23_9,1,PNICO23_9a,1,PNICO23_9b,20.54
PNICO23_10,-1,PNICO23_10,1,PNICO23_10a,1,PNICO23_10b,9.25
PNICO23_11,-1,PNICO23_11,1,PNICO23_11a,1,PNICO23_11b,5.86
PNICO23_12,-1,PNICO23_12,1,PNICO23_12a,1,PNICO23_12b,10.96
PNICO23_13,-1,PNICO23_13,1,PNICO23_13a,1,PNICO23_13b,16.65
PNICO23_14,-1,PNICO23_14,1,PNICO23_14a,1,PNICO23_14b,17.15
PNICO23_15,-1,PNICO23_15,1,PNICO23_15a,1,PNICO23_15b,18.16
PNICO23_16,-1,PNICO23_16,1,PNICO23_16a,1,PNICO23_16b,7.45
PNICO23_17,-1,PNICO23_17,1,PNICO23_17a,1,PNICO23_17b,29.71
PNICO23_18,-1,PNICO23_18,1,PNICO23_18a,1,PNICO23_18b,9.83
PNICO23_19,-1,PNICO23_19,1,PNICO23_19a,1,PNICO23_19b,24.89
PNICO23_20,-1,PNICO23_20,1,PNICO23_20a,1,PNICO23_20b,34.23
PNICO23_21,-1,PNICO23_21,1,PNICO23_21a,1,PNICO23_21b,20.59
PNICO23_22,-1,PNICO23_22,1,PNICO23_22a,1,PNICO23_22b,33.60
PNICO23_23,-1,PNICO23_23,1,PNICO23_23a,1,PNICO23_23b,45.90
PX13_1,-1,PX13_nh3_2,1,PX13_nh3_2_ts,248.11
PX13_2,-1,PX13_nh3_3,1,PX13_nh3_3_ts,196.23
PX13_3,-1,PX13_nh3_4,1,PX13_nh3_4_ts,202.51
PX13_4,-1,PX13_h2o_2,1,PX13_h2o_2_ts,203.34
PX13_5,-1,PX13_h2o_3,1,PX13_h2o_3_ts,124.68
PX13_6,-1,PX13_h2o_4,1,PX13_h2o_4_ts,111.29
PX13_7,-1,PX13_h2o_5,1,PX13_h2o_5_ts,125.94
PX13_8,-1,PX13_h2o_6,1,PX13_h2o_6_ts,146.86
PX13_9,-1,PX13_hf_2,1,PX13_hf_2_ts,176.98
PX13_10,-1,PX13_hf_3,1,PX13_hf_3_ts,86.61
PX13_11,-1,PX13_hf_4,1,PX13_hf_4_ts,61.50
PX13_12,-1,PX13_hf_5,1,PX13_hf_5_ts,61.09
PX13_13,-1,PX13_hf_6,1,PX13_hf_6_ts,69.45
RC21_1,-1,RC21_1e,1,RC21_1p1,1,RC21_me,98.03
RC21_2,-1,RC21_1e,1,RC21_1p2,1,RC21_1p3,111.55
RC21_3,-1,RC21_2e,1,RC21_2p1,1,RC21_me,103.51
RC21_4,-1,RC21_2e,1,RC21_2p2,1,RC21_2p3,248.70
RC21_5,-1,RC21_3e,1,RC21_3p1,1,RC21_3p2,242.38
RC21_6,-1,RC21_3e,1,RC21_3int1,152.97
RC21_7,-1,RC21_3e,1,RC21_3int2,74.94
RC21_8,-1,RC21_3e,1,RC21_3int3,70.29
RC21_9,-1,RC21_3e,1,RC21_3p2,1,RC21_3p3,208.57
RC21_10,-1,RC21_4e,1,RC21_4p,1,RC21_me,188.95
RC21_11,-1,RC21_5e,1,RC21_5p,1,RC21_me,93.05
RC21_12,-1,RC21_6e,1,RC21_6int,-28.12
RC21_13,-1,RC21_6e,1,RC21_6p1,1,RC21_ethylene,88.74
RC21_14,-1,RC21_6e,1,RC21_6p3,1,RC21_me,92.17
RC21_15,-1,RC21_6e,1,RC21_1p2,1,RC21_pr,117.65
RC21_16,-1,RC21_7e,1,RC21_7p1,1,RC21_7p2,-3.05
RC21_17,-1,RC21_7e,1,RC21_7p3,1,RC21_7p4,211.96
RC21_18,-1,RC21_7e,1,RC21_7p5,1,RC21_7p6,127.11
RC21_19,-1,RC21_8e,1,RC21_8p1,1,RC21_ethylene,208.07
RC21_20,-1,RC21_9e,1,RC21_9p1,1,RC21_9p2,137.28
RC21_21,-1,RC21_10e,1,RC21_10p1,1,RC21_10p2,529.53
RG18_1,-1,RG18_ne2,2,RG18_ne,0.33
RG18_2,-1,RG18_ar2,2,RG18_ar,1.13
RG18_3,-1,RG18_kr2,2,RG18_kr,1.67
RG18_4,-1,RG18_ne3,3,RG18_ne,1.13
RG18_5,-1,RG18_ar3,3,RG18_ar,3.22
RG18_6,-1,RG18_kr3,3,RG18_kr,4.94
RG18_7,-1,RG18_ne4,4,RG18_ne,2.26
RG18_8,-1,RG18_ar4,4,RG18_ar,6.32
RG18_9,-1,RG18_ne6,6,RG18_ne,4.73
RG18_10,-1,RG18_hfNe,1,RG18_ne,1,RG18_hf,0.96
RG18_11,-1,RG18_hfAr,1,RG18_ar,1,RG18_hf,2.47
RG18_12,-1,RG18_hfKr,1,RG18_kr,1,RG18_hf,3.01
RG18_13,-1,RG18_c2h2Ne,1,RG18_ne,1,RG18_c2h2,0.50
RG18_14,-1,RG18_c2h2Ar,1,RG18_ar,1,RG18_c2h2,1.38
RG18_15,-1,RG18_c2h6Ne,1,RG18_ne,1,RG18_c2h6,1.00
RG18_16,-1,RG18_c2h6Ar,1,RG18_ar,1,RG18_c2h6,2.26
RG18_17,-1,RG18_bzNe,1,RG18_ne,1,RG18_bz,1.67
RG18_18,-1,RG18_bzAr,1,RG18_ar,1,RG18_bz,4.69
RSE43_1,-1,RSE43_E2,-1,RSE43_P1,1,RSE43_E1,1,RSE43_P2,-64.02
RSE43_2,-1,RSE43_E3,-1,RSE43_P1,1,RSE43_E1,1,RSE43_P3,8.37
RSE43_3,-1,RSE43_E4,-1,RSE43_P1,1,RSE43_E1,1,RSE43_P4,28.87
RSE43_4,-1,RSE43_E5,-1,RSE43_P1,1,RSE43_E1,1,RSE43_P5,-2.93
RSE43_5,-1,RSE43_E6,-1,RSE43_P1,1,RSE43_E1,1,RSE43_P6,0.42
RSE43_6,-1,RSE43_E7,-1,RSE43_P1,1,RSE43_E1,1,RSE43_P7,5.86
RSE43_7,-1,RSE43_E8,-1,RSE43_P1,1,RSE43_E1,1,RSE43_P8,-12.55
RSE43_8,-1,RSE43_E9,-1,RSE43_P1,1,RSE43_E1,1,RSE43_P9,-6.28
RSE43_9,-1,RSE43_E10,-1,RSE43_P1,1,RSE43_E1,1,RSE43_P10,-8.37
RSE43_10,-1,RSE43_E11,-1,RSE43_P1,1,RSE43_E1,1,RSE43_P11,-74.06
RSE43_11,-1,RSE43_E12,-1,RSE43_P1,1,RSE43_E1,1,RSE43_P12,-42.26
RSE43_12,-1,RSE43_E13,-1,RSE43_P1,1,RSE43_E1,1,RSE43_P13,-35.15
RSE43_13,-1,RSE43_E15,-1,RSE43_P1,1,RSE43_E1,1,RSE43_P15,-26.78
RSE43_14,-1,RSE43_E16,-1,RSE43_P1,1,RSE43_E1,1,RSE43_P16,-27.20
RSE43_15,-1,RSE43_E17,-1,RSE43_P1,1,RSE43_E1,1,RSE43_P17,-27.61
RSE43_16,-1,RSE43_E18,-1,RSE43_P1,1,RSE43_E1,1,RSE43_P18,-27.20
RSE43_17,-1,RSE43_E19,-1,RSE43_P1,1,RSE43_E1,1,RSE43_P19,-12.97
RSE43_18,-1,RSE43_E20,-1,RSE43_P1,1,RSE43_E1,1,RSE43_P20,-15.90
RSE43_19,-1,RSE43_E21,-1,RSE43_P1,1,RSE43_E1,1,RSE43_P21,-52.30
RSE43_20,-1,RSE43_E22,-1,RSE43_P1,1,RSE43_E1,1,RSE43_P22,19.66
RSE43_21,-1,RSE43_E23,-1,RSE43_P1,1,RSE43_E1,1,RSE43_P23,-54.81
RSE43_22,-1,RSE43_E24,-1,RSE43_P1,1,RSE43_E1,1,RSE43_P24,-46.86
RSE43_23,-1,RSE43_E25,-1,RSE43_P1,1,RSE43_E1,1,RSE43_P25,-37.24
RSE43_24,-1,RSE43_E26,-1,RSE43_P1,1,RSE43_E1,1,RSE43_P26,-55.65
RSE43_25,-1,RSE43_E27,-1,RSE43_P1,1,RSE43_E1,1,RSE43_P27,-14.64
RSE43_26,-1,RSE43_E28,-1,RSE43_P1,1,RSE43_E1,1,RSE43_P28,-15.90
RSE43_27,-1,RSE43_E29,-1,RSE43_P1,1,RSE43_E1,1,RSE43_P29,-12.13
RSE43_28,-1,RSE43_E30,-1,RSE43_P1,1,RSE43_E1,1,RSE43_P30,-25.10
RSE43_29,-1,RSE43_E31,-1,RSE43_P1,1,RSE43_E1,1,RSE43_P31,-26.78
RSE43_30,-1,RSE43_E32,-1,RSE43_P1,1,RSE43_E1,1,RSE43_P32,-17.99
RSE43_31,-1,RSE43_E33,-1,RSE43_P1,1,RSE43_E1,1,RSE43_P33,2.51
RSE43_32,-1,RSE43_E34,-1,RSE43_P1,1,RSE43_E1,1,RSE43_P34,-48.12
RSE43_33,-1,RSE43_E35,-1,RSE43_P1,1,RSE43_E1,1,RSE43_P35,-38.07
RSE43_34,-1,RSE43_E36,-1,RSE43_P1,1,RSE43_E1,1,RSE43_P36,10.04
RSE43_35,-1,RSE43_E37,-1,RSE43_P1,1,RSE43_E1,1,RSE43_P37,-42.26
RSE43_36,-1,RSE43_E38,-1,RSE43_P1,1,RSE43_E1,1,RSE43_P38,-1.67
RSE43_37,-1,RSE43_E39,-1,RSE43_P1,1,RSE43_E1,1,RSE43_P39,-14.64
RSE43_38,-1,RSE43_E40,-1,RSE43_P1,1,RSE43_E1,1,RSE43_P40,-96.65
RSE43_39,-1,RSE43_E41,-1,RSE43_P1,1,RSE43_E1,1,RSE43_P41,-105.02
RSE43_40,-1,RSE43_E42,-1,RSE43_P1,1,RSE43_E1,1,RSE43_P42,-110.46
RSE43_41,-1,RSE43_E43,-1,RSE43_P1,1,RSE43_E1,1,RSE43_P43,-54.81
RSE43_42,-1,RSE43_E44,-1,RSE43_P1,1,RSE43_E1,1,RSE43_P44,-28.03
RSE43_43,-1,RSE43_E45,-1,RSE43_P1,1,RSE43_E1,1,RSE43_P45,-9.62
S22_1,-1,S22_1,2,S22_01a,13.11
S22_2,-1,S22_2,2,S22_02a,20.87
S22_3,-1,S22_3,2,S22_03a,78.46
S22_4,-1,S22_4,2,S22_04a,67.20
S22_5,-1,S22_5,2,S22_05a,86.36
S22_6,-1,S22_6,1,S22_06a,1,S22_06b,70.85
S22_7,-1,S22_7,1,S22_07a,1,S22_07b,69.71
S22_8,-1,S22_8,2,S22_08a,2.20
S22_9,-1,S22_9,2,S22_09a,6.16
S22_10,-1,S22_10,1,S22_10a,1,S22_10b,6.06
S22_11,-1,S22_11,2,S22_11a,11.10
S22_12,-1,S22_12,2,S22_12a,17.80
S22_13,-1,S22_13,2,S22_13a,41.02
S22_14,-1,S22_14,1,S22_14a,1,S22_14b,18.93
S22_15,-1,S22_15,1,S22_15a,1,S22_15b,49.08
S22_16,-1,S22_16,1,S22_16a,1,S22_16b,6.26
S22_17,-1,S22_17,1,S22_17a,1,S22_17b,13.70
S22_18,-1,S22_18,1,S22_18a,1,S22_18b,9.67
S22_19,-1,S22_19,1,S22_19a,1,S22_19b,19.00
S22_20,-1,S22_20,1,S22_20a,1,S22_20b,11.37
S22_21,-1,S22_21,1,S22_21a,1,S22_21b,23.54
S22_22,-1,S22_22,1,S22_22a,1,S22_22b,29.69
S66_1,1,S66_01A,1,S66_01B,-1,S66_01,20.59
S66_2,1,S66_02A,1,S66_02B,-1,S66_02,23.39
S66_3,1,S66_03A,1,S66_03B,-1,S66_03,28.91
S66_4,1,S66_04A,1,S66_04B,-1,S66_04,33.89
S66_5,1,S66_05A,1,S66_05B,-1,S66_05,24.10
S66_6,1,S66_06A,1,S66_06B,-1,S66_06,31.59
S66_7,1,S66_07A,1,S66_07B,-1,S66_07,34.43
S66_8,1,S66_08A,1,S66_08B,-1,S66_08,20.96
S66_9,1,S66_09A,1,S66_09B,-1,S66_09,12.80
S66_10,1,S66_10A,1,S66_10B,-1,S66_10,17.41
S66_11,1,S66_11A,1,S66_11B,-1,S66_11,22.68
S66_12,1,S66_12A,1,S66_12B,-1,S66_12,30.42
S66_13,1,S66_13A,1,S66_13B,-1,S66_13,25.90
S66_14,1,S66_14A,1,S66_14B,-1,S66_14,31.17
S66_15,1,S66_15A,1,S66_15B,-1,S66_15,36.11
S66_16,1,S66_16A,1,S66_16B,-1,S66_16,21.42
S66_17,1,S66_17A,1,S66_17B,-1,S66_17,71.88
S66_18,1,S66_18A,1,S66_18B,-1,S66_18,28.70
S66_19,1,S66_19A,1,S66_19B,-1,S66_19,31.00
S66_20,1,S66_20A,1,S66_20B,-1,S66_20,79.87
S66_21,1,S66_21A,1,S66_21B,-1,S66_21,68.03
S66_22,1,S66_22A,1,S66_22B,-1,S66_22,81.55
S66_23,1,S66_23A,1,S66_23B,-1,S66_23,80.29
S66_24,1,S66_24A,1,S66_24B,-1,S66_24,11.80
S66_25,1,S66_25A,1,S66_25B,-1,S66_25,16.32
S66_26,1,S66_26A,1,S66_26B,-1,S66_26,41.13
S66_27,1,S66_27A,1,S66_27B,-1,S66_27,14.39
S66_28,1,S66_28A,1,S66_28B,-1,S66_28,23.89
S66_29,1,S66_29A,1,S66_29B,-1,S66_29,28.53
S66_30,1,S66_30A,1,S66_30B,-1,S66_30,5.98
S66_31,1,S66_31A,1,S66_31B,-1,S66_31,14.14
S66_32,1,S66_32A,1,S66_32B,-1,S66_32,15.65
S66_33,1,S66_33A,1,S66_33B,-1,S66_33,7.82
S66_34,1,S66_34A,1,S66_34B,-1,S66_34,15.82
S66_35,1,S66_35A,1,S66_35B,-1,S66_35,10.92
S66_36,1,S66_36A,1,S66_36B,-1,S66_36,7.45
S66_37,1,S66_37A,1,S66_37B,-1,S66_37,10.04
S66_38,1,S66_38A,1,S66_38B,-1,S66_38,12.55
S66_39,1,S66_39A,1,S66_39B,-1,S66_39,14.98
S66_40,1,S66_40A,1,S66_40B,-1,S66_40,12.13
S66_41,1,S66_41A,1,S66_41B,-1,S66_41,20.29
S66_42,1,S66_42A,1,S66_42B,-1,S66_42,17.32
S66_43,1,S66_43A,1,S66_43B,-1,S66_43,15.52
S66_44,1,S66_44A,1,S66_44B,-1,S66_44,8.41
S66_45,1,S66_45A,1,S66_45B,-1,S66_45,7.32
S66_46,1,S66_46A,1,S66_46B,-1,S66_46,17.82
S66_47,1,S66_47A,1,S66_47B,-1,S66_47,12.05
S66_48,1,S66_48A,1,S66_48B,-1,S66_48,14.81
S66_49,1,S66_49A,1,S66_49B,-1,S66_49,13.93
S66_50,1,S66_50A,1,S66_50B,-1,S66_50,12.01
S66_51,1,S66_51A,1,S66_51B,-1,S66_51,6.36
S66_52,1,S66_52A,1,S66_52B,-1,S66_52,19.71
S66_53,1,S66_53A,1,S66_53B,-1,S66_53,18.24
S66_54,1,S66_54A,1,S66_54B,-1,S66_54,13.72
S66_55,1,S66_55A,1,S66_55B,-1,S66_55,17.53
S66_56,1,S66_56A,1,S66_56B,-1,S66_56,13.51
S66_57,1,S66_57A,1,S66_57B,-1,S66_57,22.09
S66_58,1,S66_58A,1,S66_58B,-1,S66_58,17.36
S66_59,1,S66_59A,1,S66_59B,-1,S66_59,11.92
S66_60,1,S66_60A,1,S66_60B,-1,S66_60,20.38
S66_61,1,S66_61A,1,S66_61B,-1,S66_61,12.18
S66_62,1,S66_62A,1,S66_62B,-1,S66_62,14.77
S66_63,1,S66_63A,1,S66_63B,-1,S66_63,15.90
S66_64,1,S66_64A,1,S66_64B,-1,S66_64,12.55
S66_65,1,S66_65A,1,S66_65B,-1,S66_65,16.69
S66_66,1,S66_66A,1,S66_66B,-1,S66_66,16.61
SCONF_1,-1,SCONF_C1,1,SCONF_C2,3.60
SCONF_2,-1,SCONF_C1,1,SCONF_C3,9.54
SCONF_3,-1,SCONF_C1,1,SCONF_C4,12.89
SCONF_4,-1,SCONF_C1,1,SCONF_C5,19.25
SCONF_5,-1,SCONF_C1,1,SCONF_C6,20.38
SCONF_6,-1,SCONF_C1,1,SCONF_C7,17.41
SCONF_7,-1,SCONF_C1,1,SCONF_C8,18.33
SCONF_8,-1,SCONF_C1,1,SCONF_C9,25.90
SCONF_9,-1,SCONF_C1,1,SCONF_C10,25.86
SCONF_10,-1,SCONF_C1,1,SCONF_C11,23.64
SCONF_11,-1,SCONF_C1,1,SCONF_C12,23.39
SCONF_12,-1,SCONF_C1,1,SCONF_C13,24.81
SCONF_13,-1,SCONF_C1,1,SCONF_C14,26.40
SCONF_14,-1,SCONF_C1,1,SCONF_C15,26.02
SCONF_15,-1,SCONF_G1,1,SCONF_G2,0.84
SCONF_16,-1,SCONF_G1,1,SCONF_G3,25.77
SCONF_17,-1,SCONF_G1,1,SCONF_G4,23.18
SIE4x4_1,1,SIE4x4_h,-1,SIE4x4_h2+_1_0,269.45
SIE4x4_2,1,SIE4x4_h,-1,SIE4x4_h2+_1_25,246.44
SIE4x4_3,1,SIE4x4_h,-1,SIE4x4_h2+_1_5,203.76
SIE4x4_4,1,SIE4x4_h,-1,SIE4x4_h2+_1_75,160.25
SIE4x4_5,1,SIE4x4_he,1,SIE4x4_he+,-1,SIE4x4_he2+_1_0,238.07
SIE4x4_6,1,SIE4x4_he,1,SIE4x4_he+,-1,SIE4x4_he2+_1_25,196.23
SIE4x4_7,1,SIE4x4_he,1,SIE4x4_he+,-1,SIE4x4_he2+_1_5,130.96
SIE4x4_8,1,SIE4x4_he,1,SIE4x4_he+,-1,SIE4x4_he2+_1_75,79.91
SIE4x4_9,1,SIE4x4_nh3,1,SIE4x4_nh3+,-1,SIE4x4_nh32+_1_0,150.21
SIE4x4_10,1,SIE4x4_nh3,1,SIE4x4_nh3+,-1,SIE4x4_nh32+_1_25,108.37
SIE4x4_11,1,SIE4x4_nh3,1,SIE4x4_nh3+,-1,SIE4x4_nh32+_1_5,56.07
SIE4x4_12,1,SIE4x4_nh3,1,SIE4x4_nh3+,-1,SIE4x4_nh32+_1_75,20.50
SIE4x4_13,1,SIE4x4_h2o,1,SIE4x4_h2o+,-1,SIE4x4_h2o2+_1_0,166.10
SIE4x4_14,1,SIE4x4_h2o,1,SIE4x4_h2o+,-1,SIE4x4_h2o2+_1_25,121.75
SIE4x4_15,1,SIE4x4_h2o,1,SIE4x4_h2o+,-1,SIE4x4_h2o2+_1_5,70.71
SIE4x4_16,1,SIE4x4_h2o,1,SIE4x4_h2o+,-1,SIE4x4_h2o2+_1_75,38.91
TAUT15_1,-1,TAUT15_1a,1,TAUT15_1b,17.99
TAUT15_2,-1,TAUT15_2a,1,TAUT15_2b,27.45
TAUT15_3,-1,TAUT15_3a,1,TAUT15_3b,-22.76
TAUT15_4,-1,TAUT15_3a,1,TAUT15_3c,21.97
TAUT15_5,-1,TAUT15_3a,1,TAUT15_3d,54.52
TAUT15_6,-1,TAUT15_4a,1,TAUT15_4b,3.89
TAUT15_7,-1,TAUT15_5a,1,TAUT15_5b,3.10
TAUT15_8,-1,TAUT15_5a,1,TAUT15_5c,6.07
TAUT15_9,-1,TAUT15_6a,1,TAUT15_6b,-0.71
TAUT15_10,-1,TAUT15_6a,1,TAUT15_6c,-3.64
TAUT15_11,-1,TAUT15_6a,1,TAUT15_6d,11.92
TAUT15_12,-1,TAUT15_7a,1,TAUT15_7b,9.00
TAUT15_13,-1,TAUT15_8a,1,TAUT15_8b,2.30
TAUT15_14,-1,TAUT15_9a,1,TAUT15_9b,3.97
TAUT15_15,-1,TAUT15_10a,1,TAUT15_10b,-1.88
UPU23_1,-1,UPU23_2p,1,UPU23_1a,20.38
UPU23_2,-1,UPU23_2p,1,UPU23_1b,12.43
UPU23_3,-1,UPU23_2p,1,UPU23_1c,37.24
UPU23_4,-1,UPU23_2p,1,UPU23_1g,9.29
UPU23_5,-1,UPU23_2p,1,UPU23_1p,8.45
UPU23_6,-1,UPU23_2p,1,UPU23_2a,13.14
UPU23_7,-1,UPU23_2p,1,UPU23_5z,2.38
UPU23_8,-1,UPU23_2p,1,UPU23_6p,13.89
UPU23_9,-1,UPU23_2p,1,UPU23_7a,30.38
UPU23_10,-1,UPU23_2p,1,UPU23_aa,16.57
UPU23_11,-1,UPU23_2p,1,UPU23_1e,46.57
UPU23_12,-1,UPU23_2p,1,UPU23_0a,20.17
UPU23_13,-1,UPU23_2p,1,UPU23_1f,60.29
UPU23_14,-1,UPU23_2p,1,UPU23_9a,21.55
UPU23_15,-1,UPU23_2p,1,UPU23_4b,22.93
UPU23_16,-1,UPU23_2p,1,UPU23_3a,28.62
UPU23_17,-1,UPU23_2p,1,UPU23_7p,16.32
UPU23_18,-1,UPU23_2p,1,UPU23_8d,26.90
UPU23_19,-1,UPU23_2p,1,UPU23_3d,22.68
UPU23_20,-1,UPU23_2p,1,UPU23_0b,28.03
UPU23_21,-1,UPU23_2p,1,UPU23_1m,23.43
UPU23_22,-1,UPU23_2p,1,UPU23_2h,43.60
UPU23_23,-1,UPU23_2p,1,UPU23_3b,25.48
W4-11_1,-1,W4-11_h2,2,W4-11_h,458.12
W4-11_2,-1,W4-11_alh3,1,W4-11_al,3,W4-11_h,891.90
W4-11_3,-1,W4-11_alh,1,W4-11_al,1,W4-11_h,307.82
W4-11_4,-1,W4-11_sih4,1,W4-11_si,4,W4-11_h,1359.57
W4-11_5,-1,W4-11_bh3,1,W4-11_b,3,W4-11_h,1176.90
W4-11_6,-1,W4-11_bh,1,W4-11_b,1,W4-11_h,355.62
W4-11_7,-1,W4-11_ch2-trip,1,W4-11_c,2,W4-11_h,798.08
W4-11_8,-1,W4-11_sih,1,W4-11_si,1,W4-11_h,309.29
W4-11_9,-1,W4-11_si2h6,2,W4-11_si,6,W4-11_h,2242.14
W4-11_10,-1,W4-11_ch3,1,W4-11_c,3,W4-11_h,1288.13
W4-11_11,-1,W4-11_ch4,1,W4-11_c,4,W4-11_h,1759.04
W4-11_12,-1,W4-11_b2h6,2,W4-11_b,6,W4-11_h,2539.78
W4-11_13,-1,W4-11_sih3f,1,W4-11_si,3,W4-11_h,1,W4-11_f,1601.44
W4-11_14,-1,W4-11_ph3,1,W4-11_p,3,W4-11_h,1013.65
W4-11_15,-1,W4-11_c2h6,2,W4-11_c,6,W4-11_h,2983.53
W4-11_16,-1,W4-11_propane,3,W4-11_c,8,W4-11_h,4217.09
W4-11_17,-1,W4-11_ch2-sing,1,W4-11_c,2,W4-11_h,759.21
W4-11_18,-1,W4-11_ch,1,W4-11_c,1,W4-11_h,352.38
W4-11_19,-1,W4-11_h2s,2,W4-11_h,1,W4-11_s,769.49
W4-11_20,-1,W4-11_hs,1,W4-11_h,1,W4-11_s,367.07
W4-11_21,-1,W4-11_c2h5f,2,W4-11_c,5,W4-11_h,1,W4-11_f,3018.76
W4-11_22,-1,W4-11_ch3nh2,1,W4-11_c,1,W4-11_n,5,W4-11_h,2436.35
W4-11_23,-1,W4-11_ch3f,1,W4-11_c,1,W4-11_f,3,W4-11_h,1769.66
W4-11_24,-1,W4-11_propene,3,W4-11_c,6,W4-11_h,3604.84
W4-11_25,-1,W4-11_nh3,1,W4-11_n,3,W4-11_h,1246.91
W4-11_26,-1,W4-11_ethanol,2,W4-11_c,1,W4-11_o,6,W4-11_h,3394.23
W4-11_27,-1,W4-11_ch3nh,1,W4-11_c,1,W4-11_n,4,W4-11_h,1985.85
W4-11_28,-1,W4-11_c2h4,2,W4-11_c,4,W4-11_h,2360.17
W4-11_29,-1,W4-11_methanol,1,W4-11_c,1,W4-11_o,4,W4-11_h,2148.49
W4-11_30,-1,W4-11_hcl,1,W4-11_h,1,W4-11_cl,449.78
W4-11_31,-1,W4-11_nh2,1,W4-11_n,2,W4-11_h,763.96
W4-11_32,-1,W4-11_nh,1,W4-11_n,1,W4-11_h,347.67
W4-11_33,-1,W4-11_ch2nh2,1,W4-11_c,1,W4-11_n,4,W4-11_h,2017.84
W4-11_34,-1,W4-11_bhf2,1,W4-11_b,1,W4-11_h,2,W4-11_f,1719.51
W4-11_35,-1,W4-11_h2o,2,W4-11_h,1,W4-11_o,974.76
W4-11_36,-1,W4-11_hf,1,W4-11_h,1,W4-11_f,592.62
W4-11_37,-1,W4-11_ch2ch,2,W4-11_c,3,W4-11_h,1866.40
W4-11_38,-1,W4-11_oh,1,W4-11_o,1,W4-11_h,448.56
W4-11_39,-1,W4-11_propyne,3,W4-11_c,4,W4-11_h,2952.25
W4-11_40,-1,W4-11_acetaldehyde,2,W4-11_c,1,W4-11_o,4,W4-11_h,2836.18
W4-11_41,-1,W4-11_allene,3,W4-11_c,4,W4-11_h,2945.95
W4-11_42,-1,W4-11_sif4,1,W4-11_si,4,W4-11_f,2417.43
W4-11_43,-1,W4-11_bf3,1,W4-11_b,3,W4-11_f,1970.55
W4-11_44,-1,W4-11_c2h3f,2,W4-11_c,1,W4-11_f,3,W4-11_h,2401.16
W4-11_45,-1,W4-11_oxirane,2,W4-11_c,1,W4-11_o,4,W4-11_h,2725.99
W4-11_46,-1,W4-11_ch2f2,1,W4-11_c,2,W4-11_f,2,W4-11_h,1831.20
W4-11_47,-1,W4-11_alf3,1,W4-11_al,3,W4-11_f,1803.17
W4-11_48,-1,W4-11_bef2,1,W4-11_be,2,W4-11_f,1293.27
W4-11_49,-1,W4-11_ch2c,2,W4-11_c,2,W4-11_h,1505.96
W4-11_50,-1,W4-11_n2h4,4,W4-11_h,2,W4-11_n,1833.77
W4-11_51,-1,W4-11_ch2nh,1,W4-11_c,1,W4-11_n,3,W4-11_h,1838.62
W4-11_52,-1,W4-11_alf,1,W4-11_al,1,W4-11_f,685.26
W4-11_53,-1,W4-11_acetic,2,W4-11_c,2,W4-11_o,4,W4-11_h,3364.01
W4-11_54,-1,W4-11_c2h2,2,W4-11_c,2,W4-11_h,1696.72
W4-11_55,-1,W4-11_h2co,2,W4-11_h,1,W4-11_c,1,W4-11_o,1567.57
W4-11_56,-1,W4-11_h2cn,2,W4-11_h,1,W4-11_c,1,W4-11_n,1438.25
W4-11_57,-1,W4-11_bf,1,W4-11_b,1,W4-11_f,763.65
W4-11_58,-1,W4-11_becl2,1,W4-11_be,2,W4-11_cl,942.55
W4-11_59,-1,W4-11_t-hcoh,1,W4-11_c,1,W4-11_o,2,W4-11_h,1349.24
W4-11_60,-1,W4-11_alcl3,1,W4-11_al,3,W4-11_cl,1308.13
W4-11_61,-1,W4-11_c-hcoh,1,W4-11_c,1,W4-11_o,2,W4-11_h,1329.04
W4-11_62,-1,W4-11_alcl,1,W4-11_al,1,W4-11_cl,513.03
W4-11_63,-1,W4-11_ketene,2,W4-11_c,1,W4-11_o,2,W4-11_h,2232.01
W4-11_64,-1,W4-11_sif,1,W4-11_si,1,W4-11_f,597.10
W4-11_65,-1,W4-11_formic,1,W4-11_c,2,W4-11_o,2,W4-11_h,2099.95
W4-11_66,-1,W4-11_hcnh,1,W4-11_c,1,W4-11_n,2,W4-11_h,1406.87
W4-11_67,-1,W4-11_glyoxal,2,W4-11_c,2,W4-11_o,2,W4-11_h,2657.26
W4-11_68,-1,W4-11_hcof,1,W4-11_c,1,W4-11_o,1,W4-11_f,1,W4-11_h,1689.26
W4-11_69,-1,W4-11_nh2cl,1,W4-11_n,1,W4-11_cl,2,W4-11_h,1037.88
W4-11_70,-1,W4-11_cf4,1,W4-11_c,4,W4-11_f,2003.13
W4-11_71,-1,W4-11_hccf,2,W4-11_c,1,W4-11_f,1,W4-11_h,1667.21
W4-11_72,-1,W4-11_hcn,1,W4-11_h,1,W4-11_c,1,W4-11_n,1311.34
W4-11_73,-1,W4-11_hnc,1,W4-11_h,1,W4-11_c,1,W4-11_n,1247.68
W4-11_74,-1,W4-11_cch,2,W4-11_c,1,W4-11_h,1113.63
W4-11_75,-1,W4-11_hco,1,W4-11_h,1,W4-11_c,1,W4-11_o,1169.10
W4-11_76,-1,W4-11_co,1,W4-11_c,1,W4-11_o,1086.70
W4-11_77,-1,W4-11_oxirene,2,W4-11_c,1,W4-11_o,2,W4-11_h,1908.21
W4-11_78,-1,W4-11_f2co,1,W4-11_c,1,W4-11_o,2,W4-11_f,1759.94
W4-11_79,-1,W4-11_hocn,1,W4-11_c,1,W4-11_o,1,W4-11_n,1,W4-11_h,1715.72
W4-11_80,-1,W4-11_hooh,2,W4-11_h,2,W4-11_o,1125.87
W4-11_81,-1,W4-11_t-n2h2,2,W4-11_h,2,W4-11_n,1240.70
W4-11_82,-1,W4-11_hnco,1,W4-11_c,1,W4-11_o,1,W4-11_n,1,W4-11_h,1818.94
W4-11_83,-1,W4-11_c-n2h2,2,W4-11_h,2,W4-11_n,1218.11
W4-11_84,-1,W4-11_cf2,1,W4-11_c,2,W4-11_f,1082.74
W4-11_85,-1,W4-11_co2,1,W4-11_c,2,W4-11_o,1632.35
W4-11_86,-1,W4-11_fccf,2,W4-11_c,2,W4-11_f,1615.39
W4-11_87,-1,W4-11_dioxirane,1,W4-11_c,2,W4-11_o,2,W4-11_h,1715.56
W4-11_88,-1,W4-11_cf,1,W4-11_c,1,W4-11_f,555.30
W4-11_89,-1,W4-11_ssh,2,W4-11_s,1,W4-11_h,690.90
W4-11_90,-1,W4-11_hocl,1,W4-11_h,1,W4-11_o,1,W4-11_cl,695.50
W4-11_91,-1,W4-11_nccn,2,W4-11_n,2,W4-11_c,2100.52
W4-11_92,-1,W4-11_n2,2,W4-11_n,955.98
W4-11_93,-1,W4-11_n2h,2,W4-11_n,1,W4-11_h,940.83
W4-11_94,-1,W4-11_ocs,1,W4-11_o,1,W4-11_c,1,W4-11_s,1404.77
W4-11_95,-1,W4-11_sio,1,W4-11_si,1,W4-11_o,807.73
W4-11_96,-1,W4-11_clcn,1,W4-11_cl,1,W4-11_c,1,W4-11_n,1194.31
W4-11_97,-1,W4-11_hoo,1,W4-11_h,2,W4-11_o,734.43
W4-11_98,-1,W4-11_hcno,1,W4-11_c,1,W4-11_o,1,W4-11_n,1,W4-11_h,1527.04
W4-11_99,-1,W4-11_honc,1,W4-11_c,1,W4-11_o,1,W4-11_n,1,W4-11_h,1465.02
W4-11_100,-1,W4-11_hno,1,W4-11_h,1,W4-11_n,1,W4-11_o,861.44
W4-11_101,-1,W4-11_hof,1,W4-11_h,1,W4-11_o,1,W4-11_f,663.80
W4-11_102,-1,W4-11_c-hono,1,W4-11_h,1,W4-11_n,2,W4-11_o,1306.32
W4-11_103,-1,W4-11_t-hono,1,W4-11_h,1,W4-11_n,2,W4-11_o,1308.12
W4-11_104,-1,W4-11_cs2,1,W4-11_c,2,W4-11_s,1174.78
W4-11_105,-1,W4-11_hnnn,1,W4-11_h,3,W4-11_n,1388.19
W4-11_106,-1,W4-11_cs,1,W4-11_c,1,W4-11_s,720.56
W4-11_107,-1,W4-11_cn,1,W4-11_c,1,W4-11_n,758.77
W4-11_108,-1,W4-11_so3,1,W4-11_s,3,W4-11_o,1451.61
W4-11_109,-1,W4-11_ccl2,1,W4-11_c,2,W4-11_cl,742.06
W4-11_110,-1,W4-11_bn3pi,1,W4-11_b,1,W4-11_n,442.73
W4-11_111,-1,W4-11_so2,1,W4-11_s,2,W4-11_o,1090.44
W4-11_112,-1,W4-11_no,1,W4-11_n,1,W4-11_o,639.09
W4-11_113,-1,W4-11_so,1,W4-11_s,1,W4-11_o,529.13
W4-11_114,-1,W4-11_n2o,2,W4-11_n,1,W4-11_o,1133.23
W4-11_115,-1,W4-11_c-hooo,1,W4-11_h,3,W4-11_o,975.24
W4-11_116,-1,W4-11_s2,2,W4-11_s,436.19
W4-11_117,-1,W4-11_p4,4,W4-11_p,1215.78
W4-11_118,-1,W4-11_cl2,2,W4-11_cl,249.99
W4-11_119,-1,W4-11_o2,2,W4-11_o,505.53
W4-11_120,-1,W4-11_f2,2,W4-11_f,163.35
W4-11_121,-1,W4-11_t-hooo,1,W4-11_h,3,W4-11_o,976.11
W4-11_122,-1,W4-11_s2o,2,W4-11_s,1,W4-11_o,873.54
W4-11_123,-1,W4-11_p2,2,W4-11_p,492.01
W4-11_124,-1,W4-11_clf,1,W4-11_cl,1,W4-11_f,262.76
W4-11_125,-1,W4-11_no2,1,W4-11_n,2,W4-11_o,953.46
W4-11_126,-1,W4-11_clo,1,W4-11_cl,1,W4-11_o,273.83
W4-11_127,-1,W4-11_s3,3,W4-11_s,704.44
W4-11_128,-1,W4-11_cl2o,2,W4-11_cl,1,W4-11_o,424.50
W4-11_129,-1,W4-11_s4-c2v,4,W4-11_s,980.51
W4-11_130,-1,W4-11_of,1,W4-11_o,1,W4-11_f,222.07
W4-11_131,-1,W4-11_c2,2,W4-11_c,615.14
W4-11_132,-1,W4-11_oclo,2,W4-11_o,1,W4-11_cl,536.05
W4-11_133,-1,W4-11_f2o,2,W4-11_f,1,W4-11_o,392.38
W4-11_134,-1,W4-11_b2,2,W4-11_b,282.25
W4-11_135,-1,W4-11_fo2,1,W4-11_f,2,W4-11_o,563.67
W4-11_136,-1,W4-11_cloo,1,W4-11_cl,2,W4-11_o,528.79
W4-11_137,-1,W4-11_foof,2,W4-11_f,2,W4-11_o,637.51
W4-11_138,-1,W4-11_o3,3,W4-11_o,616.84
W4-11_139,-1,W4-11_bn,1,W4-11_b,1,W4-11_n,440.32
W4-11_140,-1,W4-11_be2,2,W4-11_be,11.17
WATER27_1,-1,WATER27_H2O2,2,WATER27_H2O,20.96
WATER27_2,-1,WATER27_H2O3,3,WATER27_H2O,66.11
WATER27_3,-1,WATER27_H2O4,4,WATER27_H2O,114.64
WATER27_4,-1,WATER27_H2O5,5,WATER27_H2O,150.21
WATER27_5,-1,WATER27_H2O6,6,WATER27_H2O,192.46
WATER27_6,-1,WATER27_H2O6c,6,WATER27_H2O,191.63
WATER27_7,-1,WATER27_H2O6b,6,WATER27_H2O,189.54
WATER27_8,-1,WATER27_H2O6c2,6,WATER27_H2O,185.35
WATER27_9,-1,WATER27_H2O8d2d,8,WATER27_H2O,303.76
WATER27_10,-1,WATER27_H2O8s4,8,WATER27_H2O,303.76
WATER27_11,-1,WATER27_H2O20,20,WATER27_H2O,830.94
WATER27_12,-1,WATER27_H2O20fc,20,WATER27_H2O,870.27
WATER27_13,-1,WATER27_H2O20fs,20,WATER27_H2O,870.27
WATER27_14,-1,WATER27_H2O20es,20,WATER27_H2O,877.38
WATER27_15,-1,WATER27_H3OpH2O,1,WATER27_H3Op,1,WATER27_H2O,140.16
WATER27_16,-1,WATER27_H3OpH2O2,1,WATER27_H3Op,2,WATER27_H2O,238.07
WATER27_17,-1,WATER27_H3OpH2O3,1,WATER27_H3Op,3,WATER27_H2O,320.08
WATER27_18,-1,WATER27_H3OpH2O63d,1,WATER27_H3Op,6,WATER27_H2O,492.88
WATER27_19,-1,WATER27_H3OpH2O62d,1,WATER27_H3Op,6,WATER27_H2O,480.74
WATER27_20,-1,WATER27_OHmH2O,1,WATER27_OHm,1,WATER27_H2O,111.29
WATER27_21,-1,WATER27_OHmH2O2,1,WATER27_OHm,2,WATER27_H2O,202.51
WATER27_22,-1,WATER27_OHmH2O3,1,WATER27_OHm,3,WATER27_H2O,282.84
WATER27_23,-1,WATER27_OHmH2O4c4,1,WATER27_OHm,4,WATER27_H2O,354.80
WATER27_24,-1,WATER27_OHmH2O4cs,1,WATER27_OHm,4,WATER27_H2O,354.80
WATER27_25,-1,WATER27_OHmH2O5,1,WATER27_OHm,5,WATER27_H2O,421.33
WATER27_26,-1,WATER27_OHmH2O6,1,WATER27_OHm,6,WATER27_H2O,484.09
WATER27_27,1,WATER27_H3OpH2O6OHm,-1,WATER27_H2O8s4,119.24
WCPT18_1,-1,WCPT18_reac1,1,WCPT18_ts1,153.80
WCPT18_2,-1,WCPT18_reac2,1,WCPT18_ts2,151.50
WCPT18_3,-1,WCPT18_reac3,1,WCPT18_ts3,255.01
WCPT18_4,-1,WCPT18_reac4,1,WCPT18_ts4,198.82
WCPT18_5,-1,WCPT18_reac5,1,WCPT18_ts5,274.81
WCPT18_6,-1,WCPT18_reac6,1,WCPT18_ts6,339.91
WCPT18_7,-1,WCPT18_reac7,1,WCPT18_ts7,133.89
WCPT18_8,-1,WCPT18_reac8,1,WCPT18_ts8,121.21
WCPT18_9,-1,WCPT18_reac9,1,WCPT18_ts9,246.02
WCPT18_10,-1,WCPT18_reac1,-1,WCPT18_h2o,1,WCPT18_ts1h2o,22.59
WCPT18_11,-1,WCPT18_reac2,-1,WCPT18_h2o,1,WCPT18_ts2h2o,11.21
WCPT18_12,-1,WCPT18_reac3,-1,WCPT18_h2o,1,WCPT18_ts3h2o,120.42
WCPT18_13,-1,WCPT18_reac4,-1,WCPT18_h2o,1,WCPT18_ts4h2o,36.32
WCPT18_14,-1,WCPT18_reac5,-1,WCPT18_h2o,1,WCPT18_ts5h2o,141.80
WCPT18_15,-1,WCPT18_reac6,-1,WCPT18_h2o,1,WCPT18_ts6h2o,249.49
WCPT18_16,-1,WCPT18_reac7,-1,WCPT18_h2o,1,WCPT18_ts7h2o,24.39
WCPT18_17,-1,WCPT18_reac8,-1,WCPT18_h2o,1,WCPT18_ts8h2o,14.81
WCPT18_18,-1,WCPT18_reac9,-1,WCPT18_h2o,1,WCPT18_ts9h2o,138.99
YBDE18_1,-1,YBDE18_f2s-cbh22,1,YBDE18_f2s,1,YBDE18_cbh22,239.20
YBDE18_2,-1,YBDE18_f2s-ch2,1,YBDE18_f2s,1,YBDE18_ch2,381.33
YBDE18_3,-1,YBDE18_h2s-cbh22,1,YBDE18_h2s,1,YBDE18_cbh22,87.70
YBDE18_4,-1,YBDE18_h2s-ch2,1,YBDE18_h2s,1,YBDE18_ch2,152.30
YBDE18_5,-1,YBDE18_me2s-cbh22,1,YBDE18_me2s,1,YBDE18_cbh22,163.13
YBDE18_6,-1,YBDE18_me2s-ch2,1,YBDE18_me2s,1,YBDE18_ch2,216.48
YBDE18_7,-1,YBDE18_nf3-cbh22,1,YBDE18_nf3,1,YBDE18_cbh22,51.51
YBDE18_8,-1,YBDE18_nf3-ch2,1,YBDE18_nf3,1,YBDE18_ch2,224.81
YBDE18_9,-1,YBDE18_nh3-cbh22,1,YBDE18_nh3,1,YBDE18_cbh22,136.31
YBDE18_10,-1,YBDE18_nh3-ch2,1,YBDE18_nh3,1,YBDE18_ch2,120.79
YBDE18_11,-1,YBDE18_nme3-cbh22,1,YBDE18_nme3,1,YBDE18_cbh22,176.19
YBDE18_12,-1,YBDE18_nme3-ch2,1,YBDE18_nme3,1,YBDE18_ch2,179.12
YBDE18_13,-1,YBDE18_pf3-cbh22,1,YBDE18_pf3,1,YBDE18_cbh22,218.74
YBDE18_14,-1,YBDE18_pf3-ch2,1,YBDE18_pf3,1,YBDE18_ch2,319.53
YBDE18_15,-1,YBDE18_ph3-cbh22,1,YBDE18_ph3,1,YBDE18_cbh22,187.44
YBDE18_16,-1,YBDE18_ph3-ch2,1,YBDE18_ph3,1,YBDE18_ch2,251.50
YBDE18_17,-1,YBDE18_pme3-cbh22,1,YBDE18_pme3,1,YBDE18_cbh22,278.61
YBDE18_18,-1,YBDE18_pme3-ch2,1,YBDE18_pme3,1,YBDE18_ch2,326.35
