ACONF_1,-1,ACONF_B_T,1,ACONF_B_G,0.000952974
ACONF_2,-1,ACONF_P_TT,1,ACONF_P_TG,0.000978472
ACONF_3,-1,ACONF_P_TT,1,ACONF_P_GG,0.001531452
ACONF_4,-1,ACONF_P_TT,1,ACONF_P_GX,0.004482804
ACONF_5,-1,ACONF_H_ttt,1,ACONF_H_gtt,0.000948194
ACONF_6,-1,ACONF_H_ttt,1,ACONF_H_tgt,0.000962536
ACONF_7,-1,ACONF_H_ttt,1,ACONF_H_tgg,0.001488425
ACONF_8,-1,ACONF_H_ttt,1,ACONF_H_gtg,0.001877264
ACONF_9,-1,ACONF_H_ttt,1,ACONF_H_g+t+g-,0.002074871
ACONF_10,-1,ACONF_H_ttt,1,ACONF_H_ggg,0.001992003
ACONF_11,-1,ACONF_H_ttt,1,ACONF_H_g+x-t+,0.004194362
ACONF_12,-1,ACONF_H_ttt,1,ACONF_H_t+g+x-,0.004366471
ACONF_13,-1,ACONF_H_ttt,1,ACONF_H_g+x-g-,0.005231797
ACONF_14,-1,ACONF_H_ttt,1,ACONF_H_x+g-g-,0.004913077
ACONF_15,-1,ACONF_H_ttt,1,ACONF_H_x+g-x+,0.007848493
ADIM6_1,2,ADIM6_AM2,-1,ADIM6_AD2,0.002135428
ADIM6_2,2,ADIM6_AM3,-1,ADIM6_AD3,0.003171269
ADIM6_3,2,ADIM6_AM4,-1,ADIM6_AD4,0.004605512
ADIM6_4,2,ADIM6_AM5,-1,ADIM6_AD5,0.006023818
ADIM6_5,2,ADIM6_AM6,-1,ADIM6_AD6,0.007330572
ADIM6_6,2,ADIM6_AM7,-1,ADIM6_AD7,0.008844495
AHB21_1,1,AHB21_1,-1,AHB21_1A,-1,AHB21_1B,-0.028350191
AHB21_2,1,AHB21_2,-1,AHB21_2A,-1,AHB21_2B,-0.051792086
AHB21_3,1,AHB21_3,-1,AHB21_3A,-1,AHB21_3B,-0.104667821
AHB21_4,1,AHB21_4,-1,AHB21_4A,-1,AHB21_4B,-0.014310552
AHB21_5,1,AHB21_5,-1,AHB21_5A,-1,AHB21_5B,-0.024876137
AHB21_6,1,AHB21_6,-1,AHB21_6A,-1,AHB21_6B,-0.040668739
AHB21_7,1,AHB21_7,-1,AHB21_7A,-1,AHB21_7B,-0.022868198
AHB21_8,1,AHB21_8,-1,AHB21_8A,-1,AHB21_8B,-0.066596654
AHB21_9,1,AHB21_9,-1,AHB21_9A,-1,AHB21_9B,-0.027139053
AHB21_10,1,AHB21_10,-1,AHB21_10A,-1,AHB21_10B,-0.059457315
AHB21_11,1,AHB21_11,-1,AHB21_11A,-1,AHB21_11B,-0.012701013
AHB21_12,1,AHB21_12,-1,AHB21_12A,-1,AHB21_12B,-0.022517605
AHB21_13,1,AHB21_13,-1,AHB21_13A,-1,AHB21_13B,-0.041449605
AHB21_14,1,AHB21_14,-1,AHB21_14A,-1,AHB21_14B,-0.017641181
AHB21_15,1,AHB21_15,-1,AHB21_15A,-1,AHB21_15B,-0.013736855
AHB21_16,1,AHB21_16,-1,AHB21_16A,-1,AHB21_16B,-0.02506737
AHB21_17,1,AHB21_17,-1,AHB21_17A,-1,AHB21_17B,-0.041816133
AHB21_18,1,AHB21_18,-1,AHB21_18A,-1,AHB21_18B,-0.020398114
AHB21_19,1,AHB21_19,-1,AHB21_19A,-1,AHB21_19B,-0.032907895
AHB21_20,1,AHB21_20,-1,AHB21_20A,-1,AHB21_20B,-0.033513464
AHB21_21,1,AHB21_21,-1,AHB21_21A,-1,AHB21_21B,-0.050039123
AL2X6_1,-1,AL2X6_al2h6,2,AL2X6_alh3,0.061353702
AL2X6_2,-1,AL2X6_al2f6,2,AL2X6_alf3,0.082229896
AL2X6_3,-1,AL2X6_al2cl6,2,AL2X6_alcl3,0.051792086
AL2X6_4,-1,AL2X6_al2me4,2,AL2X6_alme2,0.061194341
AL2X6_5,-1,AL2X6_al2me5,1,AL2X6_alme2,1,AL2X6_alme3,0.049720402
AL2X6_6,-1,AL2X6_al2me6,2,AL2X6_alme3,0.036812221
ALK8_1,-1,ALK8_li8,4,ALK8_li2,0.13779882
ALK8_2,-1,ALK8_na8,4,ALK8_na2,0.08469998
ALK8_3,-1,ALK8_li4_me4,4,ALK8_li_me,0.208969114
ALK8_4,-1,ALK8_li3_me,1,ALK8_li_me,1,ALK8_li2,0.054995227
ALK8_5,-1,ALK8_li2_ch4,1,ALK8_li_me,1,ALK8_li_h,0.075568637
ALK8_6,-1,ALK8_li5_ch,1,ALK8_li4_c,1,ALK8_li_h,0.105623983
ALK8_7,-1,ALK8_li2_ch2n_2,2,ALK8_li_ch2n,0.090118229
ALK8_8,-1,ALK8_na+,-1,ALK8_li_na_h2,1,ALK8_li+,1,ALK8_na2_h2,0.040318147
ALKBDE10_1,-1,ALKBDE10_bef,1,ALKBDE10_be,1,ALKBDE10_f,0.221032686
ALKBDE10_2,-1,ALKBDE10_beo,1,ALKBDE10_be,1,ALKBDE10_o,0.169878042
ALKBDE10_3,-1,ALKBDE10_cao,1,ALKBDE10_ca,1,ALKBDE10_o,0.153304574
ALKBDE10_4,-1,ALKBDE10_hf,1,ALKBDE10_h,1,ALKBDE10_f,0.226450935
ALKBDE10_5,-1,ALKBDE10_kf,1,ALKBDE10_k,1,ALKBDE10_f,0.18724831
ALKBDE10_6,-1,ALKBDE10_lif,1,ALKBDE10_li,1,ALKBDE10_f,0.221829488
ALKBDE10_7,-1,ALKBDE10_lio,1,ALKBDE10_li,1,ALKBDE10_o,0.131472218
ALKBDE10_8,-1,ALKBDE10_mgo,1,ALKBDE10_mg,1,ALKBDE10_o,0.099122084
ALKBDE10_9,-1,ALKBDE10_mgs,1,ALKBDE10_mg,1,ALKBDE10_s,0.09035727
ALKBDE10_10,-1,ALKBDE10_nao,1,ALKBDE10_na,1,ALKBDE10_o,0.103902892
Amino20x4_1,-1,Amino20x4_ALA_xag,1,Amino20x4_ALA_xac,0.001862921
Amino20x4_2,-1,Amino20x4_ALA_xag,1,Amino20x4_ALA_xak,0.004858894
Amino20x4_3,-1,Amino20x4_ALA_xag,1,Amino20x4_ALA_xai,0.005289167
Amino20x4_4,-1,Amino20x4_ALA_xag,1,Amino20x4_ALA_xab,0.008038132
Amino20x4_5,-1,Amino20x4_ARG_xci,1,Amino20x4_ARG_xak,0.002511518
Amino20x4_6,-1,Amino20x4_ARG_xci,1,Amino20x4_ARG_xbv,0.004030221
Amino20x4_7,-1,Amino20x4_ARG_xci,1,Amino20x4_ARG_xbx,0.004462087
Amino20x4_8,-1,Amino20x4_ARG_xci,1,Amino20x4_ARG_xby,0.010293079
Amino20x4_9,-1,Amino20x4_ASN_xaf,1,Amino20x4_ASN_xaj,0.000618318
Amino20x4_10,-1,Amino20x4_ASN_xaf,1,Amino20x4_ASN_xae,0.006548113
Amino20x4_11,-1,Amino20x4_ASN_xaf,1,Amino20x4_ASN_xab,0.007585549
Amino20x4_12,-1,Amino20x4_ASN_xaf,1,Amino20x4_ASN_xah,0.010409412
Amino20x4_13,-1,Amino20x4_ASP_xaz,1,Amino20x4_ASP_xad,0.000250196
Amino20x4_14,-1,Amino20x4_ASP_xaz,1,Amino20x4_ASP_xay,0.003145772
Amino20x4_15,-1,Amino20x4_ASP_xaz,1,Amino20x4_ASP_xau,0.004616667
Amino20x4_16,-1,Amino20x4_ASP_xaz,1,Amino20x4_ASP_xbc,0.004960885
Amino20x4_17,-1,Amino20x4_CYS_xai,1,Amino20x4_CYS_xah,0.000441428
Amino20x4_18,-1,Amino20x4_CYS_xai,1,Amino20x4_CYS_xag,0.001560137
Amino20x4_19,-1,Amino20x4_CYS_xai,1,Amino20x4_CYS_xao,0.001580854
Amino20x4_20,-1,Amino20x4_CYS_xai,1,Amino20x4_CYS_xal,0.003781619
Amino20x4_21,-1,Amino20x4_GLN_xai,1,Amino20x4_GLN_xan,0.000675688
Amino20x4_22,-1,Amino20x4_GLN_xai,1,Amino20x4_GLN_xat,0.005214268
Amino20x4_23,-1,Amino20x4_GLN_xai,1,Amino20x4_GLN_xap,0.006446123
Amino20x4_24,-1,Amino20x4_GLN_xai,1,Amino20x4_GLN_xal,0.006616638
Amino20x4_25,-1,Amino20x4_GLU_xbi,1,Amino20x4_GLU_xav,0.00212746
Amino20x4_26,-1,Amino20x4_GLU_xbi,1,Amino20x4_GLU_xal,0.002462116
Amino20x4_27,-1,Amino20x4_GLU_xbi,1,Amino20x4_GLU_xar,0.004683598
Amino20x4_28,-1,Amino20x4_GLU_xbi,1,Amino20x4_GLU_xad,0.008312231
Amino20x4_29,-1,Amino20x4_GLY_xac,1,Amino20x4_GLY_xae,0.00173862
Amino20x4_30,-1,Amino20x4_GLY_xac,1,Amino20x4_GLY_xad,0.004186394
Amino20x4_31,-1,Amino20x4_GLY_xac,1,Amino20x4_GLY_xab,0.004371252
Amino20x4_32,-1,Amino20x4_GLY_xac,1,Amino20x4_GLY_xag,0.00651146
Amino20x4_33,-1,Amino20x4_HIS_xaq,1,Amino20x4_HIS_xam,0.004412686
Amino20x4_34,-1,Amino20x4_HIS_xaq,1,Amino20x4_HIS_xah,0.004768059
Amino20x4_35,-1,Amino20x4_HIS_xaq,1,Amino20x4_HIS_xau,0.011661984
Amino20x4_36,-1,Amino20x4_HIS_xaq,1,Amino20x4_HIS_xav,0.011744851
Amino20x4_37,-1,Amino20x4_ILE_xae,1,Amino20x4_ILE_xaj,0.000298004
Amino20x4_38,-1,Amino20x4_ILE_xae,1,Amino20x4_ILE_xaq,0.000948194
Amino20x4_39,-1,Amino20x4_ILE_xae,1,Amino20x4_ILE_xag,0.001534639
Amino20x4_40,-1,Amino20x4_ILE_xae,1,Amino20x4_ILE_xak,0.001585635
Amino20x4_41,-1,Amino20x4_LEU_xap,1,Amino20x4_LEU_xad,0.000538638
Amino20x4_42,-1,Amino20x4_LEU_xap,1,Amino20x4_LEU_xae,0.00242865
Amino20x4_43,-1,Amino20x4_LEU_xap,1,Amino20x4_LEU_xbb,0.002686814
Amino20x4_44,-1,Amino20x4_LEU_xap,1,Amino20x4_LEU_xaq,0.003110712
Amino20x4_45,-1,Amino20x4_LYS_xap,1,Amino20x4_LYS_xao,9.24E-05
Amino20x4_46,-1,Amino20x4_LYS_xap,1,Amino20x4_LYS_xan,0.000317127
Amino20x4_47,-1,Amino20x4_LYS_xap,1,Amino20x4_LYS_xas,0.000726683
Amino20x4_48,-1,Amino20x4_LYS_xap,1,Amino20x4_LYS_xat,0.000860545
Amino20x4_49,-1,Amino20x4_MET_xbf,1,Amino20x4_MET_xag,0.002890795
Amino20x4_50,-1,Amino20x4_MET_xbf,1,Amino20x4_MET_xbm,0.003918669
Amino20x4_51,-1,Amino20x4_MET_xbf,1,Amino20x4_MET_xav,0.003929824
Amino20x4_52,-1,Amino20x4_MET_xbf,1,Amino20x4_MET_xbo,0.004615073
Amino20x4_53,-1,Amino20x4_PHE_xaw,1,Amino20x4_PHE_xab,0.001389622
Amino20x4_54,-1,Amino20x4_PHE_xaw,1,Amino20x4_PHE_xar,0.002739403
Amino20x4_55,-1,Amino20x4_PHE_xaw,1,Amino20x4_PHE_xan,0.002932229
Amino20x4_56,-1,Amino20x4_PHE_xaw,1,Amino20x4_PHE_xal,0.003010315
Amino20x4_57,-1,Amino20x4_PRO_xae,1,Amino20x4_PRO_xad,0.002224669
Amino20x4_58,-1,Amino20x4_PRO_xae,1,Amino20x4_PRO_xac,0.005117058
Amino20x4_59,-1,Amino20x4_PRO_xae,1,Amino20x4_PRO_xaf,0.006672414
Amino20x4_60,-1,Amino20x4_PRO_xae,1,Amino20x4_PRO_xab,0.009583926
Amino20x4_61,-1,Amino20x4_SER_xad,1,Amino20x4_SER_xah,0.004822242
Amino20x4_62,-1,Amino20x4_SER_xad,1,Amino20x4_SER_xaf,0.004944949
Amino20x4_63,-1,Amino20x4_SER_xad,1,Amino20x4_SER_xak,0.005598326
Amino20x4_64,-1,Amino20x4_SER_xad,1,Amino20x4_SER_xar,0.00666604
Amino20x4_65,-1,Amino20x4_THR_xaq,1,Amino20x4_THR_xab,0.002133834
Amino20x4_66,-1,Amino20x4_THR_xaq,1,Amino20x4_THR_xag,0.004908296
Amino20x4_67,-1,Amino20x4_THR_xaq,1,Amino20x4_THR_xah,0.005587171
Amino20x4_68,-1,Amino20x4_THR_xaq,1,Amino20x4_THR_xal,0.006731378
Amino20x4_69,-1,Amino20x4_TRP_xao,1,Amino20x4_TRP_xag,0.002060528
Amino20x4_70,-1,Amino20x4_TRP_xao,1,Amino20x4_TRP_xah,0.004506708
Amino20x4_71,-1,Amino20x4_TRP_xao,1,Amino20x4_TRP_xaf,0.005169647
Amino20x4_72,-1,Amino20x4_TRP_xao,1,Amino20x4_TRP_xac,0.006465246
Amino20x4_73,-1,Amino20x4_TYR_xag,1,Amino20x4_TYR_xar,0.000148205
Amino20x4_74,-1,Amino20x4_TYR_xag,1,Amino20x4_TYR_xab,0.001439023
Amino20x4_75,-1,Amino20x4_TYR_xag,1,Amino20x4_TYR_xah,0.00272028
Amino20x4_76,-1,Amino20x4_TYR_xag,1,Amino20x4_TYR_xan,0.002823864
Amino20x4_77,-1,Amino20x4_VAL_xad,1,Amino20x4_VAL_xaj,0.001352969
Amino20x4_78,-1,Amino20x4_VAL_xad,1,Amino20x4_VAL_xah,0.001370498
Amino20x4_79,-1,Amino20x4_VAL_xad,1,Amino20x4_VAL_xaf,0.002159332
Amino20x4_80,-1,Amino20x4_VAL_xad,1,Amino20x4_VAL_xak,0.002364906
BH76RC_1,-1,BH76_H,-1,BH76_n2o,1,BH76_OH,1,BH76_n2,-0.103440747
BH76RC_2,-1,BH76_H,-1,BH76_ch3f,1,BH76_HF,1,BH76_CH3,-0.041943622
BH76RC_3,-1,BH76_H,-1,BH76_f2,1,BH76_HF,1,BH76_F,-0.164587281
BH76RC_4,-1,BH76_CH3,-1,BH76_clf,1,BH76_ch3f,1,BH76_Cl,-0.083887243
BH76RC_5,-1,BH76_f-,-1,BH76_ch3cl,1,BH76_cl-,1,BH76_ch3f,-0.051250261
BH76RC_6,-1,BH76_fch3clcomp1,1,BH76_fch3clcomp2,-0.041624901
BH76RC_7,-1,BH76_oh-,-1,BH76_ch3f,1,BH76_CH3OH,1,BH76_f-,-0.032382006
BH76RC_8,-1,BH76_hoch3fcomp2,1,BH76_hoch3fcomp1,-0.058501153
BH76RC_9,-1,BH76_H,-1,BH76_n2,1,BH76_hn2,0.005880394
BH76RC_10,-1,BH76_H,-1,BH76_co,1,BH76_hco,-0.031154932
BH76RC_11,-1,BH76_H,-1,BH76_c2h4,1,BH76_C2H5,-0.063775978
BH76RC_12,-1,BH76_CH3,-1,BH76_c2h4,1,BH76_c3h7,-0.042326086
BH76RC_13,-1,BH76_hnc,1,BH76_hcn,-0.023999656
BH76RC_14,-1,BH76_H,-1,BH76_HCl,1,BH76_H2,1,BH76_Cl,-0.003027845
BH76RC_15,-1,BH76_OH,-1,BH76_H2,1,BH76_H2O,1,BH76_H,-0.026119147
BH76RC_16,-1,BH76_CH3,-1,BH76_H2,1,BH76_CH4,1,BH76_H,-0.004956104
BH76RC_17,-1,BH76_OH,-1,BH76_CH4,1,BH76_H2O,1,BH76_CH3,-0.021163043
BH76RC_18,-1,BH76_OH,-1,BH76_NH3,1,BH76_H2O,1,BH76_NH2,-0.016445979
BH76RC_19,-1,BH76_HCl,-1,BH76_CH3,1,BH76_Cl,1,BH76_CH4,-0.007983949
BH76RC_20,-1,BH76_OH,-1,BH76_C2H6,1,BH76_H2O,1,BH76_C2H5,-0.026836268
BH76RC_21,-1,BH76_F,-1,BH76_H2,1,BH76_HF,1,BH76_H,-0.051345877
BH76RC_22,-1,BH76_O,-1,BH76_CH4,1,BH76_OH,1,BH76_CH3,0.008669198
BH76RC_23,-1,BH76_H,-1,BH76_PH3,1,BH76_H2,1,BH76_PH2,-0.034644921
BH76RC_24,-1,BH76_H,-1,BH76_OH,1,BH76_H2,1,BH76_O,-0.003697158
BH76RC_25,-1,BH76_H,-1,BH76_H2S,1,BH76_H2,1,BH76_HS,-0.021131171
BH76RC_26,-1,BH76_O,-1,BH76_HCl,1,BH76_OH,1,BH76_Cl,0.000669313
BH76RC_27,-1,BH76_NH2,-1,BH76_CH3,1,BH76_NH,1,BH76_CH4,-0.020908067
BH76RC_28,-1,BH76_NH2,-1,BH76_C2H5,1,BH76_NH,1,BH76_C2H6,-0.015234841
BH76RC_29,-1,BH76_C2H6,-1,BH76_NH2,1,BH76_C2H5,1,BH76_NH3,-0.010390289
BH76RC_30,-1,BH76_NH2,-1,BH76_CH4,1,BH76_NH3,1,BH76_CH3,-0.004717064
BH76_1,-1,BH76_H,-1,BH76_n2o,1,BH76_n2ohts,0.028206767
BH76_2,-1,BH76_OH,-1,BH76_n2,1,BH76_n2ohts,0.131631578
BH76_3,-1,BH76_H,-1,BH76_HF,1,BH76_hfhts,0.067090671
BH76_4,-1,BH76_HF,-1,BH76_H,1,BH76_hfhts,0.067090671
BH76_5,-1,BH76_H,-1,BH76_HCl,1,BH76_hclhts,0.028366127
BH76_6,-1,BH76_HCl,-1,BH76_H,1,BH76_hclhts,0.028366127
BH76_7,-1,BH76_H,-1,BH76_ch3f,1,BH76_hfch3ts,0.048604881
BH76_8,-1,BH76_HF,-1,BH76_CH3,1,BH76_hfch3ts,0.09067599
BH76_9,-1,BH76_H,-1,BH76_f2,1,BH76_hf2ts,0.002390404
BH76_10,-1,BH76_HF,-1,BH76_F,1,BH76_hf2ts,0.167009557
BH76_11,-1,BH76_CH3,-1,BH76_clf,1,BH76_ch3fclts,0.011314579
BH76_12,-1,BH76_ch3f,-1,BH76_Cl,1,BH76_ch3fclts,0.095297438
BH76_13,-1,BH76_f-,-1,BH76_ch3f,1,BH76_fch3fts,-0.000956162
BH76_14,-1,BH76_ch3f,-1,BH76_f-,1,BH76_fch3fts,-0.000956162
BH76_15,-1,BH76_fch3fcomp,1,BH76_fch3fts,0.021354275
BH76_16,-1,BH76_fch3fcomp,1,BH76_fch3fts,0.021354275
BH76_17,-1,BH76_cl-,-1,BH76_ch3cl,1,BH76_clch3clts,0.003984007
BH76_18,-1,BH76_ch3cl,-1,BH76_cl-,1,BH76_clch3clts,0.003984007
BH76_19,-1,BH76_clch3clcomp,1,BH76_clch3clts,0.021513636
BH76_20,-1,BH76_clch3clcomp,1,BH76_clch3clts,0.021513636
BH76_21,-1,BH76_f-,-1,BH76_ch3cl,1,BH76_fch3clts,-0.019601312
BH76_22,-1,BH76_cl-,-1,BH76_ch3f,1,BH76_fch3clts,0.031553332
BH76_23,-1,BH76_fch3clcomp1,1,BH76_fch3clts,0.005577609
BH76_24,-1,BH76_fch3clcomp2,1,BH76_fch3clts,0.047170638
BH76_25,-1,BH76_oh-,-1,BH76_ch3f,1,BH76_hoch3fts,-0.004302727
BH76_26,-1,BH76_CH3OH,-1,BH76_f-,1,BH76_hoch3fts,0.028047406
BH76_27,-1,BH76_hoch3fcomp2,1,BH76_hoch3fts,0.017529629
BH76_28,-1,BH76_hoch3fcomp1,1,BH76_hoch3fts,0.076014846
BH76_29,-1,BH76_H,-1,BH76_n2,1,BH76_hn2ts,0.023266599
BH76_30,-1,BH76_hn2,1,BH76_hn2ts,0.017370269
BH76_31,-1,BH76_H,-1,BH76_co,1,BH76_hcots,0.005099528
BH76_32,-1,BH76_hco,1,BH76_hcots,0.03633414
BH76_33,-1,BH76_H,-1,BH76_c2h4,1,BH76_c2h5ts,0.003187205
BH76_34,-1,BH76_C2H5,1,BH76_c2h5ts,0.066931311
BH76_35,-1,BH76_CH3,-1,BH76_c2h4,1,BH76_c3h7ts,0.010199057
BH76_36,-1,BH76_c3h7,1,BH76_c3h7ts,0.052588887
BH76_37,-1,BH76_hcn,1,BH76_hcnts,0.076652287
BH76_38,-1,BH76_hnc,1,BH76_hcnts,0.052588887
BH76_39,-1,BH76_H,-1,BH76_HCl,1,BH76_RKT01,0.009720976
BH76_40,-1,BH76_H2,-1,BH76_Cl,1,BH76_RKT01,0.012748821
BH76_41,-1,BH76_OH,-1,BH76_H2,1,BH76_RKT02,0.008286734
BH76_42,-1,BH76_H2O,-1,BH76_H,1,BH76_RKT02,0.034421817
BH76_43,-1,BH76_CH3,-1,BH76_H2,1,BH76_RKT03,0.018963871
BH76_44,-1,BH76_CH4,-1,BH76_H,1,BH76_RKT03,0.02390404
BH76_45,-1,BH76_OH,-1,BH76_CH4,1,BH76_RKT04,0.010039697
BH76_46,-1,BH76_H2O,-1,BH76_CH3,1,BH76_RKT04,0.031075252
BH76_47,-1,BH76_H,-1,BH76_H2,1,BH76_RKT06,0.015457946
BH76_48,-1,BH76_H,-1,BH76_H2,1,BH76_RKT06,0.015457946
BH76_49,-1,BH76_OH,-1,BH76_NH3,1,BH76_RKT07,0.005418249
BH76_50,-1,BH76_H2O,-1,BH76_NH2,1,BH76_RKT07,0.021832356
BH76_51,-1,BH76_HCl,-1,BH76_CH3,1,BH76_RKT08,0.002868485
BH76_52,-1,BH76_Cl,-1,BH76_CH4,1,BH76_RKT08,0.010836498
BH76_53,-1,BH76_OH,-1,BH76_C2H6,1,BH76_RKT09,0.005577609
BH76_54,-1,BH76_H2O,-1,BH76_C2H5,1,BH76_RKT09,0.032509494
BH76_55,-1,BH76_F,-1,BH76_H2,1,BH76_RKT10,0.002549764
BH76_56,-1,BH76_HF,-1,BH76_H,1,BH76_RKT10,0.053863769
BH76_57,-1,BH76_O,-1,BH76_CH4,1,BH76_RKT11,0.022947878
BH76_58,-1,BH76_OH,-1,BH76_CH3,1,BH76_RKT11,0.014183064
BH76_59,-1,BH76_H,-1,BH76_PH3,1,BH76_RKT12,0.004621448
BH76_60,-1,BH76_H2,-1,BH76_PH2,1,BH76_RKT12,0.039361985
BH76_61,-1,BH76_H,-1,BH76_OH,1,BH76_RKT14,0.017370269
BH76_62,-1,BH76_H2,-1,BH76_O,1,BH76_RKT14,0.021035555
BH76_63,-1,BH76_H,-1,BH76_H2S,1,BH76_RKT16,0.00621505
BH76_64,-1,BH76_H2,-1,BH76_HS,1,BH76_RKT16,0.027409965
BH76_65,-1,BH76_O,-1,BH76_HCl,1,BH76_RKT17,0.016573467
BH76_66,-1,BH76_OH,-1,BH76_Cl,1,BH76_RKT17,0.015776666
BH76_67,-1,BH76_NH2,-1,BH76_CH3,1,BH76_RKT18,0.014183064
BH76_68,-1,BH76_NH,-1,BH76_CH4,1,BH76_RKT18,0.035059258
BH76_69,-1,BH76_NH2,-1,BH76_C2H5,1,BH76_RKT19,0.015617306
BH76_70,-1,BH76_NH,-1,BH76_C2H6,1,BH76_RKT19,0.030915891
BH76_71,-1,BH76_C2H6,-1,BH76_NH2,1,BH76_RKT20,0.01800771
BH76_72,-1,BH76_C2H5,-1,BH76_NH3,1,BH76_RKT20,0.028366127
BH76_73,-1,BH76_NH2,-1,BH76_CH4,1,BH76_RKT21,0.022151077
BH76_74,-1,BH76_NH3,-1,BH76_CH3,1,BH76_RKT21,0.026931885
BH76_75,-1,BH76_C5H8,1,BH76_RKT22,0.063266025
BH76_76,-1,BH76_C5H8,1,BH76_RKT22,0.063266025
BHDIV10_1,-1,BHDIV10_ed1,1,BHDIV10_ts1,0.040875908
BHDIV10_2,-1,BHDIV10_ed2,1,BHDIV10_ts2,0.09067599
BHDIV10_3,-1,BHDIV10_ed3,1,BHDIV10_ts3,0.058214304
BHDIV10_4,-1,BHDIV10_ed4,1,BHDIV10_ts4,0.153256766
BHDIV10_5,-1,BHDIV10_ed5,1,BHDIV10_ts5,0.025402026
BHDIV10_6,-1,BHDIV10_ed6,1,BHDIV10_ts6,0.02173674
BHDIV10_7,-1,BHDIV10_ed7,1,BHDIV10_ts7,0.043808137
BHDIV10_8,-1,BHDIV10_ed8,1,BHDIV10_ts8,0.080062597
BHDIV10_9,-1,BHDIV10_ed9,1,BHDIV10_ts9,0.104922798
BHDIV10_10,-1,BHDIV10_ed10,1,BHDIV10_ts10,0.10347262
BHPERI_1,-1,BHPERI_Cyclobutene,1,BHPERI_TS1,0.056254173
BHPERI_2,-1,BHPERI_cis-1-3-5-Hexatriene,1,BHPERI_TS2,0.049082961
BHPERI_3,-1,BHPERI_ortho-xylylene,1,BHPERI_TS3,0.044780234
BHPERI_4,-1,BHPERI_1-3-Pentadiene,1,BHPERI_TS4,0.063266025
BHPERI_5,-1,BHPERI_1-3-Cyclopentadiene,1,BHPERI_TS5,0.045098955
BHPERI_6,-1,BHPERI_1-5-Hexadiene,1,BHPERI_TS6,0.057050975
BHPERI_7,-1,BHPERI_1-3-Butadiene,-1,BHPERI_Ethylene,1,BHPERI_TS7,0.035537339
BHPERI_8,-1,BHPERI_1-3-Cyclopentadiene,-1,BHPERI_Ethylene,1,BHPERI_TS8,0.028684848
BHPERI_9,-2,BHPERI_1-3-Cyclopentadiene,1,BHPERI_TS11,0.023107238
BHPERI_10,-1,BHPERI_Cis-triscyclopropacyclohexane,1,BHPERI_TS9,0.04207111
BHPERI_11,-1,BHPERI_13r_1,-1,BHPERI_13_c2h4,1,BHPERI_13ts_1a,0.043983433
BHPERI_12,-1,BHPERI_13r_2,-1,BHPERI_13_c2h4,1,BHPERI_13ts_2a,0.031872053
BHPERI_13,-1,BHPERI_13r_3,-1,BHPERI_13_c2h4,1,BHPERI_13ts_3a,0.021991716
BHPERI_14,-1,BHPERI_13r_4,-1,BHPERI_13_c2h4,1,BHPERI_13ts_4a,0.018804511
BHPERI_15,-1,BHPERI_13r_5,-1,BHPERI_13_c2h4,1,BHPERI_13ts_5a,0.010358417
BHPERI_16,-1,BHPERI_13r_6,-1,BHPERI_13_c2h4,1,BHPERI_13ts_6a,0.007489932
BHPERI_17,-1,BHPERI_13r_7,-1,BHPERI_13_c2h4,1,BHPERI_13ts_7a,0.020876195
BHPERI_18,-1,BHPERI_13r_8,-1,BHPERI_13_c2h4,1,BHPERI_13ts_8a,0.009402256
BHPERI_19,-1,BHPERI_13r_9,-1,BHPERI_13_c2h4,1,BHPERI_13ts_9a,0.000796801
BHPERI_20,-1,BHPERI_02r,-1,BHPERI_00r,1,BHPERI_02ts,0.028844208
BHPERI_21,-1,BHPERI_03r,-1,BHPERI_00r,1,BHPERI_03ts,0.026453804
BHPERI_22,-1,BHPERI_04r,-1,BHPERI_00r,1,BHPERI_04ts,0.0364935
BHPERI_23,-1,BHPERI_05r,-1,BHPERI_00r,1,BHPERI_06ts,0.044302153
BHPERI_24,-1,BHPERI_07r,-1,BHPERI_00r,1,BHPERI_07ts,0.033943736
BHPERI_25,-1,BHPERI_07r,-1,BHPERI_00r,1,BHPERI_08ts,0.034421817
BHPERI_26,-1,BHPERI_09r,-1,BHPERI_00r,1,BHPERI_09ts,0.049879763
BHROT27_1,-1,BHROT27_ethane_st,1,BHROT27_ethane_ecl,0.004350535
BHROT27_2,-1,BHROT27_tmethane_60,1,BHROT27_tmethane_0,0.011171155
BHROT27_3,-1,BHROT27_tmethane_60,1,BHROT27_tmethane_120,0.005513865
BHROT27_4,-1,BHROT27_tmethane_180,1,BHROT27_tmethane_120,0.005928202
BHROT27_5,-1,BHROT27_methanol_st,1,BHROT27_methanol_ecl,0.001609539
BHROT27_6,-1,BHROT27_methylamine_st,1,BHROT27_methylamine_ecl,0.003633414
BHROT27_7,-1,BHROT27_h2o2,1,BHROT27_h2o2_trans,0.001609539
BHROT27_8,-1,BHROT27_h2o2,1,BHROT27_h2o2_cis,0.011426131
BHROT27_9,-1,BHROT27_h2s2,1,BHROT27_h2s2_trans,0.009226959
BHROT27_10,-1,BHROT27_h2s2,1,BHROT27_h2s2_cis,0.012796629
BHROT27_11,-1,BHROT27_n2h4_st1,1,BHROT27_n2h4_ecl1,0.002581636
BHROT27_12,-1,BHROT27_n2h4_st1,1,BHROT27_n2h4_ecl2,0.013402198
BHROT27_13,-1,BHROT27_nh2oh_st1,1,BHROT27_nh2oh_ecl,0.011011794
BHROT27_14,-1,BHROT27_nh2oh_st2,1,BHROT27_nh2oh_ecl,0.004270855
BHROT27_15,-1,BHROT27_acetamide_RC,1,BHROT27_acetamide_TS1,0.02747371
BHROT27_16,-1,BHROT27_acetamide_RC,1,BHROT27_acetamide_TS2,0.02313911
BHROT27_17,-1,BHROT27_biphenyl,1,BHROT27_biphenyl_TS,0.003346566
BHROT27_18,-1,BHROT27_bifuran_anti,1,BHROT27_bifuran_TS,0.006199114
BHROT27_19,-1,BHROT27_bifuran_syn,1,BHROT27_bifuran_TS,0.00333063
BHROT27_20,-1,BHROT27_bithiophene_anti,1,BHROT27_bithiophene_TS,0.002836613
BHROT27_21,-1,BHROT27_bithiophene_syn,1,BHROT27_bithiophene_TS,0.002215108
BHROT27_22,-1,BHROT27_butadiene_strans,1,BHROT27_butadiene_TS,0.010039697
BHROT27_23,-1,BHROT27_butadiene_scis,1,BHROT27_butadiene_TS,0.005338569
BHROT27_24,-1,BHROT27_ethylthiourea_180,1,BHROT27_ethylthiourea_TS1,0.016509723
BHROT27_25,-1,BHROT27_ethylthiourea_0,1,BHROT27_ethylthiourea_TS1,0.016318491
BHROT27_26,-1,BHROT27_ethylthiourea_180,1,BHROT27_ethylthiourea_TS2,0.027409965
BHROT27_27,-1,BHROT27_ethylthiourea_0,1,BHROT27_ethylthiourea_TS2,0.027218733
BSR36_1,5,BSR36_c2h6,-1,BSR36_h1,-4,BSR36_ch4,0.015202969
BSR36_2,5,BSR36_c2h6,-1,BSR36_h2,-4,BSR36_ch4,0.015139225
BSR36_3,5,BSR36_c2h6,-1,BSR36_h3,-4,BSR36_ch4,0.017673053
BSR36_4,5,BSR36_c2h6,-1,BSR36_h4,-4,BSR36_ch4,0.014103383
BSR36_5,5,BSR36_c2h6,-1,BSR36_h5,-4,BSR36_ch4,0.013768727
BSR36_6,6,BSR36_c2h6,-1,BSR36_h6,-5,BSR36_ch4,0.017226845
BSR36_7,6,BSR36_c2h6,-1,BSR36_h7,-5,BSR36_ch4,0.020302498
BSR36_8,6,BSR36_c2h6,-1,BSR36_h8,-5,BSR36_ch4,0.018645151
BSR36_9,6,BSR36_c2h6,-1,BSR36_h9,-5,BSR36_ch4,0.021035555
BSR36_10,6,BSR36_c2h6,-1,BSR36_h10,-5,BSR36_ch4,0.017641181
BSR36_11,6,BSR36_c2h6,-1,BSR36_h11,-5,BSR36_ch4,0.019904097
BSR36_12,6,BSR36_c2h6,-1,BSR36_h12,-5,BSR36_ch4,0.019680993
BSR36_13,6,BSR36_c2h6,-1,BSR36_h13,-5,BSR36_ch4,0.017513693
BSR36_14,6,BSR36_c2h6,-1,BSR36_h14,-5,BSR36_ch4,0.015665114
BSR36_15,7,BSR36_c2h6,-1,BSR36_h15,-6,BSR36_ch4,0.02274071
BSR36_16,5,BSR36_c2h6,-1,BSR36_r1,-5,BSR36_ch4,0.00356967
BSR36_17,6,BSR36_c2h6,-1,BSR36_r2,-6,BSR36_ch4,0.016828444
BSR36_18,6,BSR36_c2h6,-1,BSR36_r3,-6,BSR36_ch4,0.009736912
BSR36_19,7,BSR36_c2h6,-1,BSR36_r4,-7,BSR36_ch4,0.023378151
BSR36_20,7,BSR36_c2h6,-1,BSR36_r5,-7,BSR36_ch4,0.016270683
BSR36_21,7,BSR36_c2h6,-1,BSR36_r6,-7,BSR36_ch4,0.015585434
BSR36_22,7,BSR36_c2h6,-1,BSR36_r7,-7,BSR36_ch4,0.013896215
BSR36_23,7,BSR36_c2h6,-1,BSR36_r8,-7,BSR36_ch4,0.016095387
BSR36_24,7,BSR36_c2h6,-1,BSR36_r9,-7,BSR36_ch4,0.015091417
BSR36_25,11,BSR36_c2h6,-1,BSR36_r10,-12,BSR36_ch4,0.029561329
BSR36_26,11,BSR36_c2h6,-1,BSR36_r11,-12,BSR36_ch4,0.014230872
BSR36_27,11,BSR36_c2h6,-1,BSR36_r12,-12,BSR36_ch4,0.023202854
BSR36_28,11,BSR36_c2h6,-1,BSR36_r13,-12,BSR36_ch4,0.040668739
BSR36_29,11,BSR36_c2h6,-1,BSR36_r14,-12,BSR36_ch4,0.036429756
BSR36_30,13,BSR36_c2h6,-1,BSR36_r15,-14,BSR36_ch4,0.043425672
BSR36_31,12,BSR36_c2h6,-1,BSR36_r16,-12,BSR36_ch4,0.039776322
BSR36_32,12,BSR36_c2h6,-1,BSR36_c1,-14,BSR36_ch4,0.042740423
BSR36_33,14,BSR36_c2h6,-1,BSR36_c2,-16,BSR36_ch4,0.061098725
BSR36_34,14,BSR36_c2h6,-1,BSR36_c3,-16,BSR36_ch4,0.049545106
BSR36_35,16,BSR36_c2h6,-1,BSR36_c4,-18,BSR36_ch4,0.079393284
BSR36_36,18,BSR36_c2h6,-1,BSR36_c5,-22,BSR36_ch4,0.072445176
BUT14DIOL_1,-1,BUT14DIOL_B1,1,BUT14DIOL_B2,0.00023904
BUT14DIOL_2,-1,BUT14DIOL_B1,1,BUT14DIOL_B3,0.000478081
BUT14DIOL_3,-1,BUT14DIOL_B1,1,BUT14DIOL_B4,0.002087619
BUT14DIOL_4,-1,BUT14DIOL_B1,1,BUT14DIOL_B5,0.002294788
BUT14DIOL_5,-1,BUT14DIOL_B1,1,BUT14DIOL_B6,0.002740997
BUT14DIOL_6,-1,BUT14DIOL_B1,1,BUT14DIOL_B7,0.003298757
BUT14DIOL_7,-1,BUT14DIOL_B1,1,BUT14DIOL_B8,0.002820677
BUT14DIOL_8,-1,BUT14DIOL_B1,1,BUT14DIOL_B9,0.003585606
BUT14DIOL_9,-1,BUT14DIOL_B1,1,BUT14DIOL_B10,0.003235013
BUT14DIOL_10,-1,BUT14DIOL_B1,1,BUT14DIOL_B11,0.003346566
BUT14DIOL_11,-1,BUT14DIOL_B1,1,BUT14DIOL_B12,0.003187205
BUT14DIOL_12,-1,BUT14DIOL_B1,1,BUT14DIOL_B13,0.003426246
BUT14DIOL_13,-1,BUT14DIOL_B1,1,BUT14DIOL_B14,0.003537798
BUT14DIOL_14,-1,BUT14DIOL_B1,1,BUT14DIOL_B15,0.003856518
BUT14DIOL_15,-1,BUT14DIOL_B1,1,BUT14DIOL_B16,0.003553734
BUT14DIOL_16,-1,BUT14DIOL_B1,1,BUT14DIOL_B17,0.003585606
BUT14DIOL_17,-1,BUT14DIOL_B1,1,BUT14DIOL_B18,0.004111495
BUT14DIOL_18,-1,BUT14DIOL_B1,1,BUT14DIOL_B19,0.004127431
BUT14DIOL_19,-1,BUT14DIOL_B1,1,BUT14DIOL_B20,0.004191175
BUT14DIOL_20,-1,BUT14DIOL_B1,1,BUT14DIOL_B21,0.003952135
BUT14DIOL_21,-1,BUT14DIOL_B1,1,BUT14DIOL_B22,0.004366471
BUT14DIOL_22,-1,BUT14DIOL_B1,1,BUT14DIOL_B23,0.004063687
BUT14DIOL_23,-1,BUT14DIOL_B1,1,BUT14DIOL_B24,0.004031815
BUT14DIOL_24,-1,BUT14DIOL_B1,1,BUT14DIOL_B25,0.004334599
BUT14DIOL_25,-1,BUT14DIOL_B1,1,BUT14DIOL_B26,0.004286791
BUT14DIOL_26,-1,BUT14DIOL_B1,1,BUT14DIOL_B27,0.003968071
BUT14DIOL_27,-1,BUT14DIOL_B1,1,BUT14DIOL_B28,0.004334599
BUT14DIOL_28,-1,BUT14DIOL_B1,1,BUT14DIOL_B29,0.004509895
BUT14DIOL_29,-1,BUT14DIOL_B1,1,BUT14DIOL_B30,0.004541768
BUT14DIOL_30,-1,BUT14DIOL_B1,1,BUT14DIOL_B31,0.004541768
BUT14DIOL_31,-1,BUT14DIOL_B1,1,BUT14DIOL_B32,0.004015879
BUT14DIOL_32,-1,BUT14DIOL_B1,1,BUT14DIOL_B33,0.004191175
BUT14DIOL_33,-1,BUT14DIOL_B1,1,BUT14DIOL_B34,0.004940168
BUT14DIOL_34,-1,BUT14DIOL_B1,1,BUT14DIOL_B35,0.004334599
BUT14DIOL_35,-1,BUT14DIOL_B1,1,BUT14DIOL_B36,0.004509895
BUT14DIOL_36,-1,BUT14DIOL_B1,1,BUT14DIOL_B37,0.004446151
BUT14DIOL_37,-1,BUT14DIOL_B1,1,BUT14DIOL_B38,0.004446151
BUT14DIOL_38,-1,BUT14DIOL_B1,1,BUT14DIOL_B39,0.004876424
BUT14DIOL_39,-1,BUT14DIOL_B1,1,BUT14DIOL_B40,0.004940168
BUT14DIOL_40,-1,BUT14DIOL_B1,1,BUT14DIOL_B41,0.005258889
BUT14DIOL_41,-1,BUT14DIOL_B1,1,BUT14DIOL_B42,0.005019848
BUT14DIOL_42,-1,BUT14DIOL_B1,1,BUT14DIOL_B43,0.005242953
BUT14DIOL_43,-1,BUT14DIOL_B1,1,BUT14DIOL_B44,0.005721033
BUT14DIOL_44,-1,BUT14DIOL_B1,1,BUT14DIOL_B45,0.005067656
BUT14DIOL_45,-1,BUT14DIOL_B1,1,BUT14DIOL_B46,0.005067656
BUT14DIOL_46,-1,BUT14DIOL_B1,1,BUT14DIOL_B47,0.005370441
BUT14DIOL_47,-1,BUT14DIOL_B1,1,BUT14DIOL_B48,0.005497929
BUT14DIOL_48,-1,BUT14DIOL_B1,1,BUT14DIOL_B49,0.005306697
BUT14DIOL_49,-1,BUT14DIOL_B1,1,BUT14DIOL_B50,0.005306697
BUT14DIOL_50,-1,BUT14DIOL_B1,1,BUT14DIOL_B51,0.005370441
BUT14DIOL_51,-1,BUT14DIOL_B1,1,BUT14DIOL_B52,0.005752906
BUT14DIOL_52,-1,BUT14DIOL_B1,1,BUT14DIOL_B53,0.005450121
BUT14DIOL_53,-1,BUT14DIOL_B1,1,BUT14DIOL_B54,0.005019848
BUT14DIOL_54,-1,BUT14DIOL_B1,1,BUT14DIOL_B55,0.005274825
BUT14DIOL_55,-1,BUT14DIOL_B1,1,BUT14DIOL_B56,0.005497929
BUT14DIOL_56,-1,BUT14DIOL_B1,1,BUT14DIOL_B57,0.005290761
BUT14DIOL_57,-1,BUT14DIOL_B1,1,BUT14DIOL_B58,0.005689161
BUT14DIOL_58,-1,BUT14DIOL_B1,1,BUT14DIOL_B59,0.005609481
BUT14DIOL_59,-1,BUT14DIOL_B1,1,BUT14DIOL_B60,0.005577609
BUT14DIOL_60,-1,BUT14DIOL_B1,1,BUT14DIOL_B61,0.00581665
BUT14DIOL_61,-1,BUT14DIOL_B1,1,BUT14DIOL_B62,0.006023818
BUT14DIOL_62,-1,BUT14DIOL_B1,1,BUT14DIOL_B63,0.006613451
BUT14DIOL_63,-1,BUT14DIOL_B1,1,BUT14DIOL_B64,0.006868427
BUT14DIOL_64,-1,BUT14DIOL_B1,1,BUT14DIOL_B65,0.007489932
C60ISO_1,-1,C60ISO_1,1,C60ISO_2,0.059600739
C60ISO_2,-1,C60ISO_1,1,C60ISO_3,0.090628182
C60ISO_3,-1,C60ISO_1,1,C60ISO_4,0.090660054
C60ISO_4,-1,C60ISO_1,1,C60ISO_5,0.111376889
C60ISO_5,-1,C60ISO_1,1,C60ISO_6,0.160125193
C60ISO_6,-1,C60ISO_1,1,C60ISO_7,0.178037287
C60ISO_7,-1,C60ISO_1,1,C60ISO_8,0.226578424
C60ISO_8,-1,C60ISO_1,1,C60ISO_9,0.229415036
C60ISO_9,-1,C60ISO_1,1,C60ISO_10,0.262753204
CARBHB12_1,-1,CARBHB12_1O,1,CARBHB12_1O_A,1,CARBHB12_1O_B,0.008557646
CARBHB12_2,-1,CARBHB12_2O,1,CARBHB12_2O_A,1,CARBHB12_2O_B,0.009636515
CARBHB12_3,-1,CARBHB12_3O,1,CARBHB12_3O_A,1,CARBHB12_3O_B,0.003858112
CARBHB12_4,-1,CARBHB12_4O,1,CARBHB12_4O_A,1,CARBHB12_4O_B,0.015883438
CARBHB12_5,-1,CARBHB12_1N,1,CARBHB12_1N_A,1,CARBHB12_1N_B,0.003756121
CARBHB12_6,-1,CARBHB12_2N,1,CARBHB12_2N_A,1,CARBHB12_2N_B,0.004814274
CARBHB12_7,-1,CARBHB12_3N,1,CARBHB12_3N_A,1,CARBHB12_3N_B,0.001920291
CARBHB12_8,-1,CARBHB12_4N,1,CARBHB12_4N_A,1,CARBHB12_4N_B,0.006656478
CARBHB12_9,-1,CARBHB12_1CL,1,CARBHB12_1CL_A,1,CARBHB12_1CL_B,0.012492251
CARBHB12_10,-1,CARBHB12_2CL,1,CARBHB12_2CL_A,1,CARBHB12_2CL_B,0.016705736
CARBHB12_11,-1,CARBHB12_3CL,1,CARBHB12_3CL_A,1,CARBHB12_3CL_B,0.005164866
CARBHB12_12,-1,CARBHB12_4CL,1,CARBHB12_4CL_A,1,CARBHB12_4CL_B,0.025969349
CDIE20_1,-1,CDIE20_R20,1,CDIE20_P20,-0.005258889
CDIE20_2,-1,CDIE20_R21,1,CDIE20_P20,0.007011852
CDIE20_3,-1,CDIE20_R22,1,CDIE20_P22,-0.009402256
CDIE20_4,-1,CDIE20_R25,1,CDIE20_P25,-0.007649293
CDIE20_5,-1,CDIE20_R26,1,CDIE20_P26,-0.003984007
CDIE20_6,-1,CDIE20_R28,1,CDIE20_P26,0.006374411
CDIE20_7,-1,CDIE20_R29,1,CDIE20_P25,0.007171212
CDIE20_8,-1,CDIE20_R40,1,CDIE20_P40,0.002709124
CDIE20_9,-1,CDIE20_R43,1,CDIE20_P43,0.004621448
CDIE20_10,-1,CDIE20_R44,1,CDIE20_P44,0.00589633
CDIE20_11,-1,CDIE20_R45,1,CDIE20_P45,0.001912323
CDIE20_12,-1,CDIE20_R46,1,CDIE20_P46,0.00589633
CDIE20_13,-1,CDIE20_R47,1,CDIE20_P47,0.00605569
CDIE20_14,-1,CDIE20_R48,1,CDIE20_P48,0.007011852
CDIE20_15,-1,CDIE20_R49,1,CDIE20_P49,0.006693131
CDIE20_16,-1,CDIE20_R51,1,CDIE20_P51,0.002549764
CDIE20_17,-1,CDIE20_R52,1,CDIE20_P52,0.006693131
CDIE20_18,-1,CDIE20_R56,1,CDIE20_P56,0.009402256
CDIE20_19,-1,CDIE20_R57,1,CDIE20_P51,0.009242895
CDIE20_20,-1,CDIE20_R60,1,CDIE20_P60,0.013704983
CHB6_1,1,CHB6_22,-1,CHB6_22A,-1,CHB6_22B,-0.054867739
CHB6_2,1,CHB6_23,-1,CHB6_23A,-1,CHB6_23B,-0.037975551
CHB6_3,1,CHB6_24,-1,CHB6_24A,-1,CHB6_24B,-0.028413935
CHB6_4,1,CHB6_25,-1,CHB6_25A,-1,CHB6_25B,-0.062293927
CHB6_5,1,CHB6_26,-1,CHB6_26A,-1,CHB6_26B,-0.040844036
CHB6_6,1,CHB6_27,-1,CHB6_27A,-1,CHB6_27B,-0.031712693
DARC_1,-1,DARC_ethene,-1,DARC_butadiene,1,DARC_P1,-0.07234956
DARC_2,-1,DARC_ethine,-1,DARC_butadiene,1,DARC_P2,-0.096891041
DARC_3,-1,DARC_ethene,-1,DARC_cpdiene,1,DARC_P3,-0.047648719
DARC_4,-1,DARC_ethine,-1,DARC_cpdiene,1,DARC_P4,-0.053545049
DARC_5,-1,DARC_ethene,-1,DARC_chdiene,1,DARC_P5,-0.059919459
DARC_6,-1,DARC_ethine,-1,DARC_chdiene,1,DARC_P6,-0.078086529
DARC_7,-1,DARC_furane,-1,DARC_malein,1,DARC_P7,-0.022310437
DARC_8,-1,DARC_furane,-1,DARC_malein,1,DARC_P7X,-0.025338282
DARC_9,-1,DARC_furane,-1,DARC_maleinNH,1,DARC_P8,-0.026772524
DARC_10,-1,DARC_furane,-1,DARC_maleinNH,1,DARC_P8X,-0.03011909
DARC_11,-1,DARC_cpdiene,-1,DARC_malein,1,DARC_P9,-0.050517204
DARC_12,-1,DARC_cpdiene,-1,DARC_malein,1,DARC_P9X,-0.051314005
DARC_13,-1,DARC_cpdiene,-1,DARC_maleinNH,1,DARC_P10,-0.05450121
DARC_14,-1,DARC_cpdiene,-1,DARC_maleinNH,1,DARC_P10X,-0.055138651
DC13_1,1,DC13_ISO_E36,-1,DC13_ISO_P36,-0.001593603
DC13_2,-1,DC13_c20cage,1,DC13_c20bowl,-0.01227074
DC13_3,1,DC13_heptatriyne,-1,DC13_heptahexaene,-0.02422276
DC13_4,-2,DC13_tmethen,1,DC13_omcb,-0.02995973
DC13_5,1,DC13_ISO_E35,-1,DC13_ISO_P35,-0.0364935
DC13_6,-1,DC13_carbooxo2,1,DC13_carbooxo1,-0.040955588
DC13_7,-1,DC13_ethen,-1,DC13_ch2n2,1,DC13_13dip,-0.061991143
DC13_8,1,DC13_be4,-4,DC13_be,-0.146611443
DC13_9,-4,DC13_s2,1,DC13_s8,-0.16892188
DC13_10,-1,DC13_ISO_C8H8_1,1,DC13_ISO_C8H8_41,0.175168802
DC13_11,-1,DC13_o3,-1,DC13_c2h2,1,DC13_o3_c2h2_add,-0.104062252
DC13_12,-1,DC13_o3,-1,DC13_c2h4,1,DC13_o3_c2h4_add,-0.093544475
DC13_13,-1,DC13_C6Cl6,-6,DC13_HCL,1,DC13_C6H6,6,DC13_CL2,0.243183763
DIPCS10_1,-1,DIPCS10_c4h4,1,DIPCS10_c4h4_2+,0.843334518
DIPCS10_2,-1,DIPCS10_c2h6,1,DIPCS10_c2h6_2+,1.063092322
DIPCS10_3,-1,DIPCS10_c2h4,1,DIPCS10_c2h4_2+,1.045084612
DIPCS10_4,-1,DIPCS10_n2h2,1,DIPCS10_n2h2_2+,0.999029496
DIPCS10_5,-1,DIPCS10_nh3,1,DIPCS10_nh3_2+,1.237432451
DIPCS10_6,-1,DIPCS10_ch2o,1,DIPCS10_ch2o_2+,1.191377335
DIPCS10_7,-1,DIPCS10_h2s,1,DIPCS10_h2s_2+,1.168110736
DIPCS10_8,-1,DIPCS10_ph3,1,DIPCS10_ph3_2+,1.035204276
DIPCS10_9,-1,DIPCS10_mg,1,DIPCS10_mg_2+,0.832019939
DIPCS10_10,-1,DIPCS10_be,1,DIPCS10_be_2+,1.011618957
FH51_1,-1,FH51_C6H12O,-2,FH51_H2O2,1,FH51_ethyl-g-butyrolactone,3,FH51_H2O,-0.240331214
FH51_2,-1,FH51_C4H9NH2,-3,FH51_H2O2,1,FH51_C4H9NO2,4,FH51_H2O,-0.230084349
FH51_3,-1,FH51_C4H9CHO,-1,FH51_H2O2,1,FH51_C4H9CO2H,1,FH51_H2O,-0.142388396
FH51_4,-1,FH51_C4H9SO2H,-1,FH51_H2O2,1,FH51_C4H9SO3H,1,FH51_H2O,-0.131551898
FH51_5,-1,FH51_trans-2-pentene,-1,FH51_H2O2,1,FH51_pentanediol,-0.125113743
FH51_6,-1,FH51_toluene,-3,FH51_H2,1,FH51_methylcyclohexane,-0.106707633
FH51_7,-1,FH51_pentanol,-1,FH51_H2O2,1,FH51_C4H9CHO,2,FH51_H2O,-0.101815273
FH51_8,-1,FH51_C2H5O_2,1,FH51_C2H4OH_2,-0.093273563
FH51_9,-1,FH51_3-hexene,-1,FH51_H2O2,1,FH51_diethyloxirane,1,FH51_H2O,-0.090261654
FH51_10,-1,FH51_S_C2H5_2,-1,FH51_H2O2,1,FH51_OS_C2H5_2,1,FH51_H2O,-0.0842219
FH51_11,-1,FH51_ax-methylcyclohexene,1,FH51_eq-methylcyclohexene,-0.083823499
FH51_12,-1,FH51_hexyne,-1,FH51_H2,1,FH51_1-hexene,-0.074453115
FH51_13,-1,FH51_2-pentyne,-1,FH51_H2,1,FH51_trans-2-pentene,-0.07142527
FH51_14,-1,FH51_2-pentyne,-1,FH51_H2,1,FH51_cis-2-pentene,-0.069592627
FH51_15,-1,FH51_2-pentyne,-1,FH51_HCN,1,FH51_C2H5CCNCHCH3,-0.068349617
FH51_16,-1,FH51_1-hexene,-1,FH51_H2,1,FH51_n-hexane,-0.059090786
FH51_17,-1,FH51_1-pentyne,-1,FH51_H2O,1,FH51_C4H9CHO,-0.05566454
FH51_18,-2,FH51_C3H7NH2,-1,FH51_COCl2,1,FH51_CO_2NHC3H7_2,2,FH51_HCl,-0.051744278
FH51_19,-1,FH51_eq-methylcyclohexene,-1,FH51_H2,1,FH51_methylcyclohexane,-0.051154645
FH51_20,-1,FH51_trans-2-pentene,-1,FH51_Cl2,1,FH51_C2H5CClCHCH3,1,FH51_HCl,-0.049752274
FH51_21,-1,FH51_2-pentyne,-1,FH51_HCl,1,FH51_C2H5CClCHCH3,-0.047776207
FH51_22,-1,FH51_1-pentene,-1,FH51_ethene,1,FH51_Heptene,-0.041178692
FH51_23,-1,FH51_C4H9CHO,-1,FH51_H2,1,FH51_pentanol,-0.037401854
FH51_24,-1,FH51_dimethyloxirane,-1,FH51_H2O,1,FH51_butanediol,-0.035776379
FH51_25,-1,FH51_methylpyridine,-1,FH51_H2,1,FH51_dimethylpyrrole,-0.032302326
FH51_26,-1,FH51_C4H9NCO,-1,FH51_NH3,1,FH51_C4H9NHCONH2,-0.031425844
FH51_27,-1,FH51_C3H7CN,-1,FH51_H2O,1,FH51_C3H7CONH2,-0.030820275
FH51_28,-1,FH51_propylfuran,-1,FH51_H2S,1,FH51_propylthiophene,1,FH51_H2O,-0.030995571
FH51_29,-1,FH51_diethylamine,-1,FH51_CO,1,FH51_HCON_C2H5_2,-0.02771275
FH51_30,-1,FH51_C3H7NCO,-1,FH51_H2O,1,FH51_C3H7NH2,1,FH51_CO2,-0.027059373
FH51_31,-1,FH51_C3H7CO2C2H3,1,FH51_ethyl-g-butyrolactone,-0.025720747
FH51_32,-1,FH51_H2C-C5-CH2,1,FH51_heptatriyne,-0.022788518
FH51_33,-1,FH51_methylpyrazole,1,FH51_methylimidazole,-0.020939939
FH51_34,-1,FH51_1-pentene,-1,FH51_H2O,1,FH51_pentanol,-0.018613279
FH51_35,-1,FH51_methylfuran,-1,FH51_NH3,1,FH51_methylpyrrole,1,FH51_H2O,-0.017051548
FH51_36,-1,FH51_C3H7CHCO,-1,FH51_H2CO,1,FH51_propyloxirane,1,FH51_CO,-0.014963929
FH51_37,-1,FH51_pentanol,-1,FH51_CO,1,FH51_HCO2C5H11,-0.013593431
FH51_38,-1,FH51_C3H7S_2,-1,FH51_H2,2,FH51_C3H7SH,-0.010565586
FH51_39,1,FH51_pentadiene,1,FH51_ethene,-1,FH51_ax-methylcyclohexene,-0.010597458
FH51_40,-1,FH51_hexandione,1,FH51_methyl-d-valerolactone,-0.010278737
FH51_41,-1,FH51_C2H5CO2H,-1,FH51_methanol,1,FH51_C2H5CO2CH3,1,FH51_H2O,-0.008143309
FH51_42,-1,FH51_C4H9ONO,1,FH51_C4H9NO2,-0.005179209
FH51_43,-1,FH51_n-hexane,1,FH51_neo-hexane,-0.004207111
FH51_44,-1,FH51_methylcyclohexa-1-4-diene,1,FH51_methylcyclohexa-1-3-diene,-0.003952135
FH51_45,-1,FH51_1-pentene,1,FH51_trans-2-pentene,-0.003362502
FH51_46,-1,FH51_toluene,-1,FH51_H2,1,FH51_methylcyclohexa-1-3-diene,-0.002342596
FH51_47,-1,FH51_cis-2-pentene,1,FH51_trans-2-pentene,-0.001832643
FH51_48,-1,FH51_3-methylpentane,1,FH51_dimethylbutane,-0.001370498
FH51_49,-1,FH51_C2H5CO2H,-1,FH51_NH3,1,FH51_C2H5CONH2,1,FH51_H2O,-0.000685249
FH51_50,-1,FH51_n-nonane,1,FH51_tetramethylpentane,-0.000653377
FH51_51,-1,FH51_C3H7CO2H,-1,FH51_NH3,1,FH51_C3H7CONH2,1,FH51_H2O,-0.000286848
G21EA_1,1,G21EA_EA_c,-1,G21EA_EA_c-,0.046533197
G21EA_2,1,G21EA_EA_o,-1,G21EA_EA_o-,0.053704409
G21EA_3,1,G21EA_EA_f,-1,G21EA_EA_f-,0.124938447
G21EA_4,1,G21EA_EA_si,-1,G21EA_EA_si-,0.051154645
G21EA_5,1,G21EA_EA_p,-1,G21EA_EA_p-,0.027569326
G21EA_6,1,G21EA_EA_s,-1,G21EA_EA_s-,0.076492927
G21EA_7,1,G21EA_EA_cl,-1,G21EA_EA_cl-,0.133065821
G21EA_8,1,G21EA_EA_8n,-1,G21EA_EA_8,0.044461514
G21EA_9,1,G21EA_EA_9n,-1,G21EA_EA_9,0.021354275
G21EA_10,1,G21EA_EA_10n,-1,G21EA_EA_10,0.001912323
G21EA_11,1,G21EA_EA_11n,-1,G21EA_EA_11,0.013226902
G21EA_12,1,G21EA_EA_12n,-1,G21EA_EA_12,0.026772524
G21EA_13,1,G21EA_EA_13n,-1,G21EA_EA_13,0.06645323
G21EA_14,1,G21EA_EA_14n,-1,G21EA_EA_14,0.046692557
G21EA_15,1,G21EA_EA_15n,-1,G21EA_EA_15,0.039999426
G21EA_16,1,G21EA_EA_16n,-1,G21EA_EA_16,0.050039123
G21EA_17,1,G21EA_EA_17n,-1,G21EA_EA_17,0.037449662
G21EA_18,1,G21EA_EA_18n,-1,G21EA_EA_18,0.045895756
G21EA_19,1,G21EA_EA_19n,-1,G21EA_EA_19,0.086373263
G21EA_20,1,G21EA_EA_20n,-1,G21EA_EA_20,0.015139225
G21EA_21,1,G21EA_EA_21n,-1,G21EA_EA_21,-0.000318721
G21EA_22,1,G21EA_EA_22n,-1,G21EA_EA_22,0.142627436
G21EA_23,1,G21EA_EA_23n,-1,G21EA_EA_23,0.039680706
G21EA_24,1,G21EA_EA_24n,-1,G21EA_EA_24,0.0605569
G21EA_25,1,G21EA_EA_25n,-1,G21EA_EA_25,0.087170064
G21IP_1,-1,G21IP_h,0.501825472
G21IP_2,1,G21IP_li+,-1,G21IP_li,0.196491206
G21IP_3,1,G21IP_be+,-1,G21IP_be,0.342465208
G21IP_4,1,G21IP_b+,-1,G21IP_b,0.303421943
G21IP_5,1,G21IP_c+,-1,G21IP_c,0.413699246
G21IP_6,1,G21IP_n+,-1,G21IP_n,0.534334966
G21IP_7,1,G21IP_o+,-1,G21IP_o,0.500072509
G21IP_8,1,G21IP_f+,-1,G21IP_f,0.640150181
G21IP_9,1,G21IP_na+,-1,G21IP_na,0.188841913
G21IP_10,1,G21IP_mg+,-1,G21IP_mg,0.280952146
G21IP_11,1,G21IP_al+,-1,G21IP_al,0.219917165
G21IP_12,1,G21IP_si+,-1,G21IP_si,0.299597297
G21IP_13,1,G21IP_p+,-1,G21IP_p,0.385492479
G21IP_14,1,G21IP_s+,-1,G21IP_s,0.380871031
G21IP_15,1,G21IP_cl+,-1,G21IP_cl,0.47664655
G21IP_16,1,G21IP_IP_59,-1,G21IP_8,0.472246613
G21IP_17,1,G21IP_IP_60,-1,G21IP_11,0.375596207
G21IP_18,1,G21IP_IP_61,-1,G21IP_12,0.479542126
G21IP_19,1,G21IP_IP_62,-1,G21IP_13,0.466364626
G21IP_20,1,G21IP_IP_63,-1,G21IP_14,0.59172219
G21IP_21,1,G21IP_IP_64,-1,G21IP_18,0.406985398
G21IP_22,1,G21IP_IP_65,-1,G21IP_IP_n65,0.373073534
G21IP_23,1,G21IP_IP_66,-1,G21IP_19,0.360739049
G21IP_24,1,G21IP_IP_67,-1,G21IP_20,0.363057741
G21IP_25,1,G21IP_IP_68,-1,G21IP_137,0.381349112
G21IP_26,1,G21IP_IP_70,-1,G21IP_22,0.46925064
G21IP_27,1,G21IP_IP_71,-1,G21IP_25,0.421643355
G21IP_28,1,G21IP_IP_72,-1,G21IP_26,0.388375306
G21IP_29,1,G21IP_IP_73,-1,G21IP_30,0.514711343
G21IP_30,1,G21IP_IP_74,-1,G21IP_34,0.572685013
G21IP_31,1,G21IP_IP_75,-1,G21IP_37,0.442586481
G21IP_32,1,G21IP_IP_76,-1,G21IP_43,0.387012776
G21IP_33,1,G21IP_IP_77,-1,G21IP_44,0.343799053
G21IP_34,1,G21IP_IP_78,-1,G21IP_45,0.422436969
G21IP_35,1,G21IP_IP_79,-1,G21IP_51,0.464852297
G21IP_36,1,G21IP_IP_80,-1,G21IP_48,0.416174111
G2RC_1,-1,G2RC_118,1,G2RC_117,1,G2RC_13,-0.003553734
G2RC_2,-1,G2RC_40,-1,G2RC_1,1,G2RC_104,-0.003601542
G2RC_3,-1,G2RC_113,1,G2RC_30,1,G2RC_8,-0.003474054
G2RC_4,-1,G2RC_52,-1,G2RC_1,2,G2RC_18,-0.006533771
G2RC_5,-1,G2RC_30,-1,G2RC_13,1,G2RC_40,1,G2RC_1,-0.011314579
G2RC_6,-1,G2RC_128,-1,G2RC_13,1,G2RC_126,1,G2RC_22,-0.017051548
G2RC_7,-1,G2RC_100,-1,G2RC_13,1,G2RC_106,-0.031027443
G2RC_8,-1,G2RC_25,-1,G2RC_14,1,G2RC_121,-0.042979463
G2RC_9,-1,G2RC_39,-1,G2RC_45,2,G2RC_51,-0.043505352
G2RC_10,-1,G2RC_58,-1,G2RC_59,1,G2RC_57,1,G2RC_60,-0.043266312
G2RC_11,-1,G2RC_67,-1,G2RC_61,1,G2RC_66,1,G2RC_62,-0.03966477
G2RC_12,-1,G2RC_32,-1,G2RC_1,1,G2RC_33,-0.046947534
G2RC_13,-1,G2RC_25,-1,G2RC_26,1,G2RC_88,-0.052126742
G2RC_14,-1,G2RC_47,-3,G2RC_1,1,G2RC_18,1,G2RC_13,-0.057879648
G2RC_15,-1,G2RC_34,-3,G2RC_1,2,G2RC_11,-0.062835752
G2RC_16,-1,G2RC_8,-2,G2RC_45,1,G2RC_97,2,G2RC_22,-0.0773216
G2RC_17,-1,G2RC_25,-1,G2RC_1,1,G2RC_26,-0.07840525
G2RC_18,-1,G2RC_56,-3,G2RC_1,1,G2RC_21,2,G2RC_13,-0.098277475
G2RC_19,-1,G2RC_30,-3,G2RC_1,1,G2RC_13,1,G2RC_8,-0.103823212
G2RC_20,-1,G2RC_73,-1,G2RC_1,1,G2RC_39,1,G2RC_13,-0.109799222
G2RC_21,-1,G2RC_68,-1,G2RC_1,1,G2RC_34,1,G2RC_13,-0.129416471
G2RC_22,-1,G2RC_26,-1,G2RC_6,1,G2RC_82,-0.173877984
G2RC_23,-1,G2RC_1,-1,G2RC_39,2,G2RC_14,-0.215773798
G2RC_24,-3,G2RC_25,1,G2RC_94,-0.245478551
G2RC_25,-1,G2RC_23,-1,G2RC_39,2,G2RC_24,-0.344393467
HAL59_1,-1,HAL59_PCH_PhBr,1,HAL59_PCH,1,HAL59_PhBr,0.001354562
HAL59_2,-1,HAL59_NCH_PhBr,1,HAL59_NCH,1,HAL59_PhBr,0.001832643
HAL59_3,-1,HAL59_NH3_PhBr,1,HAL59_NH3,1,HAL59_PhBr,0.003219077
HAL59_4,-1,HAL59_MeI_PCH,1,HAL59_MeI,1,HAL59_PCH,0.001354562
HAL59_5,-1,HAL59_MeI_NCH,1,HAL59_MeI,1,HAL59_NCH,0.002262916
HAL59_6,-1,HAL59_MeI_NH3,1,HAL59_MeI,1,HAL59_NH3,0.004350535
HAL59_7,-1,HAL59_PCH_PhI,1,HAL59_PCH,1,HAL59_PhI,0.001466114
HAL59_8,-1,HAL59_NCH_PhI,1,HAL59_NCH,1,HAL59_PhI,0.002980037
HAL59_9,-1,HAL59_NH3_PhI,1,HAL59_NH3,1,HAL59_PhI,0.005306697
HAL59_10,-1,HAL59_PCH_F3CI,1,HAL59_PCH,1,HAL59_F3CI,0.001418306
HAL59_11,-1,HAL59_NCH_F3CI,1,HAL59_NCH,1,HAL59_F3CI,0.005752906
HAL59_12,-1,HAL59_NH3_F3CI,1,HAL59_NH3,1,HAL59_F3CI,0.009370384
HAL59_13,-1,HAL59_BrBr_PCH,1,HAL59_BrBr,1,HAL59_PCH,0.001880451
HAL59_14,-1,HAL59_BrBr_NCH,1,HAL59_BrBr,1,HAL59_NCH,0.005752906
HAL59_15,-1,HAL59_BrBr_NH3,1,HAL59_BrBr,1,HAL59_NH3,0.011617363
HAL59_16,-1,HAL59_PCH_NBS,1,HAL59_PCH,1,HAL59_NBS,0.001896387
HAL59_17,-1,HAL59_NCH_NBS,1,HAL59_NCH,1,HAL59_NBS,0.006884363
HAL59_18,-1,HAL59_NH3_NBS,1,HAL59_NH3,1,HAL59_NBS,0.012780693
HAL59_19,-1,HAL59_PCH_FCl,1,HAL59_PCH,1,HAL59_FCl,0.001848579
HAL59_20,-1,HAL59_NCH_FCl,1,HAL59_NCH,1,HAL59_FCl,0.007665229
HAL59_21,-1,HAL59_NH3_FCl,1,HAL59_NH3,1,HAL59_FCl,0.016796572
HAL59_22,-1,HAL59_PCH_NIS,1,HAL59_PCH,1,HAL59_NIS,0.002438212
HAL59_23,-1,HAL59_NCH_NIS,1,HAL59_NCH,1,HAL59_NIS,0.009418192
HAL59_24,-1,HAL59_NH3_NIS,1,HAL59_NH3,1,HAL59_NIS,0.017513693
HAL59_25,-1,HAL59_PCH_FBr,1,HAL59_PCH,1,HAL59_FBr,0.003298757
HAL59_26,-1,HAL59_NCH_FBr,1,HAL59_NCH,1,HAL59_FBr,0.011999828
HAL59_27,-1,HAL59_NH3_FBr,1,HAL59_NH3,1,HAL59_FBr,0.02438212
HAL59_28,-1,HAL59_FI_PCH,1,HAL59_FI,1,HAL59_PCH,0.004366471
HAL59_29,-1,HAL59_FI_NCH,1,HAL59_FI,1,HAL59_NCH,0.014868313
HAL59_30,-1,HAL59_FI_NH3,1,HAL59_FI,1,HAL59_NH3,0.027266541
HAL59_31,-1,HAL59_MeI_FCCH,1,HAL59_MeI,1,HAL59_FCCH,0.000796801
HAL59_32,-1,HAL59_BrBr_FCCH,1,HAL59_BrBr,1,HAL59_FCCH,0.001179266
HAL59_33,-1,HAL59_FI_FCCH,1,HAL59_FI,1,HAL59_FCCH,0.000462145
HAL59_34,-1,HAL59_MeI_FMe,1,HAL59_MeI,1,HAL59_FMe,0.002709124
HAL59_35,-1,HAL59_BrBr_FMe,1,HAL59_BrBr,1,HAL59_FMe,0.00457364
HAL59_36,-1,HAL59_FI_FMe,1,HAL59_FI,1,HAL59_FMe,0.009513808
HAL59_37,-1,HAL59_MeI_OCH2,1,HAL59_MeI,1,HAL59_OCH2,0.00380871
HAL59_38,-1,HAL59_BrBr_OCH2,1,HAL59_BrBr,1,HAL59_OCH2,0.007027788
HAL59_39,-1,HAL59_FI_OCH2,1,HAL59_FI,1,HAL59_OCH2,0.01584041
HAL59_40,-1,HAL59_MeI_OPH3,1,HAL59_MeI,1,HAL59_OPH3,0.005322633
HAL59_41,-1,HAL59_BrBr_OPH3,1,HAL59_BrBr,1,HAL59_OPH3,0.009481936
HAL59_42,-1,HAL59_FI_OPH3,1,HAL59_FI,1,HAL59_OPH3,0.021290531
HAL59_43,-1,HAL59_MeI_pyr,1,HAL59_MeI,1,HAL59_pyr,0.005752906
HAL59_44,-1,HAL59_BrBr_pyr,1,HAL59_BrBr,1,HAL59_pyr,0.014453976
HAL59_45,-1,HAL59_FI_pyr,1,HAL59_FI,1,HAL59_pyr,0.032413878
HAL59_46,1,HAL59_11_benF3-benA,1,HAL59_11_benF3-benB,-1,HAL59_11_benF3-benAB,0.007011852
HAL59_47,1,HAL59_12_benF6-benA,1,HAL59_12_benF6-benB,-1,HAL59_12_benF6-benAB,0.009752848
HAL59_48,1,HAL59_19_benCl-acetoneA,1,HAL59_19_benCl-acetoneB,-1,HAL59_19_benCl-acetoneAB,0.002374468
HAL59_49,1,HAL59_20_benBr-acetoneA,1,HAL59_20_benBr-acetoneB,-1,HAL59_20_benBr-acetoneAB,0.003872454
HAL59_50,1,HAL59_21_benI-acetoneA,1,HAL59_21_benI-acetoneB,-1,HAL59_21_benI-acetoneAB,0.005513865
HAL59_51,1,HAL59_22_benCl-Nm3A,1,HAL59_22_benCl-Nm3B,-1,HAL59_22_benCl-Nm3AB,0.003362502
HAL59_52,1,HAL59_23_benBr-Nm3A,1,HAL59_23_benBr-Nm3B,-1,HAL59_23_benBr-Nm3AB,0.006023818
HAL59_53,1,HAL59_24_benI-Nm3A,1,HAL59_24_benI-Nm3B,-1,HAL59_24_benI-Nm3AB,0.009258831
HAL59_54,1,HAL59_25_benBr-mSHA,1,HAL59_25_benBr-mSHB,-1,HAL59_25_benBr-mSHAB,0.003697158
HAL59_55,1,HAL59_26_benI-mSHA,1,HAL59_26_benI-mSHB,-1,HAL59_26_benI-mSHAB,0.004908296
HAL59_56,1,HAL59_27_CH3Br-benA,1,HAL59_27_CH3Br-benB,-1,HAL59_27_CH3Br-benAB,0.002884421
HAL59_57,1,HAL59_28_CH3I-benA,1,HAL59_28_CH3I-benB,-1,HAL59_28_CH3I-benAB,0.003952135
HAL59_58,1,HAL59_29_CF3Br-benA,1,HAL59_29_CF3Br-benB,-1,HAL59_29_CF3Br-benAB,0.004956104
HAL59_59,1,HAL59_30_CF3I-benA,1,HAL59_30_CF3I-benB,-1,HAL59_30_CF3I-benAB,0.006230986
HEAVY28_1,-1,HEAVY28_bih3_2,2,HEAVY28_bih3,0.001848579
HEAVY28_2,-1,HEAVY28_bih3_h2o,1,HEAVY28_bih3,1,HEAVY28_h2o,0.003968071
HEAVY28_3,-1,HEAVY28_bih3_h2s,1,HEAVY28_bih3,1,HEAVY28_h2s,0.0021673
HEAVY28_4,-1,HEAVY28_bih3_hcl,1,HEAVY28_bih3,1,HEAVY28_hcl,0.001227074
HEAVY28_5,-1,HEAVY28_bih3_hbr,1,HEAVY28_bih3,1,HEAVY28_hbr,0.001561731
HEAVY28_6,-1,HEAVY28_bih3_hi,1,HEAVY28_bih3,1,HEAVY28_hi,0.002071683
HEAVY28_7,-1,HEAVY28_bih3_nh3,1,HEAVY28_bih3,1,HEAVY28_nh3,0.000956162
HEAVY28_8,-1,HEAVY28_pbh4_2,2,HEAVY28_pbh4,0.001992003
HEAVY28_9,-1,HEAVY28_pbh4_bih3,1,HEAVY28_pbh4,1,HEAVY28_bih3,0.000876481
HEAVY28_10,-1,HEAVY28_pbh4_h2o,1,HEAVY28_pbh4,1,HEAVY28_h2o,0.000573697
HEAVY28_11,-1,HEAVY28_pbh4_hcl,1,HEAVY28_pbh4,1,HEAVY28_hcl,0.001195202
HEAVY28_12,-1,HEAVY28_pbh4_hbr,1,HEAVY28_pbh4,1,HEAVY28_hbr,0.00148205
HEAVY28_13,-1,HEAVY28_pbh4_hi,1,HEAVY28_pbh4,1,HEAVY28_hi,0.001880451
HEAVY28_14,-1,HEAVY28_pbh4_teh2,1,HEAVY28_pbh4,1,HEAVY28_teh2,0.001035842
HEAVY28_15,-1,HEAVY28_sbh3_2,2,HEAVY28_sbh3,0.002039811
HEAVY28_16,-1,HEAVY28_sbh3_h2o,1,HEAVY28_sbh3,1,HEAVY28_h2o,0.002501956
HEAVY28_17,-1,HEAVY28_sbh3_h2s,1,HEAVY28_sbh3,1,HEAVY28_h2s,0.001689219
HEAVY28_18,-1,HEAVY28_sbh3_hcl,1,HEAVY28_sbh3,1,HEAVY28_hcl,0.003219077
HEAVY28_19,-1,HEAVY28_sbh3_hbr,1,HEAVY28_sbh3,1,HEAVY28_hbr,0.003011909
HEAVY28_20,-1,HEAVY28_sbh3_hi,1,HEAVY28_sbh3,1,HEAVY28_hi,0.002374468
HEAVY28_21,-1,HEAVY28_sbh3_nh3,1,HEAVY28_sbh3,1,HEAVY28_nh3,0.004525832
HEAVY28_22,-1,HEAVY28_teh2_2,2,HEAVY28_teh2,0.000828673
HEAVY28_23,-1,HEAVY28_teh2_h2o,1,HEAVY28_teh2,1,HEAVY28_h2o,0.00108365
HEAVY28_24,-1,HEAVY28_teh2_h2s,1,HEAVY28_teh2,1,HEAVY28_h2s,0.000764929
HEAVY28_25,-1,HEAVY28_teh2_hcl,1,HEAVY28_teh2,1,HEAVY28_hcl,0.001960131
HEAVY28_26,-1,HEAVY28_teh2_hbr,1,HEAVY28_teh2,1,HEAVY28_hbr,0.001944195
HEAVY28_27,-1,HEAVY28_teh2_hi,1,HEAVY28_teh2,1,HEAVY28_hi,0.001274882
HEAVY28_28,-1,HEAVY28_teh2_nh3,1,HEAVY28_teh2,1,HEAVY28_nh3,0.005338569
HEAVYSB11_1,2,HEAVYSB11_geh3,-1,HEAVYSB11_ge2h6,0.117639747
HEAVYSB11_2,2,HEAVYSB11_snme3,-1,HEAVYSB11_sn2me6,0.098389027
HEAVYSB11_3,2,HEAVYSB11_pbme3,-1,HEAVYSB11_pb2me6,0.084333452
HEAVYSB11_4,2,HEAVYSB11_sh,-1,HEAVYSB11_h2s2,0.108125939
HEAVYSB11_5,2,HEAVYSB11_seh,-1,HEAVYSB11_h2se2,0.093018586
HEAVYSB11_6,2,HEAVYSB11_teme,-1,HEAVYSB11_te2me2,0.084317516
HEAVYSB11_7,2,HEAVYSB11_pme2,-1,HEAVYSB11_p2me4,0.098564323
HEAVYSB11_8,2,HEAVYSB11_asme2,-1,HEAVYSB11_as2me4,0.083154186
HEAVYSB11_9,2,HEAVYSB11_sbme2,-1,HEAVYSB11_sb2me4,0.06978386
HEAVYSB11_10,2,HEAVYSB11_cl,-1,HEAVYSB11_cl2,0.095058398
HEAVYSB11_11,2,HEAVYSB11_br,-1,HEAVYSB11_br2,0.084731852
ICONF_1,-1,ICONF_N3H5_1,1,ICONF_N3H5_2,0.001434242
ICONF_2,-1,ICONF_N3H5_1,1,ICONF_N3H5_3,0.008430158
ICONF_3,-1,ICONF_N4H6_1,1,ICONF_N4H6_2,0.000207168
ICONF_4,-1,ICONF_N4H6_1,1,ICONF_N4H6_3,0.003713094
ICONF_5,-1,ICONF_N3P3H12_1,1,ICONF_N3P3H12_2,0.019378208
ICONF_6,-1,ICONF_SI5H12_1,1,ICONF_SI5H12_2,0.00015936
ICONF_7,-1,ICONF_SI5H12_1,1,ICONF_SI5H12_3,0.001641411
ICONF_8,-1,ICONF_SI5H12_1,1,ICONF_SI5H12_4,0.005593545
ICONF_9,-1,ICONF_SI6H12_1,1,ICONF_SI6H12_2,0.002693188
ICONF_10,-1,ICONF_P7H7_1,1,ICONF_P7H7_2,0.002231044
ICONF_11,-1,ICONF_S4O4_1,1,ICONF_S4O4_2,0.006995916
ICONF_12,-1,ICONF_S8_1,1,ICONF_S8_2,0.0145974
ICONF_13,-1,ICONF_H2S2O7_1,1,ICONF_H2S2O7_2,0.000876481
ICONF_14,-1,ICONF_H2S2O7_1,1,ICONF_H2S2O7_3,0.005657289
ICONF_15,-1,ICONF_H4P2O7_1,1,ICONF_H4P2O7_2,0.002119492
ICONF_16,-1,ICONF_H4P2O7_1,1,ICONF_H4P2O7_3,0.005832586
ICONF_17,-1,ICONF_H4P2O7_1,1,ICONF_H4P2O7_4,0.006932171
IDISP_1,1,IDISP_antdimer,-2,IDISP_ant,-0.014581464
IDISP_2,2,IDISP_pxylene,-1,IDISP_pc22,-2,IDISP_h2,-0.096062367
IDISP_3,1,IDISP_octane1,-1,IDISP_octane2,-0.001928259
IDISP_4,1,IDISP_undecan1,-1,IDISP_undecan2,0.014501784
IDISP_5,-1,IDISP_F14f,1,IDISP_F14l,-0.005800714
IDISP_6,-1,IDISP_F22f,1,IDISP_F22l,-0.003123461
IL16_1,1,IL16_008,-1,IL16_008A,-1,IL16_008B,-0.160013641
IL16_2,1,IL16_144,-1,IL16_144A,-1,IL16_144B,-0.192507199
IL16_3,1,IL16_147,-1,IL16_147A,-1,IL16_147B,-0.186308085
IL16_4,1,IL16_148,-1,IL16_148A,-1,IL16_148B,-0.167344213
IL16_5,1,IL16_150,-1,IL16_150A,-1,IL16_150B,-0.16643586
IL16_6,1,IL16_152,-1,IL16_152A,-1,IL16_152B,-0.139312743
IL16_7,1,IL16_187,-1,IL16_187A,-1,IL16_187B,-0.181670701
IL16_8,1,IL16_202,-1,IL16_202A,-1,IL16_202B,-0.180889836
IL16_9,1,IL16_212,-1,IL16_212A,-1,IL16_212B,-0.18312088
IL16_10,1,IL16_213,-1,IL16_213A,-1,IL16_213B,-0.179678698
IL16_11,1,IL16_214,-1,IL16_214A,-1,IL16_214B,-0.166483668
IL16_12,1,IL16_227,-1,IL16_227A,-1,IL16_227B,-0.188347896
IL16_13,1,IL16_228,-1,IL16_228A,-1,IL16_228B,-0.178515368
IL16_14,1,IL16_229,-1,IL16_229A,-1,IL16_229B,-0.169766489
IL16_15,1,IL16_230,-1,IL16_230A,-1,IL16_230B,-0.176858021
IL16_16,1,IL16_231,-1,IL16_231A,-1,IL16_231B,-0.163137102
INV24_1,-1,INV24_H2O,1,INV24_H2O_TS,0.050517204
INV24_2,-1,INV24_H2S,1,INV24_H2S_TS,0.110436663
INV24_3,-1,INV24_SO2,1,INV24_SO2_TS,0.09657232
INV24_4,-1,INV24_Ether,1,INV24_Ether_TS,0.058963298
INV24_5,-1,INV24_Thioether,1,INV24_Thioether_TS,0.118245316
INV24_6,-1,INV24_NMe3,1,INV24_NMe3_TS,0.015457946
INV24_7,-1,INV24_NCl3,1,INV24_NCl3_TS,0.03011909
INV24_8,-1,INV24_PMe3,1,INV24_PMe3_TS,0.068843634
INV24_9,-1,INV24_PCl3,1,INV24_PCl3_TS,0.127010131
INV24_10,-1,INV24_PH2Ph,1,INV24_PH2Ph_TS,0.049720402
INV24_11,-1,INV24_PPh3,1,INV24_PPh3_TS,0.046692557
INV24_12,-1,INV24_Dibenzocycloheptene,1,INV24_Dibenzocycloheptene_TS,0.016414107
INV24_13,-1,INV24_Tetrahelicene,1,INV24_Tetrahelicene_TS,0.007171212
INV24_14,-1,INV24_Pentahelicene,1,INV24_Pentahelicene_TS,0.039361985
INV24_15,-1,INV24_Hexahelicene,1,INV24_Hexahelicene_TS,0.059919459
INV24_16,-1,INV24_Dibenzocarbazole,1,INV24_Dibenzocarbazole_TS,0.006533771
INV24_17,-1,INV24_Methinecyanine,1,INV24_Methinecyanine_TS,0.020876195
INV24_18,-1,INV24_Corannulene,1,INV24_Corannulene_TS,0.01784835
INV24_19,-1,INV24_BN_Corannulene,1,INV24_BN_Corannulene_TS,0.009880336
INV24_20,-1,INV24_Sumanene,1,INV24_Sumanene_TS,0.033943736
INV24_21,-1,INV24_Triazasumanene,1,INV24_Triazasumanene_TS,0.067409392
INV24_22,-1,INV24_BN_Sumanene,1,INV24_BN_Sumanene_TS,0.043345992
INV24_23,-1,INV24_Tetrabenzopyracylene,1,INV24_Tetrabenzopyracylene_TS,0.013386262
INV24_24,-1,INV24_Triindenotriphenylene,1,INV24_Triindenotriphenylene_TS,0.109321141
ISO34_1,-1,ISO34_E1,1,ISO34_P1,0.002374468
ISO34_2,-1,ISO34_E1,1,ISO34_P2,0.037226558
ISO34_3,-1,ISO34_E3,1,ISO34_P3,0.011585491
ISO34_4,-1,ISO34_E4,1,ISO34_P4,0.001689219
ISO34_5,-1,ISO34_E5,1,ISO34_E4,0.001960131
ISO34_6,-1,ISO34_E4,1,ISO34_P6,0.003968071
ISO34_7,-1,ISO34_E7,1,ISO34_P7,0.017768669
ISO34_8,-1,ISO34_E8,1,ISO34_P8,0.035999484
ISO34_9,-1,ISO34_E9,1,ISO34_P9,0.010422161
ISO34_10,-1,ISO34_E10,1,ISO34_P10,0.00605569
ISO34_11,-1,ISO34_E11,1,ISO34_P11,0.002517892
ISO34_12,-1,ISO34_E12,1,ISO34_P12,0.072747961
ISO34_13,-1,ISO34_E13,1,ISO34_P13,0.058724257
ISO34_14,-1,ISO34_E14,1,ISO34_P14,0.039170753
ISO34_15,-1,ISO34_E15,1,ISO34_P15,0.013147222
ISO34_16,-1,ISO34_E16,1,ISO34_P16,0.015967898
ISO34_17,-1,ISO34_E17,1,ISO34_P17,0.045433611
ISO34_18,-1,ISO34_E18,1,ISO34_P18,0.018613279
ISO34_19,-1,ISO34_E19,1,ISO34_E20,0.0072987
ISO34_20,-1,ISO34_E20,1,ISO34_P20,0.02887608
ISO34_21,-1,ISO34_E21,1,ISO34_P21,0.001848579
ISO34_22,-1,ISO34_E22,1,ISO34_E21,0.007410252
ISO34_23,-1,ISO34_E23,1,ISO34_P23,0.008828559
ISO34_24,-1,ISO34_E24,1,ISO34_P24,0.019537568
ISO34_25,-1,ISO34_E25,1,ISO34_P25,0.041656773
ISO34_26,-1,ISO34_E26,1,ISO34_P26,0.027314349
ISO34_27,-1,ISO34_E27,1,ISO34_P27,0.105273391
ISO34_28,-1,ISO34_E28,1,ISO34_P28,0.049816019
ISO34_29,-1,ISO34_E29,1,ISO34_P29,0.020796514
ISO34_30,-1,ISO34_E30,1,ISO34_P30,0.015904154
ISO34_31,-1,ISO34_E31,1,ISO34_P31,0.024270568
ISO34_32,-1,ISO34_E32,1,ISO34_P32,0.010581522
ISO34_33,-1,ISO34_E33,1,ISO34_P33,0.013864343
ISO34_34,-1,ISO34_E34,1,ISO34_P34,0.01078869
ISOL24_1,-1,ISOL24_i1e,1,ISOL24_i1p,0.113161724
ISOL24_2,-1,ISOL24_i2e,1,ISOL24_i2p,0.061353702
ISOL24_3,-1,ISOL24_i3e,1,ISOL24_i3p,0.017035612
ISOL24_4,-1,ISOL24_i4e,1,ISOL24_i4p,0.11000639
ISOL24_5,-1,ISOL24_i5e,1,ISOL24_i5p,0.052716375
ISOL24_6,-1,ISOL24_i6e,1,ISOL24_i6p,0.03889984
ISOL24_7,-1,ISOL24_i7e,1,ISOL24_i7p,0.028493615
ISOL24_8,-1,ISOL24_i8e,1,ISOL24_i8p,0.035123002
ISOL24_9,-1,ISOL24_i9e,1,ISOL24_i9p,0.03360908
ISOL24_10,-1,ISOL24_i10e,1,ISOL24_i10p,0.010342481
ISOL24_11,-1,ISOL24_i11e,1,ISOL24_i11p,0.058803937
ISOL24_12,-1,ISOL24_i12e,1,ISOL24_i12p,0.000669313
ISOL24_13,-1,ISOL24_i13e,1,ISOL24_i13p,0.052620759
ISOL24_14,-1,ISOL24_i14e,1,ISOL24_i14p,0.008477966
ISOL24_15,-1,ISOL24_i15e,1,ISOL24_i15p,0.006597515
ISOL24_16,-1,ISOL24_i16e,1,ISOL24_i16p,0.036652861
ISOL24_17,-1,ISOL24_i17e,1,ISOL24_i17p,0.015665114
ISOL24_18,-1,ISOL24_i18e,1,ISOL24_i18p,0.038469568
ISOL24_19,-1,ISOL24_i19e,1,ISOL24_i19p,0.028748592
ISOL24_20,-1,ISOL24_i20e,1,ISOL24_i20p,0.007920205
ISOL24_21,-1,ISOL24_i21e,1,ISOL24_i21p,0.018963871
ISOL24_22,1,ISOL24_i22e,-1,ISOL24_i22p,0.000223104
ISOL24_23,-1,ISOL24_i23e,1,ISOL24_i23p,0.039218561
ISOL24_24,-1,ISOL24_i24e,1,ISOL24_i24p,0.024541481
MB16-43_1,-2,MB16-43_01,-4,MB16-43_H2,4,MB16-43_BH3,2,MB16-43_N2,2,MB16-43_O2,1,MB16-43_F2,2,MB16-43_NaH,2,MB16-43_AlH3,1,MB16-43_Cl2,1.385792236
MB16-43_2,-2,MB16-43_02,-6,MB16-43_H2,2,MB16-43_LiH,4,MB16-43_BH3,1,MB16-43_O2,1,MB16-43_F2,2,MB16-43_MgH2,2,MB16-43_SiH4,2,MB16-43_S2,1.175738515
MB16-43_3,-2,MB16-43_03,-13,MB16-43_H2,2,MB16-43_LiH,6,MB16-43_CH4,1,MB16-43_O2,1,MB16-43_F2,2,MB16-43_NaH,2,MB16-43_MgH2,2,MB16-43_AlH3,1,MB16-43_S2,0.826534121
MB16-43_4,-2,MB16-43_04,-17,MB16-43_H2,6,MB16-43_BH3,2,MB16-43_CH4,1,MB16-43_O2,1,MB16-43_F2,2,MB16-43_AlH3,4,MB16-43_SiH4,0.568674075
MB16-43_5,-2,MB16-43_05,-4,MB16-43_H2,4,MB16-43_BH3,2,MB16-43_N2,2,MB16-43_SiH4,4,MB16-43_P2,1,MB16-43_Cl2,0.2353477
MB16-43_6,-2,MB16-43_06,-10,MB16-43_H2,6,MB16-43_BH3,2,MB16-43_CH4,1,MB16-43_N2,1,MB16-43_O2,2,MB16-43_MgH2,2,MB16-43_AlH3,0.587233171
MB16-43_7,-2,MB16-43_07,-7,MB16-43_H2,2,MB16-43_BH3,4,MB16-43_CH4,1,MB16-43_N2,1,MB16-43_O2,2,MB16-43_F2,2,MB16-43_MgH2,1,MB16-43_S2,1,MB16-43_Cl2,0.889204139
MB16-43_8,-2,MB16-43_08,-17,MB16-43_H2,2,MB16-43_BeH2,6,MB16-43_BH3,4,MB16-43_CH4,2,MB16-43_O2,2,MB16-43_F2,2,MB16-43_AlH3,1.086772939
MB16-43_9,-2,MB16-43_09,-6,MB16-43_H2,2,MB16-43_LiH,4,MB16-43_BH3,2,MB16-43_CH4,1,MB16-43_F2,2,MB16-43_SiH4,1,MB16-43_Cl2,0.607848015
MB16-43_10,-2,MB16-43_10,-14,MB16-43_H2,2,MB16-43_BH3,6,MB16-43_CH4,1,MB16-43_N2,1,MB16-43_F2,2,MB16-43_MgH2,2,MB16-43_SiH4,1,MB16-43_Cl2,0.073795436
MB16-43_11,-2,MB16-43_11,-12,MB16-43_H2,4,MB16-43_BH3,4,MB16-43_CH4,1,MB16-43_N2,1,MB16-43_O2,1,MB16-43_F2,2,MB16-43_MgH2,2,MB16-43_AlH3,0.469165861
MB16-43_12,-2,MB16-43_12,-11,MB16-43_H2,4,MB16-43_BH3,2,MB16-43_CH4,2,MB16-43_N2,1,MB16-43_O2,1,MB16-43_F2,4,MB16-43_AlH3,1,MB16-43_P2,1,MB16-43_Cl2,0.722005103
MB16-43_13,-2,MB16-43_13,-5,MB16-43_H2,4,MB16-43_CH4,4,MB16-43_N2,2,MB16-43_O2,2,MB16-43_MgH2,2,MB16-43_S2,0.031673012
MB16-43_14,-2,MB16-43_14,-9,MB16-43_H2,2,MB16-43_LiH,4,MB16-43_BH3,1,MB16-43_O2,4,MB16-43_AlH3,2,MB16-43_SiH4,1,MB16-43_Cl2,0.613360924
MB16-43_15,-2,MB16-43_15,-15,MB16-43_H2,4,MB16-43_BH3,2,MB16-43_CH4,2,MB16-43_NaH,2,MB16-43_AlH3,4,MB16-43_SiH4,1,MB16-43_S2,1,MB16-43_Cl2,0.344371316
MB16-43_16,-2,MB16-43_16,-19,MB16-43_H2,2,MB16-43_LiH,6,MB16-43_BH3,1,MB16-43_O2,4,MB16-43_MgH2,2,MB16-43_AlH3,4,MB16-43_SiH4,0.52072034
MB16-43_17,-2,MB16-43_17,-9,MB16-43_H2,4,MB16-43_BH3,2,MB16-43_CH4,1,MB16-43_O2,3,MB16-43_F2,2,MB16-43_MgH2,2,MB16-43_SiH4,1.041567691
MB16-43_18,-2,MB16-43_18,-4,MB16-43_H2,6,MB16-43_BH3,1,MB16-43_N2,1,MB16-43_O2,1,MB16-43_F2,2,MB16-43_AlH3,1,MB16-43_Cl2,0.925661624
MB16-43_19,-2,MB16-43_19,-7,MB16-43_H2,2,MB16-43_LiH,4,MB16-43_BH3,1,MB16-43_O2,1,MB16-43_F2,4,MB16-43_AlH3,2,MB16-43_P2,1,MB16-43_S2,1.059044571
MB16-43_20,-2,MB16-43_20,-11,MB16-43_H2,6,MB16-43_BH3,4,MB16-43_CH4,2,MB16-43_N2,2,MB16-43_F2,1,MB16-43_P2,0.386935486
MB16-43_21,-2,MB16-43_21,-7,MB16-43_H2,2,MB16-43_BH3,2,MB16-43_O2,2,MB16-43_NaH,4,MB16-43_MgH2,4,MB16-43_AlH3,1,MB16-43_Cl2,1.284802768
MB16-43_22,-2,MB16-43_22,-3,MB16-43_H2,6,MB16-43_BH3,2,MB16-43_O2,1,MB16-43_F2,2,MB16-43_MgH2,1,MB16-43_P2,1.125408082
MB16-43_23,-2,MB16-43_23,-20,MB16-43_H2,8,MB16-43_BH3,2,MB16-43_CH4,1,MB16-43_F2,2,MB16-43_MgH2,4,MB16-43_SiH4,1,MB16-43_Cl2,0.343250535
MB16-43_24,-2,MB16-43_24,-8,MB16-43_H2,2,MB16-43_BH3,1,MB16-43_O2,4,MB16-43_F2,2,MB16-43_AlH3,4,MB16-43_SiH4,1,MB16-43_S2,1.706173935
MB16-43_25,-1,MB16-43_25,-5,MB16-43_H2,2,MB16-43_BH3,1,MB16-43_O2,1,MB16-43_F2,1,MB16-43_AlH3,2,MB16-43_SiH4,0.513921553
MB16-43_26,-2,MB16-43_26,-8,MB16-43_H2,2,MB16-43_BH3,2,MB16-43_CH4,2,MB16-43_O2,2,MB16-43_MgH2,2,MB16-43_AlH3,2,MB16-43_SiH4,1,MB16-43_P2,0.595478312
MB16-43_27,-2,MB16-43_27,-12,MB16-43_H2,2,MB16-43_BH3,6,MB16-43_CH4,2,MB16-43_N2,1,MB16-43_O2,2,MB16-43_AlH3,1,MB16-43_S2,1,MB16-43_Cl2,0.183211077
MB16-43_28,-2,MB16-43_28,4,MB16-43_BH3,2,MB16-43_N2,1,MB16-43_O2,1,MB16-43_F2,2,MB16-43_AlH3,0.518114163
MB16-43_29,-2,MB16-43_29,-9,MB16-43_H2,2,MB16-43_LiH,4,MB16-43_BH3,2,MB16-43_CH4,1,MB16-43_N2,3,MB16-43_F2,2,MB16-43_SiH4,1,MB16-43_S2,1.107718296
MB16-43_30,-2,MB16-43_30,-12,MB16-43_H2,4,MB16-43_LiH,2,MB16-43_BH3,2,MB16-43_CH4,5,MB16-43_F2,2,MB16-43_AlH3,2,MB16-43_SiH4,1,MB16-43_S2,2.05691998
MB16-43_31,-2,MB16-43_31,-8,MB16-43_H2,4,MB16-43_BH3,2,MB16-43_CH4,1,MB16-43_O2,1,MB16-43_F2,2,MB16-43_AlH3,4,MB16-43_P2,1,MB16-43_Cl2,0.852418531
MB16-43_32,-2,MB16-43_32,-11,MB16-43_H2,2,MB16-43_LiH,6,MB16-43_BH3,1,MB16-43_N2,2,MB16-43_F2,2,MB16-43_AlH3,2,MB16-43_SiH4,1,MB16-43_S2,1.092544967
MB16-43_33,-2,MB16-43_33,-6,MB16-43_H2,4,MB16-43_BH3,2,MB16-43_CH4,2,MB16-43_N2,1,MB16-43_F2,2,MB16-43_AlH3,2,MB16-43_S2,0.498307594
MB16-43_34,-2,MB16-43_34,-10,MB16-43_H2,2,MB16-43_BH3,2,MB16-43_CH4,1,MB16-43_N2,2,MB16-43_O2,1,MB16-43_F2,2,MB16-43_MgH2,2,MB16-43_AlH3,2,MB16-43_SiH4,1,MB16-43_P2,0.857779251
MB16-43_35,-2,MB16-43_35,-20,MB16-43_H2,2,MB16-43_LiH,4,MB16-43_BH3,4,MB16-43_CH4,1,MB16-43_O2,4,MB16-43_AlH3,2,MB16-43_SiH4,1,MB16-43_P2,1,MB16-43_Cl2,0.363619964
MB16-43_36,-2,MB16-43_36,3,MB16-43_H2,2,MB16-43_LiH,2,MB16-43_CH4,1,MB16-43_N2,2,MB16-43_O2,1,MB16-43_F2,1,MB16-43_P2,1,MB16-43_Cl2,0.88102322
MB16-43_37,-2,MB16-43_37,-19,MB16-43_H2,8,MB16-43_BH3,2,MB16-43_CH4,2,MB16-43_O2,1,MB16-43_F2,2,MB16-43_AlH3,2,MB16-43_SiH4,2,MB16-43_S2,1.003625765
MB16-43_38,-2,MB16-43_38,-12,MB16-43_H2,2,MB16-43_BH3,2,MB16-43_CH4,2,MB16-43_N2,1,MB16-43_F2,2,MB16-43_AlH3,4,MB16-43_SiH4,1,MB16-43_P2,1,MB16-43_S2,0.156482696
MB16-43_39,-2,MB16-43_39,-5,MB16-43_H2,2,MB16-43_LiH,2,MB16-43_BH3,4,MB16-43_CH4,2,MB16-43_F2,2,MB16-43_NaH,1,MB16-43_Cl2,0.695455205
MB16-43_40,-2,MB16-43_40,-26,MB16-43_H2,6,MB16-43_BH3,6,MB16-43_CH4,1,MB16-43_N2,2,MB16-43_AlH3,4,MB16-43_SiH4,-0.578446843
MB16-43_41,-2,MB16-43_41,-16,MB16-43_H2,4,MB16-43_BH3,6,MB16-43_CH4,1,MB16-43_F2,2,MB16-43_NaH,2,MB16-43_AlH3,2,MB16-43_S2,0.255440002
MB16-43_42,-2,MB16-43_42,-11,MB16-43_H2,4,MB16-43_BH3,2,MB16-43_CH4,1,MB16-43_N2,2,MB16-43_O2,2,MB16-43_F2,4,MB16-43_AlH3,1,MB16-43_P2,1.20260554
MB16-43_43,-2,MB16-43_43,-7,MB16-43_H2,2,MB16-43_BH3,3,MB16-43_N2,1,MB16-43_O2,1,MB16-43_F2,2,MB16-43_AlH3,4,MB16-43_SiH4,0.672449798
MCONF_1,-1,MCONF_1,1,MCONF_2,0.000621505
MCONF_2,-1,MCONF_1,1,MCONF_3,0.002772869
MCONF_3,-1,MCONF_1,1,MCONF_4,0.001848579
MCONF_4,-1,MCONF_1,1,MCONF_5,0.003505926
MCONF_5,-1,MCONF_1,1,MCONF_6,0.003505926
MCONF_6,-1,MCONF_1,1,MCONF_7,0.004270855
MCONF_7,-1,MCONF_1,1,MCONF_8,0.00465332
MCONF_8,-1,MCONF_1,1,MCONF_9,0.003553734
MCONF_9,-1,MCONF_1,1,MCONF_10,0.004525832
MCONF_10,-1,MCONF_1,1,MCONF_11,0.006756875
MCONF_11,-1,MCONF_1,1,MCONF_12,0.007091532
MCONF_12,-1,MCONF_1,1,MCONF_13,0.00573697
MCONF_13,-1,MCONF_1,1,MCONF_14,0.003585606
MCONF_14,-1,MCONF_1,1,MCONF_15,0.005960074
MCONF_15,-1,MCONF_1,1,MCONF_16,0.007968013
MCONF_16,-1,MCONF_1,1,MCONF_17,0.008143309
MCONF_17,-1,MCONF_1,1,MCONF_18,0.005067656
MCONF_18,-1,MCONF_1,1,MCONF_19,0.006103498
MCONF_19,-1,MCONF_1,1,MCONF_20,0.00605569
MCONF_20,-1,MCONF_1,1,MCONF_21,0.004956104
MCONF_21,-1,MCONF_1,1,MCONF_22,0.008398286
MCONF_22,-1,MCONF_1,1,MCONF_23,0.00846203
MCONF_23,-1,MCONF_1,1,MCONF_24,0.007171212
MCONF_24,-1,MCONF_1,1,MCONF_25,0.00613537
MCONF_25,-1,MCONF_1,1,MCONF_26,0.007250892
MCONF_26,-1,MCONF_1,1,MCONF_27,0.007585549
MCONF_27,-1,MCONF_1,1,MCONF_28,0.006964044
MCONF_28,-1,MCONF_1,1,MCONF_29,0.008398286
MCONF_29,-1,MCONF_1,1,MCONF_30,0.009035727
MCONF_30,-1,MCONF_1,1,MCONF_31,0.007744909
MCONF_31,-1,MCONF_1,1,MCONF_32,0.00994408
MCONF_32,-1,MCONF_1,1,MCONF_33,0.009975953
MCONF_33,-1,MCONF_1,1,MCONF_34,0.009322575
MCONF_34,-1,MCONF_1,1,MCONF_35,0.008557646
MCONF_35,-1,MCONF_1,1,MCONF_36,0.008812623
MCONF_36,-1,MCONF_1,1,MCONF_37,0.011999828
MCONF_37,-1,MCONF_1,1,MCONF_38,0.009370384
MCONF_38,-1,MCONF_1,1,MCONF_39,0.008892303
MCONF_39,-1,MCONF_1,1,MCONF_40,0.011123346
MCONF_40,-1,MCONF_1,1,MCONF_41,0.011266771
MCONF_41,-1,MCONF_1,1,MCONF_42,0.010183121
MCONF_42,-1,MCONF_1,1,MCONF_43,0.011665171
MCONF_43,-1,MCONF_1,1,MCONF_44,0.011776724
MCONF_44,-1,MCONF_1,1,MCONF_45,0.009848464
MCONF_45,-1,MCONF_1,1,MCONF_46,0.012461973
MCONF_46,-1,MCONF_1,1,MCONF_47,0.012573525
MCONF_47,-1,MCONF_1,1,MCONF_48,0.010740882
MCONF_48,-1,MCONF_1,1,MCONF_49,0.013051606
MCONF_49,-1,MCONF_1,1,MCONF_50,0.013067542
MCONF_50,-1,MCONF_1,1,MCONF_51,0.011601427
MCONF_51,-1,MCONF_1,1,MCONF_52,0.013944023
NBPRC_1,1,NBPRC_BH3PH3,-1,NBPRC_BH3,-1,NBPRC_PH3,-0.040158787
NBPRC_2,1,NBPRC_K_H,-1,NBPRC_BH3PH3,-1,NBPRC_H2,0.064381547
NBPRC_3,1,NBPRC_BF3PMe3,-1,NBPRC_BF3,-1,NBPRC_PMe3,-0.02422276
NBPRC_4,1,NBPRC_K_F,-1,NBPRC_BF3PMe3,-1,NBPRC_H2,0.029481649
NBPRC_5,1,NBPRC_BCl3PMe3,-1,NBPRC_BCl3,-1,NBPRC_PMe3,-0.049720402
NBPRC_6,1,NBPRC_K_Cl,-1,NBPRC_BCl3PMe3,-1,NBPRC_H2,0.028047406
PA26_1,1,PA26_p2,-1,PA26_p2p,0.266450362
PA26_2,1,PA26_p4,-1,PA26_p4p,0.30740595
PA26_3,1,PA26_p6,-1,PA26_p6p,0.333381673
PA26_4,1,PA26_p8,-1,PA26_p8p,0.349317699
PA26_5,1,PA26_nh3,-1,PA26_nh3p,0.3376844
PA26_6,1,PA26_h2o,-1,PA26_h2op,0.273143493
PA26_7,1,PA26_c2h2,-1,PA26_c2h2p,0.250833056
PA26_8,1,PA26_sih4,-1,PA26_sih4p,0.250036254
PA26_9,1,PA26_ph3,-1,PA26_ph3p,0.307246589
PA26_10,1,PA26_h2s,-1,PA26_h2sp,0.27776494
PA26_11,1,PA26_hcl,-1,PA26_hclp,0.219598444
PA26_12,1,PA26_h2,-1,PA26_h2p,0.169240601
PA26_13,1,PA26_c2f6,-1,PA26_c2f6p,0.192507199
PA26_14,1,PA26_ethanol,-1,PA26_ethanolp,0.305812347
PA26_15,1,PA26_ch3cooh,-1,PA26_ch3coohp,0.304218744
PA26_16,1,PA26_gly,-1,PA26_glyp,0.347724096
PA26_17,1,PA26_phenol,-1,PA26_phenolp,0.319357969
PA26_18,1,PA26_ass,-1,PA26_assp,0.334975275
PA26_19,1,PA26_ch2s,-1,PA26_ch2sp,0.300075377
PA26_20,1,PA26_si2h6,-1,PA26_si2h6p,0.28987632
PA26_21,1,PA26_cys,-1,PA26_cysp,0.352664265
PA26_22,1,PA26_phosphapyrrol,-1,PA26_phosphapyrrolp,0.34995514
PA26_23,1,PA26_A,-1,PA26_Ap,0.30740595
PA26_24,1,PA26_T,-1,PA26_Tp,0.335772077
PA26_25,1,PA26_G,-1,PA26_Gp,0.376090223
PA26_26,1,PA26_C,-1,PA26_Cp,0.374655981
PArel_1,-1,PArel_A0,1,PArel_A1,0.0025657
PArel_2,-1,PArel_A0,1,PArel_A2,0.013545622
PArel_3,-1,PArel_T1,1,PArel_T0,0.004685192
PArel_4,-1,PArel_T1,1,PArel_T2,0.009912208
PArel_5,-1,PArel_T1,1,PArel_T3,0.011458003
PArel_6,-1,PArel_arg2,1,PArel_arg0,0.003792774
PArel_7,-1,PArel_his1,1,PArel_his2,0.001896387
PArel_8,-1,PArel_his1,1,PArel_his0,0.001258946
PArel_9,-1,PArel_his1,1,PArel_his3,0.011234899
PArel_10,-1,PArel_sugar0,1,PArel_sugar2,0.004748936
PArel_11,-1,PArel_sugar0,1,PArel_sugar4,0.005434185
PArel_12,-1,PArel_sugar0,1,PArel_sugar3,0.005115464
PArel_13,-1,PArel_aminocoohbz2,1,PArel_aminocoohbz1,0.000956162
PArel_14,-1,PArel_aminocoohbz2,1,PArel_aminocoohbz3,0.011489875
PArel_15,-1,PArel_h4p2o71,1,PArel_h4p2o72,0.003760902
PArel_16,-1,PArel_h2s2o71,1,PArel_h2s2o72,0.028493615
PArel_17,-1,PArel_s4o42,1,PArel_s4o41,0.01784835
PArel_18,-1,PArel_c2h2f41,1,PArel_c2h2f42,0.002023875
PArel_19,-1,PArel_c2cl43,1,PArel_c2cl42,0.003936199
PArel_20,-1,PArel_c2cl43,1,PArel_c2cl41,0.003426246
PCONF21_1,-1,PCONF21_99,1,PCONF21_444,3.19E-05
PCONF21_2,-1,PCONF21_99,1,PCONF21_357,0.001609539
PCONF21_3,-1,PCONF21_99,1,PCONF21_366,0.001115522
PCONF21_4,-1,PCONF21_99,1,PCONF21_215,0.001354562
PCONF21_5,-1,PCONF21_99,1,PCONF21_300,0.00124301
PCONF21_6,-1,PCONF21_99,1,PCONF21_114,0.003059717
PCONF21_7,-1,PCONF21_99,1,PCONF21_412,0.003474054
PCONF21_8,-1,PCONF21_99,1,PCONF21_691,0.0025657
PCONF21_9,-1,PCONF21_99,1,PCONF21_470,0.003011909
PCONF21_10,-1,PCONF21_99,1,PCONF21_224,0.003298757
PCONF21_11,-1,PCONF21_GLY_ab,1,PCONF21_GLY_aR,0.001705155
PCONF21_12,-1,PCONF21_GLY_ab,1,PCONF21_GLY_pII,0.001960131
PCONF21_13,-1,PCONF21_GLY_ab,1,PCONF21_GLY_aL,0.00388839
PCONF21_14,-1,PCONF21_GLY_ab,1,PCONF21_GLY_b,0.00341031
PCONF21_15,-1,PCONF21_SER_ab,1,PCONF21_SER_aR,0.002342596
PCONF21_16,-1,PCONF21_SER_ab,1,PCONF21_SER_pII,0.004462087
PCONF21_17,-1,PCONF21_SER_ab,1,PCONF21_SER_aL,0.003617478
PCONF21_18,-1,PCONF21_SER_ab,1,PCONF21_SER_b,0.004366471
PNICO23_1,-1,PNICO23_1,1,PNICO23_1a,1,PNICO23_1b,0.002278852
PNICO23_2,-1,PNICO23_2,1,PNICO23_2a,1,PNICO23_2b,0.012780693
PNICO23_3,-1,PNICO23_3,1,PNICO23_3a,1,PNICO23_3b,0.001019906
PNICO23_4,-1,PNICO23_4,1,PNICO23_4a,1,PNICO23_4b,0.006788747
PNICO23_5,-1,PNICO23_5,1,PNICO23_5a,1,PNICO23_5b,0.004557704
PNICO23_6,-1,PNICO23_6,1,PNICO23_6a,1,PNICO23_6b,0.002103555
PNICO23_7,-1,PNICO23_7,1,PNICO23_7a,1,PNICO23_7b,0.006836555
PNICO23_8,-1,PNICO23_8,1,PNICO23_8a,1,PNICO23_8b,0.004191175
PNICO23_9,-1,PNICO23_9,1,PNICO23_9a,1,PNICO23_9b,0.007824589
PNICO23_10,-1,PNICO23_10,1,PNICO23_10a,1,PNICO23_10b,0.003521862
PNICO23_11,-1,PNICO23_11,1,PNICO23_11a,1,PNICO23_11b,0.002231044
PNICO23_12,-1,PNICO23_12,1,PNICO23_12a,1,PNICO23_12b,0.004175239
PNICO23_13,-1,PNICO23_13,1,PNICO23_13a,1,PNICO23_13b,0.006342539
PNICO23_14,-1,PNICO23_14,1,PNICO23_14a,1,PNICO23_14b,0.006533771
PNICO23_15,-1,PNICO23_15,1,PNICO23_15a,1,PNICO23_15b,0.006916235
PNICO23_16,-1,PNICO23_16,1,PNICO23_16a,1,PNICO23_16b,0.002836613
PNICO23_17,-1,PNICO23_17,1,PNICO23_17a,1,PNICO23_17b,0.011314579
PNICO23_18,-1,PNICO23_18,1,PNICO23_18a,1,PNICO23_18b,0.003744966
PNICO23_19,-1,PNICO23_19,1,PNICO23_19a,1,PNICO23_19b,0.009481936
PNICO23_20,-1,PNICO23_20,1,PNICO23_20a,1,PNICO23_20b,0.01303567
PNICO23_21,-1,PNICO23_21,1,PNICO23_21a,1,PNICO23_21b,0.007840525
PNICO23_22,-1,PNICO23_22,1,PNICO23_22a,1,PNICO23_22b,0.012796629
PNICO23_23,-1,PNICO23_23,1,PNICO23_23a,1,PNICO23_23b,0.017481821
PX13_1,-1,PX13_nh3_2,1,PX13_nh3_2_ts,0.094500637
PX13_2,-1,PX13_nh3_3,1,PX13_nh3_3_ts,0.074739964
PX13_3,-1,PX13_nh3_4,1,PX13_nh3_4_ts,0.077130368
PX13_4,-1,PX13_h2o_2,1,PX13_h2o_2_ts,0.077449088
PX13_5,-1,PX13_h2o_3,1,PX13_h2o_3_ts,0.047489359
PX13_6,-1,PX13_h2o_4,1,PX13_h2o_4_ts,0.04238983
PX13_7,-1,PX13_h2o_5,1,PX13_h2o_5_ts,0.04796744
PX13_8,-1,PX13_h2o_6,1,PX13_h2o_6_ts,0.055935453
PX13_9,-1,PX13_hf_2,1,PX13_hf_2_ts,0.067409392
PX13_10,-1,PX13_hf_3,1,PX13_hf_3_ts,0.032987575
PX13_11,-1,PX13_hf_4,1,PX13_hf_4_ts,0.023425959
PX13_12,-1,PX13_hf_5,1,PX13_hf_5_ts,0.023266599
PX13_13,-1,PX13_hf_6,1,PX13_hf_6_ts,0.026453804
RC21_1,-1,RC21_1e,1,RC21_1p1,1,RC21_me,0.03733811
RC21_2,-1,RC21_1e,1,RC21_1p2,1,RC21_1p3,0.042485446
RC21_3,-1,RC21_2e,1,RC21_2p1,1,RC21_me,0.039425729
RC21_4,-1,RC21_2e,1,RC21_2p2,1,RC21_2p3,0.094723741
RC21_5,-1,RC21_3e,1,RC21_3p1,1,RC21_3p2,0.092317401
RC21_6,-1,RC21_3e,1,RC21_3int1,0.058262113
RC21_7,-1,RC21_3e,1,RC21_3int2,0.028541423
RC21_8,-1,RC21_3e,1,RC21_3int3,0.026772524
RC21_9,-1,RC21_3e,1,RC21_3p2,1,RC21_3p3,0.079441092
RC21_10,-1,RC21_4e,1,RC21_4p,1,RC21_me,0.071967095
RC21_11,-1,RC21_5e,1,RC21_5p,1,RC21_me,0.035441723
RC21_12,-1,RC21_6e,1,RC21_6int,-0.01070901
RC21_13,-1,RC21_6e,1,RC21_6p1,1,RC21_ethylene,0.033800312
RC21_14,-1,RC21_6e,1,RC21_6p3,1,RC21_me,0.035107066
RC21_15,-1,RC21_6e,1,RC21_1p2,1,RC21_pr,0.044812106
RC21_16,-1,RC21_7e,1,RC21_7p1,1,RC21_7p2,-0.00116333
RC21_17,-1,RC21_7e,1,RC21_7p3,1,RC21_7p4,0.08073191
RC21_18,-1,RC21_7e,1,RC21_7p5,1,RC21_7p6,0.048413648
RC21_19,-1,RC21_8e,1,RC21_8p1,1,RC21_ethylene,0.079249859
RC21_20,-1,RC21_9e,1,RC21_9p1,1,RC21_9p2,0.052286103
RC21_21,-1,RC21_10e,1,RC21_10p1,1,RC21_10p2,0.20168635
RG18_1,-1,RG18_ne2,2,RG18_ne,0.000127488
RG18_2,-1,RG18_ar2,2,RG18_ar,0.000430273
RG18_3,-1,RG18_kr2,2,RG18_kr,0.000637441
RG18_4,-1,RG18_ne3,3,RG18_ne,0.000430273
RG18_5,-1,RG18_ar3,3,RG18_ar,0.001227074
RG18_6,-1,RG18_kr3,3,RG18_kr,0.001880451
RG18_7,-1,RG18_ne4,4,RG18_ne,0.000860545
RG18_8,-1,RG18_ar4,4,RG18_ar,0.00240634
RG18_9,-1,RG18_ne6,6,RG18_ne,0.001800771
RG18_10,-1,RG18_hfNe,1,RG18_ne,1,RG18_hf,0.000366529
RG18_11,-1,RG18_hfAr,1,RG18_ar,1,RG18_hf,0.000940226
RG18_12,-1,RG18_hfKr,1,RG18_kr,1,RG18_hf,0.001147394
RG18_13,-1,RG18_c2h2Ne,1,RG18_ne,1,RG18_c2h2,0.000191232
RG18_14,-1,RG18_c2h2Ar,1,RG18_ar,1,RG18_c2h2,0.000525889
RG18_15,-1,RG18_c2h6Ne,1,RG18_ne,1,RG18_c2h6,0.000382465
RG18_16,-1,RG18_c2h6Ar,1,RG18_ar,1,RG18_c2h6,0.000860545
RG18_17,-1,RG18_bzNe,1,RG18_ne,1,RG18_bz,0.000637441
RG18_18,-1,RG18_bzAr,1,RG18_ar,1,RG18_bz,0.001784835
RSE43_1,-1,RSE43_E2,-1,RSE43_P1,1,RSE43_E1,1,RSE43_P2,-0.02438212
RSE43_2,-1,RSE43_E3,-1,RSE43_P1,1,RSE43_E1,1,RSE43_P3,0.003187205
RSE43_3,-1,RSE43_E4,-1,RSE43_P1,1,RSE43_E1,1,RSE43_P4,0.010995858
RSE43_4,-1,RSE43_E5,-1,RSE43_P1,1,RSE43_E1,1,RSE43_P5,-0.001115522
RSE43_5,-1,RSE43_E6,-1,RSE43_P1,1,RSE43_E1,1,RSE43_P6,0.00015936
RSE43_6,-1,RSE43_E7,-1,RSE43_P1,1,RSE43_E1,1,RSE43_P7,0.002231044
RSE43_7,-1,RSE43_E8,-1,RSE43_P1,1,RSE43_E1,1,RSE43_P8,-0.004780808
RSE43_8,-1,RSE43_E9,-1,RSE43_P1,1,RSE43_E1,1,RSE43_P9,-0.002390404
RSE43_9,-1,RSE43_E10,-1,RSE43_P1,1,RSE43_E1,1,RSE43_P10,-0.003187205
RSE43_10,-1,RSE43_E11,-1,RSE43_P1,1,RSE43_E1,1,RSE43_P11,-0.028206767
RSE43_11,-1,RSE43_E12,-1,RSE43_P1,1,RSE43_E1,1,RSE43_P12,-0.016095387
RSE43_12,-1,RSE43_E13,-1,RSE43_P1,1,RSE43_E1,1,RSE43_P13,-0.013386262
RSE43_13,-1,RSE43_E15,-1,RSE43_P1,1,RSE43_E1,1,RSE43_P15,-0.010199057
RSE43_14,-1,RSE43_E16,-1,RSE43_P1,1,RSE43_E1,1,RSE43_P16,-0.010358417
RSE43_15,-1,RSE43_E17,-1,RSE43_P1,1,RSE43_E1,1,RSE43_P17,-0.010517777
RSE43_16,-1,RSE43_E18,-1,RSE43_P1,1,RSE43_E1,1,RSE43_P18,-0.010358417
RSE43_17,-1,RSE43_E19,-1,RSE43_P1,1,RSE43_E1,1,RSE43_P19,-0.004940168
RSE43_18,-1,RSE43_E20,-1,RSE43_P1,1,RSE43_E1,1,RSE43_P20,-0.00605569
RSE43_19,-1,RSE43_E21,-1,RSE43_P1,1,RSE43_E1,1,RSE43_P21,-0.019920033
RSE43_20,-1,RSE43_E22,-1,RSE43_P1,1,RSE43_E1,1,RSE43_P22,0.007489932
RSE43_21,-1,RSE43_E23,-1,RSE43_P1,1,RSE43_E1,1,RSE43_P23,-0.020876195
RSE43_22,-1,RSE43_E24,-1,RSE43_P1,1,RSE43_E1,1,RSE43_P24,-0.01784835
RSE43_23,-1,RSE43_E25,-1,RSE43_P1,1,RSE43_E1,1,RSE43_P25,-0.014183064
RSE43_24,-1,RSE43_E26,-1,RSE43_P1,1,RSE43_E1,1,RSE43_P26,-0.021194915
RSE43_25,-1,RSE43_E27,-1,RSE43_P1,1,RSE43_E1,1,RSE43_P27,-0.005577609
RSE43_26,-1,RSE43_E28,-1,RSE43_P1,1,RSE43_E1,1,RSE43_P28,-0.00605569
RSE43_27,-1,RSE43_E29,-1,RSE43_P1,1,RSE43_E1,1,RSE43_P29,-0.004621448
RSE43_28,-1,RSE43_E30,-1,RSE43_P1,1,RSE43_E1,1,RSE43_P30,-0.009561616
RSE43_29,-1,RSE43_E31,-1,RSE43_P1,1,RSE43_E1,1,RSE43_P31,-0.010199057
RSE43_30,-1,RSE43_E32,-1,RSE43_P1,1,RSE43_E1,1,RSE43_P32,-0.006852491
RSE43_31,-1,RSE43_E33,-1,RSE43_P1,1,RSE43_E1,1,RSE43_P33,0.000956162
RSE43_32,-1,RSE43_E34,-1,RSE43_P1,1,RSE43_E1,1,RSE43_P34,-0.01832643
RSE43_33,-1,RSE43_E35,-1,RSE43_P1,1,RSE43_E1,1,RSE43_P35,-0.014501784
RSE43_34,-1,RSE43_E36,-1,RSE43_P1,1,RSE43_E1,1,RSE43_P36,0.003824646
RSE43_35,-1,RSE43_E37,-1,RSE43_P1,1,RSE43_E1,1,RSE43_P37,-0.016095387
RSE43_36,-1,RSE43_E38,-1,RSE43_P1,1,RSE43_E1,1,RSE43_P38,-0.000637441
RSE43_37,-1,RSE43_E39,-1,RSE43_P1,1,RSE43_E1,1,RSE43_P39,-0.005577609
RSE43_38,-1,RSE43_E40,-1,RSE43_P1,1,RSE43_E1,1,RSE43_P40,-0.036812221
RSE43_39,-1,RSE43_E41,-1,RSE43_P1,1,RSE43_E1,1,RSE43_P41,-0.039999426
RSE43_40,-1,RSE43_E42,-1,RSE43_P1,1,RSE43_E1,1,RSE43_P42,-0.04207111
RSE43_41,-1,RSE43_E43,-1,RSE43_P1,1,RSE43_E1,1,RSE43_P43,-0.020876195
RSE43_42,-1,RSE43_E44,-1,RSE43_P1,1,RSE43_E1,1,RSE43_P44,-0.010677138
RSE43_43,-1,RSE43_E45,-1,RSE43_P1,1,RSE43_E1,1,RSE43_P45,-0.003665286
S22_1,-1,S22_01,2,S22_01a,0.004992757
S22_2,-1,S22_02,2,S22_02a,0.007950484
S22_3,-1,S22_03,2,S22_03a,0.02988483
S22_4,-1,S22_04,2,S22_04a,0.025596446
S22_5,-1,S22_05,2,S22_05a,0.032893552
S22_6,-1,S22_06,1,S22_06a,1,S22_06b,0.026986067
S22_7,-1,S22_07,1,S22_07a,1,S22_07b,0.02654942
S22_8,-1,S22_08,2,S22_08a,0.000839829
S22_9,-1,S22_09,2,S22_09a,0.002345783
S22_10,-1,S22_10,1,S22_10a,1,S22_10b,0.002307537
S22_11,-1,S22_11,2,S22_11a,0.004229421
S22_12,-1,S22_12,2,S22_12a,0.006780779
S22_13,-1,S22_13,2,S22_13a,0.015625274
S22_14,-1,S22_14,1,S22_14a,1,S22_14b,0.007209458
S22_15,-1,S22_15,1,S22_15a,1,S22_15b,0.018692959
S22_16,-1,S22_16,1,S22_16a,1,S22_16b,0.00238403
S22_17,-1,S22_17,1,S22_17a,1,S22_17b,0.005219049
S22_18,-1,S22_18,1,S22_18a,1,S22_18b,0.003684409
S22_19,-1,S22_19,1,S22_19a,1,S22_19b,0.00723655
S22_20,-1,S22_20,1,S22_20a,1,S22_20b,0.004329818
S22_21,-1,S22_21,1,S22_21a,1,S22_21b,0.008967202
S22_22,-1,S22_22,1,S22_22a,1,S22_22b,0.011309798
S66_1,1,S66_01A,1,S66_01B,-1,S66_01,0.007840525
S66_2,1,S66_02A,1,S66_02B,-1,S66_02,0.008908239
S66_3,1,S66_03A,1,S66_03B,-1,S66_03,0.011011794
S66_4,1,S66_04A,1,S66_04B,-1,S66_04,0.012908181
S66_5,1,S66_05A,1,S66_05B,-1,S66_05,0.009179151
S66_6,1,S66_06A,1,S66_06B,-1,S66_06,0.0120317
S66_7,1,S66_07A,1,S66_07B,-1,S66_07,0.01311535
S66_8,1,S66_08A,1,S66_08B,-1,S66_08,0.007983949
S66_9,1,S66_09A,1,S66_09B,-1,S66_09,0.004876424
S66_10,1,S66_10A,1,S66_10B,-1,S66_10,0.006629387
S66_11,1,S66_11A,1,S66_11B,-1,S66_11,0.008637326
S66_12,1,S66_12A,1,S66_12B,-1,S66_12,0.011585491
S66_13,1,S66_13A,1,S66_13B,-1,S66_13,0.0098644
S66_14,1,S66_14A,1,S66_14B,-1,S66_14,0.01187234
S66_15,1,S66_15A,1,S66_15B,-1,S66_15,0.013752791
S66_16,1,S66_16A,1,S66_16B,-1,S66_16,0.008159246
S66_17,1,S66_17A,1,S66_17B,-1,S66_17,0.027378093
S66_18,1,S66_18A,1,S66_18B,-1,S66_18,0.010932114
S66_19,1,S66_19A,1,S66_19B,-1,S66_19,0.011808596
S66_20,1,S66_20A,1,S66_20B,-1,S66_20,0.030421874
S66_21,1,S66_21A,1,S66_21B,-1,S66_21,0.025911979
S66_22,1,S66_22A,1,S66_22B,-1,S66_22,0.031059315
S66_23,1,S66_23A,1,S66_23B,-1,S66_23,0.030581235
S66_24,1,S66_24A,1,S66_24B,-1,S66_24,0.004493959
S66_25,1,S66_25A,1,S66_25B,-1,S66_25,0.00621505
S66_26,1,S66_26A,1,S66_26B,-1,S66_26,0.015665114
S66_27,1,S66_27A,1,S66_27B,-1,S66_27,0.005481993
S66_28,1,S66_28A,1,S66_28B,-1,S66_28,0.009099471
S66_29,1,S66_29A,1,S66_29B,-1,S66_29,0.01086837
S66_30,1,S66_30A,1,S66_30B,-1,S66_30,0.002278852
S66_31,1,S66_31A,1,S66_31B,-1,S66_31,0.005386377
S66_32,1,S66_32A,1,S66_32B,-1,S66_32,0.005960074
S66_33,1,S66_33A,1,S66_33B,-1,S66_33,0.002980037
S66_34,1,S66_34A,1,S66_34B,-1,S66_34,0.006023818
S66_35,1,S66_35A,1,S66_35B,-1,S66_35,0.004159303
S66_36,1,S66_36A,1,S66_36B,-1,S66_36,0.002836613
S66_37,1,S66_37A,1,S66_37B,-1,S66_37,0.003824646
S66_38,1,S66_38A,1,S66_38B,-1,S66_38,0.004780808
S66_39,1,S66_39A,1,S66_39B,-1,S66_39,0.005705097
S66_40,1,S66_40A,1,S66_40B,-1,S66_40,0.004621448
S66_41,1,S66_41A,1,S66_41B,-1,S66_41,0.007728973
S66_42,1,S66_42A,1,S66_42B,-1,S66_42,0.006597515
S66_43,1,S66_43A,1,S66_43B,-1,S66_43,0.005912266
S66_44,1,S66_44A,1,S66_44B,-1,S66_44,0.003203141
S66_45,1,S66_45A,1,S66_45B,-1,S66_45,0.002788805
S66_46,1,S66_46A,1,S66_46B,-1,S66_46,0.006788747
S66_47,1,S66_47A,1,S66_47B,-1,S66_47,0.004589576
S66_48,1,S66_48A,1,S66_48B,-1,S66_48,0.005641353
S66_49,1,S66_49A,1,S66_49B,-1,S66_49,0.005306697
S66_50,1,S66_50A,1,S66_50B,-1,S66_50,0.00457364
S66_51,1,S66_51A,1,S66_51B,-1,S66_51,0.002422276
S66_52,1,S66_52A,1,S66_52B,-1,S66_52,0.007505868
S66_53,1,S66_53A,1,S66_53B,-1,S66_53,0.006948108
S66_54,1,S66_54A,1,S66_54B,-1,S66_54,0.005227017
S66_55,1,S66_55A,1,S66_55B,-1,S66_55,0.006677195
S66_56,1,S66_56A,1,S66_56B,-1,S66_56,0.005147337
S66_57,1,S66_57A,1,S66_57B,-1,S66_57,0.008414222
S66_58,1,S66_58A,1,S66_58B,-1,S66_58,0.006613451
S66_59,1,S66_59A,1,S66_59B,-1,S66_59,0.004541768
S66_60,1,S66_60A,1,S66_60B,-1,S66_60,0.007760845
S66_61,1,S66_61A,1,S66_61B,-1,S66_61,0.004637384
S66_62,1,S66_62A,1,S66_62B,-1,S66_62,0.005625417
S66_63,1,S66_63A,1,S66_63B,-1,S66_63,0.00605569
S66_64,1,S66_64A,1,S66_64B,-1,S66_64,0.004780808
S66_65,1,S66_65A,1,S66_65B,-1,S66_65,0.006358475
S66_66,1,S66_66A,1,S66_66B,-1,S66_66,0.006326602
SCONF_1,-1,SCONF_C1,1,SCONF_C2,0.001370498
SCONF_2,-1,SCONF_C1,1,SCONF_C3,0.003633414
SCONF_3,-1,SCONF_C1,1,SCONF_C4,0.004908296
SCONF_4,-1,SCONF_C1,1,SCONF_C5,0.007330572
SCONF_5,-1,SCONF_C1,1,SCONF_C6,0.007760845
SCONF_6,-1,SCONF_C1,1,SCONF_C7,0.006629387
SCONF_7,-1,SCONF_C1,1,SCONF_C8,0.00697998
SCONF_8,-1,SCONF_C1,1,SCONF_C9,0.0098644
SCONF_9,-1,SCONF_C1,1,SCONF_C10,0.009848464
SCONF_10,-1,SCONF_C1,1,SCONF_C11,0.009003855
SCONF_11,-1,SCONF_C1,1,SCONF_C12,0.008908239
SCONF_12,-1,SCONF_C1,1,SCONF_C13,0.009450064
SCONF_13,-1,SCONF_C1,1,SCONF_C14,0.010055633
SCONF_14,-1,SCONF_C1,1,SCONF_C15,0.009912208
SCONF_15,-1,SCONF_G1,1,SCONF_G2,0.000318721
SCONF_16,-1,SCONF_G1,1,SCONF_G3,0.009816592
SCONF_17,-1,SCONF_G1,1,SCONF_G4,0.008828559
SIE4x4_1,1,SIE4x4_h,-1,SIE4x4_h2+_1_0,0.10262801
SIE4x4_2,1,SIE4x4_h,-1,SIE4x4_h2+_1_25,0.093863196
SIE4x4_3,1,SIE4x4_h,-1,SIE4x4_h2+_1_5,0.077608449
SIE4x4_4,1,SIE4x4_h,-1,SIE4x4_h2+_1_75,0.061034981
SIE4x4_5,1,SIE4x4_he,1,SIE4x4_he+,-1,SIE4x4_he2+_1_0,0.09067599
SIE4x4_6,1,SIE4x4_he,1,SIE4x4_he+,-1,SIE4x4_he2+_1_25,0.074739964
SIE4x4_7,1,SIE4x4_he,1,SIE4x4_he+,-1,SIE4x4_he2+_1_5,0.049879763
SIE4x4_8,1,SIE4x4_he,1,SIE4x4_he+,-1,SIE4x4_he2+_1_75,0.03043781
SIE4x4_9,1,SIE4x4_nh3,1,SIE4x4_nh3+,-1,SIE4x4_nh32+_1_0,0.057210335
SIE4x4_10,1,SIE4x4_nh3,1,SIE4x4_nh3+,-1,SIE4x4_nh32+_1_25,0.041274308
SIE4x4_11,1,SIE4x4_nh3,1,SIE4x4_nh3+,-1,SIE4x4_nh32+_1_5,0.021354275
SIE4x4_12,1,SIE4x4_nh3,1,SIE4x4_nh3+,-1,SIE4x4_nh32+_1_75,0.007808653
SIE4x4_13,1,SIE4x4_h2o,1,SIE4x4_h2o+,-1,SIE4x4_h2o2+_1_0,0.063266025
SIE4x4_14,1,SIE4x4_h2o,1,SIE4x4_h2o+,-1,SIE4x4_h2o2+_1_25,0.046373837
SIE4x4_15,1,SIE4x4_h2o,1,SIE4x4_h2o+,-1,SIE4x4_h2o2+_1_5,0.026931885
SIE4x4_16,1,SIE4x4_h2o,1,SIE4x4_h2o+,-1,SIE4x4_h2o2+_1_75,0.014820505
TAUT15_1,-1,TAUT15_1a,1,TAUT15_1b,0.006852491
TAUT15_2,-1,TAUT15_2a,1,TAUT15_2b,0.010454033
TAUT15_3,-1,TAUT15_3a,1,TAUT15_3b,-0.008669198
TAUT15_4,-1,TAUT15_3a,1,TAUT15_3c,0.008366414
TAUT15_5,-1,TAUT15_3a,1,TAUT15_3d,0.020764642
TAUT15_6,-1,TAUT15_4a,1,TAUT15_4b,0.00148205
TAUT15_7,-1,TAUT15_5a,1,TAUT15_5b,0.001179266
TAUT15_8,-1,TAUT15_5a,1,TAUT15_5c,0.002310724
TAUT15_9,-1,TAUT15_6a,1,TAUT15_6b,-0.000270912
TAUT15_10,-1,TAUT15_6a,1,TAUT15_6c,-0.001386434
TAUT15_11,-1,TAUT15_6a,1,TAUT15_6d,0.004541768
TAUT15_12,-1,TAUT15_7a,1,TAUT15_7b,0.003426246
TAUT15_13,-1,TAUT15_8a,1,TAUT15_8b,0.000876481
TAUT15_14,-1,TAUT15_9a,1,TAUT15_9b,0.001513923
TAUT15_15,-1,TAUT15_10a,1,TAUT15_10b,-0.000717121
UPU23_1,-1,UPU23_2p,1,UPU23_1a,0.007760845
UPU23_2,-1,UPU23_2p,1,UPU23_1b,0.004733
UPU23_3,-1,UPU23_2p,1,UPU23_1c,0.014183064
UPU23_4,-1,UPU23_2p,1,UPU23_1g,0.003537798
UPU23_5,-1,UPU23_2p,1,UPU23_1p,0.003219077
UPU23_6,-1,UPU23_2p,1,UPU23_2a,0.005003912
UPU23_7,-1,UPU23_2p,1,UPU23_5z,0.000908354
UPU23_8,-1,UPU23_2p,1,UPU23_6p,0.005290761
UPU23_9,-1,UPU23_2p,1,UPU23_7a,0.011569555
UPU23_10,-1,UPU23_2p,1,UPU23_aa,0.006310666
UPU23_11,-1,UPU23_2p,1,UPU23_1e,0.017736797
UPU23_12,-1,UPU23_2p,1,UPU23_0a,0.007681165
UPU23_13,-1,UPU23_2p,1,UPU23_1f,0.022963814
UPU23_14,-1,UPU23_2p,1,UPU23_9a,0.008207054
UPU23_15,-1,UPU23_2p,1,UPU23_4b,0.008732942
UPU23_16,-1,UPU23_2p,1,UPU23_3a,0.010900242
UPU23_17,-1,UPU23_2p,1,UPU23_7p,0.00621505
UPU23_18,-1,UPU23_2p,1,UPU23_8d,0.010246865
UPU23_19,-1,UPU23_2p,1,UPU23_3d,0.008637326
UPU23_20,-1,UPU23_2p,1,UPU23_0b,0.010677138
UPU23_21,-1,UPU23_2p,1,UPU23_1m,0.008924175
UPU23_22,-1,UPU23_2p,1,UPU23_2h,0.01660534
UPU23_23,-1,UPU23_2p,1,UPU23_3b,0.00970504
W4-11_1,-1,W4-11_h2,2,W4-11_h,0.174488334
W4-11_2,-1,W4-11_alh3,1,W4-11_al,3,W4-11_h,0.339706681
W4-11_3,-1,W4-11_alh,1,W4-11_al,1,W4-11_h,0.117241346
W4-11_4,-1,W4-11_sih4,1,W4-11_si,4,W4-11_h,0.51783321
W4-11_5,-1,W4-11_bh3,1,W4-11_b,3,W4-11_h,0.448259706
W4-11_6,-1,W4-11_bh,1,W4-11_b,1,W4-11_h,0.135448257
W4-11_7,-1,W4-11_ch2-trip,1,W4-11_c,2,W4-11_h,0.303971736
W4-11_8,-1,W4-11_sih,1,W4-11_si,1,W4-11_h,0.117800701
W4-11_9,-1,W4-11_si2h6,2,W4-11_si,6,W4-11_h,0.853987752
W4-11_10,-1,W4-11_ch3,1,W4-11_c,3,W4-11_h,0.490622445
W4-11_11,-1,W4-11_ch4,1,W4-11_c,4,W4-11_h,0.669982423
W4-11_12,-1,W4-11_b2h6,2,W4-11_b,6,W4-11_h,0.967353456
W4-11_13,-1,W4-11_sih3f,1,W4-11_si,3,W4-11_h,1,W4-11_f,0.609956192
W4-11_14,-1,W4-11_ph3,1,W4-11_p,3,W4-11_h,0.386077331
W4-11_15,-1,W4-11_c2h6,2,W4-11_c,6,W4-11_h,1.136366172
W4-11_16,-1,W4-11_propane,3,W4-11_c,8,W4-11_h,1.606206445
W4-11_17,-1,W4-11_ch2-sing,1,W4-11_c,2,W4-11_h,0.289168761
W4-11_18,-1,W4-11_ch,1,W4-11_c,1,W4-11_h,0.134214808
W4-11_19,-1,W4-11_h2s,2,W4-11_h,1,W4-11_s,0.293084243
W4-11_20,-1,W4-11_hs,1,W4-11_h,1,W4-11_s,0.139808353
W4-11_21,-1,W4-11_c2h5f,2,W4-11_c,5,W4-11_h,1,W4-11_f,1.149787493
W4-11_22,-1,W4-11_ch3nh2,1,W4-11_c,1,W4-11_n,5,W4-11_h,0.927956412
W4-11_23,-1,W4-11_ch3f,1,W4-11_c,1,W4-11_f,3,W4-11_h,0.67402858
W4-11_24,-1,W4-11_propene,3,W4-11_c,6,W4-11_h,1.373012977
W4-11_25,-1,W4-11_nh3,1,W4-11_n,3,W4-11_h,0.474922272
W4-11_26,-1,W4-11_ethanol,2,W4-11_c,1,W4-11_o,6,W4-11_h,1.292795801
W4-11_27,-1,W4-11_ch3nh,1,W4-11_c,1,W4-11_n,4,W4-11_h,0.756370028
W4-11_28,-1,W4-11_c2h4,2,W4-11_c,4,W4-11_h,0.898943282
W4-11_29,-1,W4-11_methanol,1,W4-11_c,1,W4-11_o,4,W4-11_h,0.81831655
W4-11_30,-1,W4-11_hcl,1,W4-11_h,1,W4-11_cl,0.17131069
W4-11_31,-1,W4-11_nh2,1,W4-11_n,2,W4-11_h,0.2909775
W4-11_32,-1,W4-11_nh,1,W4-11_n,1,W4-11_h,0.132422005
W4-11_33,-1,W4-11_ch2nh2,1,W4-11_c,1,W4-11_n,4,W4-11_h,0.768556308
W4-11_34,-1,W4-11_bhf2,1,W4-11_b,1,W4-11_h,2,W4-11_f,0.654927658
W4-11_35,-1,W4-11_h2o,2,W4-11_h,1,W4-11_o,0.371267982
W4-11_36,-1,W4-11_hf,1,W4-11_h,1,W4-11_f,0.225717878
W4-11_37,-1,W4-11_ch2ch,2,W4-11_c,3,W4-11_h,0.71087586
W4-11_38,-1,W4-11_oh,1,W4-11_o,1,W4-11_h,0.170846952
W4-11_39,-1,W4-11_propyne,3,W4-11_c,4,W4-11_h,1.124453992
W4-11_40,-1,W4-11_acetaldehyde,2,W4-11_c,1,W4-11_o,4,W4-11_h,1.080245861
W4-11_41,-1,W4-11_allene,3,W4-11_c,4,W4-11_h,1.12205562
W4-11_42,-1,W4-11_sif4,1,W4-11_si,4,W4-11_f,0.920751734
W4-11_43,-1,W4-11_bf3,1,W4-11_b,3,W4-11_f,0.750543817
W4-11_44,-1,W4-11_c2h3f,2,W4-11_c,1,W4-11_f,3,W4-11_h,0.914555807
W4-11_45,-1,W4-11_oxirane,2,W4-11_c,1,W4-11_o,4,W4-11_h,1.038273555
W4-11_46,-1,W4-11_ch2f2,1,W4-11_c,2,W4-11_f,2,W4-11_h,0.697468881
W4-11_47,-1,W4-11_alf3,1,W4-11_al,3,W4-11_f,0.68679015
W4-11_48,-1,W4-11_bef2,1,W4-11_be,2,W4-11_f,0.492580983
W4-11_49,-1,W4-11_ch2c,2,W4-11_c,2,W4-11_h,0.573591773
W4-11_50,-1,W4-11_n2h4,4,W4-11_h,2,W4-11_n,0.698445759
W4-11_51,-1,W4-11_ch2nh,1,W4-11_c,1,W4-11_n,3,W4-11_h,0.700294338
W4-11_52,-1,W4-11_alf,1,W4-11_al,1,W4-11_f,0.261000241
W4-11_53,-1,W4-11_acetic,2,W4-11_c,2,W4-11_o,4,W4-11_h,1.281283615
W4-11_54,-1,W4-11_c2h2,2,W4-11_c,2,W4-11_h,0.646245711
W4-11_55,-1,W4-11_h2co,2,W4-11_h,1,W4-11_c,1,W4-11_o,0.597055978
W4-11_56,-1,W4-11_h2cn,2,W4-11_h,1,W4-11_c,1,W4-11_n,0.547799314
W4-11_57,-1,W4-11_bf,1,W4-11_b,1,W4-11_f,0.290859573
W4-11_58,-1,W4-11_becl2,1,W4-11_be,2,W4-11_cl,0.358997241
W4-11_59,-1,W4-11_t-hcoh,1,W4-11_c,1,W4-11_o,2,W4-11_h,0.513900199
W4-11_60,-1,W4-11_alcl3,1,W4-11_al,3,W4-11_cl,0.498241459
W4-11_61,-1,W4-11_c-hcoh,1,W4-11_c,1,W4-11_o,2,W4-11_h,0.506203098
W4-11_62,-1,W4-11_alcl,1,W4-11_al,1,W4-11_cl,0.195404369
W4-11_63,-1,W4-11_ketene,2,W4-11_c,1,W4-11_o,2,W4-11_h,0.850126452
W4-11_64,-1,W4-11_sif,1,W4-11_si,1,W4-11_f,0.227423033
W4-11_65,-1,W4-11_formic,1,W4-11_c,2,W4-11_o,2,W4-11_h,0.799827572
W4-11_66,-1,W4-11_hcnh,1,W4-11_c,1,W4-11_n,2,W4-11_h,0.535847295
W4-11_67,-1,W4-11_glyoxal,2,W4-11_c,2,W4-11_o,2,W4-11_h,1.012098631
W4-11_68,-1,W4-11_hcof,1,W4-11_c,1,W4-11_o,1,W4-11_f,1,W4-11_h,0.643405911
W4-11_69,-1,W4-11_nh2cl,1,W4-11_n,1,W4-11_cl,2,W4-11_h,0.395307478
W4-11_70,-1,W4-11_cf4,1,W4-11_c,4,W4-11_f,0.762953201
W4-11_71,-1,W4-11_hccf,2,W4-11_c,1,W4-11_f,1,W4-11_h,0.635006032
W4-11_72,-1,W4-11_hcn,1,W4-11_h,1,W4-11_c,1,W4-11_n,0.499463753
W4-11_73,-1,W4-11_hnc,1,W4-11_h,1,W4-11_c,1,W4-11_n,0.475217089
W4-11_74,-1,W4-11_cch,2,W4-11_c,1,W4-11_h,0.42415806
W4-11_75,-1,W4-11_hco,1,W4-11_h,1,W4-11_c,1,W4-11_o,0.445287637
W4-11_76,-1,W4-11_co,1,W4-11_c,1,W4-11_o,0.413901633
W4-11_77,-1,W4-11_oxirene,2,W4-11_c,1,W4-11_o,2,W4-11_h,0.726797544
W4-11_78,-1,W4-11_f2co,1,W4-11_c,1,W4-11_o,2,W4-11_f,0.670326641
W4-11_79,-1,W4-11_hocn,1,W4-11_c,1,W4-11_o,1,W4-11_n,1,W4-11_h,0.653482261
W4-11_80,-1,W4-11_hooh,2,W4-11_h,2,W4-11_o,0.428820941
W4-11_81,-1,W4-11_t-n2h2,2,W4-11_h,2,W4-11_n,0.472557366
W4-11_82,-1,W4-11_hnco,1,W4-11_c,1,W4-11_o,1,W4-11_n,1,W4-11_h,0.692798032
W4-11_83,-1,W4-11_c-n2h2,2,W4-11_h,2,W4-11_n,0.463953505
W4-11_84,-1,W4-11_cf2,1,W4-11_c,2,W4-11_f,0.412395679
W4-11_85,-1,W4-11_co2,1,W4-11_c,2,W4-11_o,0.621729728
W4-11_86,-1,W4-11_fccf,2,W4-11_c,2,W4-11_f,0.615269263
W4-11_87,-1,W4-11_dioxirane,1,W4-11_c,2,W4-11_o,2,W4-11_h,0.653423298
W4-11_88,-1,W4-11_cf,1,W4-11_c,1,W4-11_f,0.211504536
W4-11_89,-1,W4-11_ssh,2,W4-11_s,1,W4-11_h,0.263148417
W4-11_90,-1,W4-11_hocl,1,W4-11_h,1,W4-11_o,1,W4-11_cl,0.264902974
W4-11_91,-1,W4-11_nccn,2,W4-11_n,2,W4-11_c,0.800047489
W4-11_92,-1,W4-11_n2,2,W4-11_n,0.3641143
W4-11_93,-1,W4-11_n2h,2,W4-11_n,1,W4-11_h,0.358343864
W4-11_94,-1,W4-11_ocs,1,W4-11_o,1,W4-11_c,1,W4-11_s,0.535047306
W4-11_95,-1,W4-11_sio,1,W4-11_si,1,W4-11_o,0.307648177
W4-11_96,-1,W4-11_clcn,1,W4-11_cl,1,W4-11_c,1,W4-11_n,0.454889093
W4-11_97,-1,W4-11_hoo,1,W4-11_h,2,W4-11_o,0.279729852
W4-11_98,-1,W4-11_hcno,1,W4-11_c,1,W4-11_o,1,W4-11_n,1,W4-11_h,0.58161875
W4-11_99,-1,W4-11_honc,1,W4-11_c,1,W4-11_o,1,W4-11_n,1,W4-11_h,0.557998371
W4-11_100,-1,W4-11_hno,1,W4-11_h,1,W4-11_n,1,W4-11_o,0.328106848
W4-11_101,-1,W4-11_hof,1,W4-11_h,1,W4-11_o,1,W4-11_f,0.25282984
W4-11_102,-1,W4-11_c-hono,1,W4-11_h,1,W4-11_n,2,W4-11_o,0.497553023
W4-11_103,-1,W4-11_t-hono,1,W4-11_h,1,W4-11_n,2,W4-11_o,0.498238272
W4-11_104,-1,W4-11_cs2,1,W4-11_c,2,W4-11_s,0.447448562
W4-11_105,-1,W4-11_hnnn,1,W4-11_h,3,W4-11_n,0.528733452
W4-11_106,-1,W4-11_cs,1,W4-11_c,1,W4-11_s,0.27444706
W4-11_107,-1,W4-11_cn,1,W4-11_c,1,W4-11_n,0.288999839
W4-11_108,-1,W4-11_so3,1,W4-11_s,3,W4-11_o,0.552889281
W4-11_109,-1,W4-11_ccl2,1,W4-11_c,2,W4-11_cl,0.282636584
W4-11_110,-1,W4-11_bn3pi,1,W4-11_b,1,W4-11_n,0.168627064
W4-11_111,-1,W4-11_so2,1,W4-11_s,2,W4-11_o,0.415326314
W4-11_112,-1,W4-11_no,1,W4-11_n,1,W4-11_o,0.243414835
W4-11_113,-1,W4-11_so,1,W4-11_s,1,W4-11_o,0.201534958
W4-11_114,-1,W4-11_n2o,2,W4-11_n,1,W4-11_o,0.431625682
W4-11_115,-1,W4-11_c-hooo,1,W4-11_h,3,W4-11_o,0.371451246
W4-11_116,-1,W4-11_s2,2,W4-11_s,0.166134669
W4-11_117,-1,W4-11_p4,4,W4-11_p,0.463065868
W4-11_118,-1,W4-11_cl2,2,W4-11_cl,0.095217758
W4-11_119,-1,W4-11_o2,2,W4-11_o,0.192545446
W4-11_120,-1,W4-11_f2,2,W4-11_f,0.062217434
W4-11_121,-1,W4-11_t-hooo,1,W4-11_h,3,W4-11_o,0.371782715
W4-11_122,-1,W4-11_s2o,2,W4-11_s,1,W4-11_o,0.332713953
W4-11_123,-1,W4-11_p2,2,W4-11_p,0.187396515
W4-11_124,-1,W4-11_clf,1,W4-11_cl,1,W4-11_f,0.100078246
W4-11_125,-1,W4-11_no2,1,W4-11_n,2,W4-11_o,0.363153357
W4-11_126,-1,W4-11_clo,1,W4-11_cl,1,W4-11_o,0.104296512
W4-11_127,-1,W4-11_s3,3,W4-11_s,0.268305315
W4-11_128,-1,W4-11_cl2o,2,W4-11_cl,1,W4-11_o,0.161682143
W4-11_129,-1,W4-11_s4-c2v,4,W4-11_s,0.373457592
W4-11_130,-1,W4-11_of,1,W4-11_o,1,W4-11_f,0.08458046
W4-11_131,-1,W4-11_c2,2,W4-11_c,0.234296241
W4-11_132,-1,W4-11_oclo,2,W4-11_o,1,W4-11_cl,0.20417237
W4-11_133,-1,W4-11_f2o,2,W4-11_f,1,W4-11_o,0.149448056
W4-11_134,-1,W4-11_b2,2,W4-11_b,0.107502841
W4-11_135,-1,W4-11_fo2,1,W4-11_f,2,W4-11_o,0.214691741
W4-11_136,-1,W4-11_cloo,1,W4-11_cl,2,W4-11_o,0.20140747
W4-11_137,-1,W4-11_foof,2,W4-11_f,2,W4-11_o,0.242815641
W4-11_138,-1,W4-11_o3,3,W4-11_o,0.23494165
W4-11_139,-1,W4-11_bn,1,W4-11_b,1,W4-11_n,0.167709148
W4-11_140,-1,W4-11_be2,2,W4-11_be,0.004253325
WATER27_1,-1,WATER27_H2O2,2,WATER27_H2O,0.007983949
WATER27_2,-1,WATER27_H2O3,3,WATER27_H2O,0.025178922
WATER27_3,-1,WATER27_H2O4,4,WATER27_H2O,0.043664712
WATER27_4,-1,WATER27_H2O5,5,WATER27_H2O,0.057210335
WATER27_5,-1,WATER27_H2O6,6,WATER27_H2O,0.073305722
WATER27_6,-1,WATER27_H2O6c,6,WATER27_H2O,0.072987001
WATER27_7,-1,WATER27_H2O6b,6,WATER27_H2O,0.0721902
WATER27_8,-1,WATER27_H2O6c2,6,WATER27_H2O,0.070596597
WATER27_9,-1,WATER27_H2O8d2d,8,WATER27_H2O,0.115695552
WATER27_10,-1,WATER27_H2O8s4,8,WATER27_H2O,0.115695552
WATER27_11,-1,WATER27_H2O20,20,WATER27_H2O,0.316489485
WATER27_12,-1,WATER27_H2O20fc,20,WATER27_H2O,0.331469349
WATER27_13,-1,WATER27_H2O20fs,20,WATER27_H2O,0.331469349
WATER27_14,-1,WATER27_H2O20es,20,WATER27_H2O,0.334178474
WATER27_15,-1,WATER27_H3OpH2O,1,WATER27_H3Op,1,WATER27_H2O,0.053385688
WATER27_16,-1,WATER27_H3OpH2O2,1,WATER27_H3Op,2,WATER27_H2O,0.09067599
WATER27_17,-1,WATER27_H3OpH2O3,1,WATER27_H3Op,3,WATER27_H2O,0.121910602
WATER27_18,-1,WATER27_H3OpH2O63d,1,WATER27_H3Op,6,WATER27_H2O,0.187726391
WATER27_19,-1,WATER27_H3OpH2O62d,1,WATER27_H3Op,6,WATER27_H2O,0.183104944
WATER27_20,-1,WATER27_OHmH2O,1,WATER27_OHm,1,WATER27_H2O,0.04238983
WATER27_21,-1,WATER27_OHmH2O2,1,WATER27_OHm,2,WATER27_H2O,0.077130368
WATER27_22,-1,WATER27_OHmH2O3,1,WATER27_OHm,3,WATER27_H2O,0.107727539
WATER27_23,-1,WATER27_OHmH2O4c4,1,WATER27_OHm,4,WATER27_H2O,0.135137504
WATER27_24,-1,WATER27_OHmH2O4cs,1,WATER27_OHm,4,WATER27_H2O,0.135137504
WATER27_25,-1,WATER27_OHmH2O5,1,WATER27_OHm,5,WATER27_H2O,0.160475786
WATER27_26,-1,WATER27_OHmH2O6,1,WATER27_OHm,6,WATER27_H2O,0.184379826
WATER27_27,1,WATER27_H3OpH2O6OHm,-1,WATER27_H2O8s4,0.045417675
WCPT18_1,-1,WCPT18_reac1,1,WCPT18_ts1,0.058580833
WCPT18_2,-1,WCPT18_reac2,1,WCPT18_ts2,0.057704352
WCPT18_3,-1,WCPT18_reac3,1,WCPT18_ts3,0.097130081
WCPT18_4,-1,WCPT18_reac4,1,WCPT18_ts4,0.075727998
WCPT18_5,-1,WCPT18_reac5,1,WCPT18_ts5,0.104667821
WCPT18_6,-1,WCPT18_reac6,1,WCPT18_ts6,0.129464279
WCPT18_7,-1,WCPT18_reac7,1,WCPT18_ts7,0.050995285
WCPT18_8,-1,WCPT18_reac8,1,WCPT18_ts8,0.046166669
WCPT18_9,-1,WCPT18_reac9,1,WCPT18_ts9,0.093703835
WCPT18_10,-1,WCPT18_reac1,-1,WCPT18_h2o,1,WCPT18_ts1h2o,0.008605454
WCPT18_11,-1,WCPT18_reac2,-1,WCPT18_h2o,1,WCPT18_ts2h2o,0.004270855
WCPT18_12,-1,WCPT18_reac3,-1,WCPT18_h2o,1,WCPT18_ts3h2o,0.045863884
WCPT18_13,-1,WCPT18_reac4,-1,WCPT18_h2o,1,WCPT18_ts4h2o,0.013832471
WCPT18_14,-1,WCPT18_reac5,-1,WCPT18_h2o,1,WCPT18_ts5h2o,0.054007194
WCPT18_15,-1,WCPT18_reac6,-1,WCPT18_h2o,1,WCPT18_ts6h2o,0.095026526
WCPT18_16,-1,WCPT18_reac7,-1,WCPT18_h2o,1,WCPT18_ts7h2o,0.009290703
WCPT18_17,-1,WCPT18_reac8,-1,WCPT18_h2o,1,WCPT18_ts8h2o,0.005641353
WCPT18_18,-1,WCPT18_reac9,-1,WCPT18_h2o,1,WCPT18_ts9h2o,0.05293948
YBDE18_1,-1,YBDE18_f2s-cbh22,1,YBDE18_f2s,1,YBDE18_cbh22,0.091106263
YBDE18_2,-1,YBDE18_f2s-ch2,1,YBDE18_f2s,1,YBDE18_ch2,0.145240945
YBDE18_3,-1,YBDE18_h2s-cbh22,1,YBDE18_h2s,1,YBDE18_cbh22,0.033401911
YBDE18_4,-1,YBDE18_h2s-ch2,1,YBDE18_h2s,1,YBDE18_ch2,0.058007136
YBDE18_5,-1,YBDE18_me2s-cbh22,1,YBDE18_me2s,1,YBDE18_cbh22,0.062134567
YBDE18_6,-1,YBDE18_me2s-ch2,1,YBDE18_me2s,1,YBDE18_ch2,0.082453001
YBDE18_7,-1,YBDE18_nf3-cbh22,1,YBDE18_nf3,1,YBDE18_cbh22,0.019617249
YBDE18_8,-1,YBDE18_nf3-ch2,1,YBDE18_nf3,1,YBDE18_ch2,0.08562427
YBDE18_9,-1,YBDE18_nh3-cbh22,1,YBDE18_nh3,1,YBDE18_cbh22,0.051919574
YBDE18_10,-1,YBDE18_nh3-ch2,1,YBDE18_nh3,1,YBDE18_ch2,0.046007308
YBDE18_11,-1,YBDE18_nme3-cbh22,1,YBDE18_nme3,1,YBDE18_cbh22,0.067106607
YBDE18_12,-1,YBDE18_nme3-ch2,1,YBDE18_nme3,1,YBDE18_ch2,0.068222129
YBDE18_13,-1,YBDE18_pf3-cbh22,1,YBDE18_pf3,1,YBDE18_cbh22,0.083313546
YBDE18_14,-1,YBDE18_pf3-ch2,1,YBDE18_pf3,1,YBDE18_ch2,0.121703434
YBDE18_15,-1,YBDE18_ph3-cbh22,1,YBDE18_ph3,1,YBDE18_cbh22,0.071393398
YBDE18_16,-1,YBDE18_ph3-ch2,1,YBDE18_ph3,1,YBDE18_ch2,0.095791455
YBDE18_17,-1,YBDE18_pme3-cbh22,1,YBDE18_pme3,1,YBDE18_cbh22,0.106118
YBDE18_18,-1,YBDE18_pme3-ch2,1,YBDE18_pme3,1,YBDE18_ch2,0.124301006
